AA11.hmm	191	K7432|K7432_000050-T1	272	4.3e-07	28	147	56	188	0.62303664921466
AA11.hmm	191	K7432|K7432_000093-T1	244	3.8e-36	2	160	23	176	0.827225130890052
AA11.hmm	191	K7432|K7432_000278-T1	225	1.1e-39	1	163	22	182	0.848167539267016
AA11.hmm	191	K7432|K7432_000564-T1	296	2.1e-41	11	166	41	181	0.81151832460733
AA11.hmm	191	K7432|K7432_000567-T1	312	2.6e-41	11	163	41	179	0.795811518324607
AA11.hmm	191	K7432|K7432_000866-T1	190	1.6e-35	15	168	25	161	0.801047120418848
AA11.hmm	191	K7432|K7432_001762-T1	497	8.7e-44	12	163	43	178	0.790575916230366
AA11.hmm	191	K7432|K7432_002229-T1	317	1.9e-44	1	162	22	178	0.842931937172775
AA11.hmm	191	K7432|K7432_002271-T1	295	4.3e-36	12	163	45	179	0.790575916230366
AA11.hmm	191	K7432|K7432_002637-T1	188	8.2e-39	13	181	23	175	0.879581151832461
AA11.hmm	191	K7432|K7432_003260-T1	260	3.4e-36	11	159	39	175	0.774869109947644
AA11.hmm	191	K7432|K7432_003552-T1	153	1.9e-12	27	140	53	152	0.591623036649215
AA11.hmm	191	K7432|K7432_004121-T1	450	4.2e-43	1	163	59	215	0.848167539267016
AA11.hmm	191	K7432|K7432_004433-T1	304	2.1e-40	12	163	21	156	0.790575916230366
AA11.hmm	191	K7432|K7432_005320-T1	299	6.1e-39	1	163	23	177	0.848167539267016
AA11.hmm	191	K7432|K7432_006100-T1	265	1.2e-39	1	163	22	176	0.848167539267016
AA11.hmm	191	K7432|K7432_006555-T1	243	3.7e-08	74	141	170	242	0.350785340314136
AA11.hmm	191	K7432|K7432_007897-T1	227	2.6e-34	24	169	62	193	0.759162303664921
AA11.hmm	191	K7432|K7432_008266-T1	324	4.7e-41	11	166	37	181	0.81151832460733
AA11.hmm	191	K7432|K7432_008555-T1	271	3.9e-08	29	149	53	189	0.628272251308901
AA11.hmm	191	K7432|K7432_008562-T1	290	1.2e-39	1	163	22	176	0.848167539267016
AA11.hmm	191	K7432|K7432_008846-T1	281	4.4e-41	2	163	24	177	0.842931937172775
AA11.hmm	191	K7432|K7432_008874-T1	264	2.9e-37	17	163	2	132	0.764397905759162
AA11.hmm	191	K7432|K7432_009179-T1	291	2.9e-44	12	162	22	156	0.785340314136126
AA11.hmm	191	K7432|K7432_010121-T1	210	8.5e-41	1	163	22	176	0.848167539267016
AA11.hmm	191	K7432|K7432_010152-T1	239	1.4e-07	72	141	164	238	0.361256544502618
AA11.hmm	191	K7432|K7432_010153-T1	374	1e-06	73	150	167	249	0.403141361256544
AA11.hmm	191	K7432|K7432_010312-T1	271	5e-07	29	150	57	190	0.633507853403141
AA11.hmm	191	K7432|K7432_010675-T1	210	1.4e-34	12	182	44	197	0.890052356020942
AA11.hmm	191	K7432|K7432_011247-T1	239	4.4e-07	74	141	166	238	0.350785340314136
AA11.hmm	191	K7432|K7432_011248-T1	241	3.3e-06	72	141	166	240	0.361256544502618
AA11.hmm	191	K7432|K7432_011249-T1	374	1.6e-06	73	157	138	228	0.43979057591623
AA11.hmm	191	K7432|K7432_011316-T1	209	1.3e-42	12	183	43	194	0.895287958115183
AA11.hmm	191	K7432|K7432_012289-T1	225	4.3e-34	16	183	49	207	0.87434554973822
AA11.hmm	191	K7432|K7432_012774-T1	243	3.7e-08	74	141	170	242	0.350785340314136
AA11.hmm	191	K7432|K7432_012966-T1	307	2.9e-39	2	163	24	177	0.842931937172775
AA11.hmm	191	K7432|K7432_013674-T1	302	9.7e-40	11	180	37	188	0.884816753926702
AA11.hmm	191	K7432|K7432_013725-T1	234	1.6e-44	11	163	20	160	0.795811518324607
AA11.hmm	191	K7432|K7432_013732-T1	275	2.4e-37	1	163	23	177	0.848167539267016
AA11.hmm	191	K7432|K7432_013788-T1	303	2.2e-36	12	163	45	179	0.790575916230366
AA11.hmm	191	K7432|K7432_014083-T1	329	2.4e-41	11	163	41	179	0.795811518324607
AA11.hmm	191	K7432|K7432_014202-T1	239	5.1e-07	75	141	167	238	0.345549738219895
AA11.hmm	191	K7432|K7432_014203-T1	264	3.5e-07	73	152	166	250	0.413612565445026
AA11.hmm	191	K7432|K7432_014378-T1	241	3.6e-06	72	141	166	240	0.361256544502618
AA11.hmm	191	K7432|K7432_014470-T1	310	9.5e-47	1	163	22	179	0.848167539267016
AA11.hmm	191	K7432|K7432_015239-T1	272	2.5e-41	11	163	37	179	0.795811518324607
AA11.hmm	191	K7432|K7432_015578-T1	292	1.1e-35	12	163	46	180	0.790575916230366
AA11.hmm	191	K7432|K7432_015590-T1	302	6.3e-41	1	163	33	187	0.848167539267016
AA11.hmm	191	K7432|K7432_015715-T1	231	1.6e-37	28	163	9	130	0.706806282722513
AA11.hmm	191	K7432|K7432_016202-T1	108	1.4e-14	1	89	22	106	0.460732984293194
AA11.hmm	191	K7432|K7432_016300-T1	286	4.4e-40	1	163	19	173	0.848167539267016
AA11.hmm	191	K7432|K7432_016327-T1	223	1.7e-41	1	163	23	179	0.848167539267016
AA11.hmm	191	K7432|K7432_016789-T1	155	6.3e-38	1	139	22	155	0.722513089005236
AA11.hmm	191	K7432|K7432_017764-T1	280	2.6e-36	13	163	24	157	0.785340314136126
AA11.hmm	191	K7432|K7432_018182-T1	213	3.8e-47	1	163	22	179	0.848167539267016
AA11.hmm	191	K7432|K7432_018324-T1	197	1.2e-21	88	165	2	75	0.403141361256544
AA1_1.hmm	303	K7432|K7432_010820-T1	561	4.1e-60	2	275	55	345	0.900990099009901
AA1_2.hmm	337	K7432|K7432_001979-T1	586	9.2e-126	2	335	45	376	0.98813056379822
AA1_2.hmm	337	K7432|K7432_005945-T1	580	2.9e-112	2	335	45	360	0.98813056379822
AA1_2.hmm	337	K7432|K7432_013494-T1	379	2.8e-128	2	335	45	374	0.98813056379822
AA12.hmm	401	K7432|K7432_005174-T1	441	7.3e-84	18	399	32	428	0.950124688279302
AA15.hmm	193	K7432|K7432_005651-T1	148	3.9e-12	56	193	44	145	0.709844559585492
AA15.hmm	193	K7432|K7432_011580-T1	150	3.2e-12	56	193	46	147	0.709844559585492
AA15.hmm	193	K7432|K7432_015185-T1	57	7.8e-09	131	193	9	54	0.321243523316062
AA1.hmm	943	K7432|K7432_002807-T1	571	6.7e-65	450	801	39	417	0.372216330858961
AA1.hmm	943	K7432|K7432_003501-T1	519	4e-70	453	793	2	355	0.360551431601273
AA1.hmm	943	K7432|K7432_008838-T1	561	4.8e-66	451	795	62	424	0.364793213149523
AA2.hmm	255	K7432|K7432_008337-T1	131	1.4e-24	139	253	1	114	0.447058823529412
AA2.hmm	255	K7432|K7432_009984-T1	370	5.3e-61	4	253	102	353	0.976470588235294
AA3_2.hmm	568	K7432|K7432_007648-T1	611	1.5e-102	2	567	32	600	0.994718309859155
AA3_2.hmm	568	K7432|K7432_008162-T1	595	1.9e-102	1	566	25	592	0.994718309859155
AA3_2.hmm	568	K7432|K7432_015337-T1	599	1.1e-104	1	567	23	592	0.996478873239437
AA3_2.hmm	568	K7432|K7432_016877-T1	448	6.4e-76	184	567	49	430	0.674295774647887
AA3.hmm	618	K7432|K7432_005703-T1	516	3.2e-82	87	396	5	508	0.5
AA3.hmm	618	K7432|K7432_007775-T1	721	1.2e-54	87	401	202	713	0.508090614886731
AA4.hmm	522	K7432|K7432_000409-T1	563	8.6e-17	34	202	104	271	0.32183908045977
AA4.hmm	522	K7432|K7432_004341-T1	549	1.5e-16	32	191	97	256	0.304597701149425
AA4.hmm	522	K7432|K7432_010849-T1	541	3.5e-19	18	190	73	249	0.329501915708812
AA4.hmm	522	K7432|K7432_014614-T1	379	2e-17	40	201	110	270	0.308429118773946
AA5_1.hmm	563	K7432|K7432_004787-T1	525	4.4e-162	4	540	24	523	0.952042628774423
AA5_1.hmm	563	K7432|K7432_004923-T1	524	3.4e-163	5	540	23	521	0.950266429840142
AA5_1.hmm	563	K7432|K7432_006935-T1	526	8.7e-162	4	540	22	521	0.952042628774423
AA6.hmm	195	K7432|K7432_000666-T1	102	5.7e-38	1	93	7	101	0.471794871794872
AA6.hmm	195	K7432|K7432_003484-T1	279	6.4e-76	1	195	7	201	0.994871794871795
AA6.hmm	195	K7432|K7432_008310-T1	227	4.6e-65	1	192	22	213	0.979487179487179
AA6.hmm	195	K7432|K7432_009673-T1	283	2.9e-77	1	195	7	201	0.994871794871795
AA6.hmm	195	K7432|K7432_010998-T1	204	5.4e-79	1	194	4	197	0.98974358974359
AA6.hmm	195	K7432|K7432_012642-T1	100	1.7e-36	1	91	8	100	0.461538461538462
AA6.hmm	195	K7432|K7432_017672-T1	76	6.4e-20	1	67	8	76	0.338461538461538
AA6.hmm	195	K7432|K7432_017673-T1	97	2.4e-11	134	193	1	58	0.302564102564103
AA6.hmm	195	K7432|K7432_018007-T1	166	1.6e-63	1	158	8	165	0.805128205128205
AA6.hmm	195	K7432|K7432_018197-T1	120	3.1e-46	1	111	8	120	0.564102564102564
AA6.hmm	195	K7432|K7432_018251-T1	80	1.6e-24	1	72	7	80	0.364102564102564
AA6.hmm	195	K7432|K7432_018252-T1	153	1.2e-55	48	194	1	146	0.748717948717949
AA6.hmm	195	K7432|K7432_018290-T1	104	1.1e-38	1	95	8	104	0.482051282051282
AA6.hmm	195	K7432|K7432_018506-T1	86	2.7e-29	1	78	7	86	0.394871794871795
AA7.hmm	458	K7432|K7432_003327-T1	517	4.5e-99	7	458	70	513	0.98471615720524
AA7.hmm	458	K7432|K7432_003388-T1	452	2.2e-27	5	211	14	215	0.449781659388646
AA7.hmm	458	K7432|K7432_005371-T1	575	3.6e-48	15	194	125	316	0.390829694323144
AA7.hmm	458	K7432|K7432_006660-T1	502	7.5e-78	5	455	67	485	0.982532751091703
AA7.hmm	458	K7432|K7432_007332-T1	502	3.2e-88	5	458	72	499	0.989082969432314
AA7.hmm	458	K7432|K7432_009457-T1	423	2.8e-75	4	220	3	219	0.471615720524017
AA7.hmm	458	K7432|K7432_009517-T1	505	9.1e-75	3	220	70	287	0.473799126637555
AA7.hmm	458	K7432|K7432_012389-T1	511	2.1e-74	6	455	77	494	0.980349344978166
AA7.hmm	458	K7432|K7432_014726-T1	475	7.4e-88	4	215	41	255	0.460698689956332
AA7.hmm	458	K7432|K7432_017294-T1	439	1.6e-96	17	458	2	435	0.962882096069869
AA9.hmm	220	K7432|K7432_006000-T1	493	4.3e-07	67	192	53	183	0.568181818181818
CBM13.hmm	188	K7432|K7432_005373-T1	363	4.7e-13	8	140	67	204	0.702127659574468
CBM13.hmm	188	K7432|K7432_005373-T1	363	7e-08	15	138	229	360	0.654255319148936
CBM13.hmm	188	K7432|K7432_015706-T1	94	1.4e-05	60	131	21	92	0.377659574468085
CBM14.hmm	54	K7432|K7432_002984-T1	190	0.00053	17	50	96	131	0.611111111111111
CBM18.hmm	38	K7432|K7432_000675-T1	466	1.4e-07	2	36	178	210	0.894736842105263
CBM18.hmm	38	K7432|K7432_002528-T1	269	7.1e-08	2	33	25	53	0.815789473684211
CBM18.hmm	38	K7432|K7432_002596-T1	345	4.5e-07	2	38	36	72	0.947368421052632
CBM18.hmm	38	K7432|K7432_003922-T1	144	8.7e-09	2	31	31	57	0.763157894736842
CBM18.hmm	38	K7432|K7432_003923-T1	370	5e-07	7	38	38	69	0.815789473684211
CBM18.hmm	38	K7432|K7432_004397-T1	171	2e-07	6	35	128	158	0.763157894736842
CBM18.hmm	38	K7432|K7432_004675-T1	367	1.7e-13	1	38	23	60	0.973684210526316
CBM18.hmm	38	K7432|K7432_005957-T1	355	6e-09	2	35	67	98	0.868421052631579
CBM18.hmm	38	K7432|K7432_005964-T1	355	2.4e-09	2	36	67	99	0.894736842105263
CBM18.hmm	38	K7432|K7432_006495-T1	437	2.1e-09	1	36	25	58	0.921052631578947
CBM18.hmm	38	K7432|K7432_006495-T1	437	2.8e-08	2	36	150	182	0.894736842105263
CBM18.hmm	38	K7432|K7432_006495-T1	437	5.9e-08	1	37	87	121	0.947368421052632
CBM18.hmm	38	K7432|K7432_006604-T1	362	1.8e-09	7	37	78	108	0.789473684210526
CBM18.hmm	38	K7432|K7432_006743-T1	285	0.0007	23	38	45	60	0.394736842105263
CBM18.hmm	38	K7432|K7432_006900-T1	425	1.3e-09	1	38	29	67	0.973684210526316
CBM18.hmm	38	K7432|K7432_006900-T1	425	1.4e-10	8	33	175	200	0.657894736842105
CBM18.hmm	38	K7432|K7432_006900-T1	425	4.4e-10	9	32	111	134	0.605263157894737
CBM18.hmm	38	K7432|K7432_006900-T2	425	1.3e-09	1	38	29	67	0.973684210526316
CBM18.hmm	38	K7432|K7432_006900-T2	425	1.4e-10	8	33	175	200	0.657894736842105
CBM18.hmm	38	K7432|K7432_006900-T2	425	4.4e-10	9	32	111	134	0.605263157894737
CBM18.hmm	38	K7432|K7432_008218-T1	112	2e-09	7	38	37	68	0.815789473684211
CBM18.hmm	38	K7432|K7432_008422-T1	223	2.7e-08	4	36	27	60	0.842105263157895
CBM18.hmm	38	K7432|K7432_008446-T1	646	1.1e-07	7	38	543	576	0.815789473684211
CBM18.hmm	38	K7432|K7432_008446-T1	646	1.9e-07	7	38	51	81	0.815789473684211
CBM18.hmm	38	K7432|K7432_008446-T1	646	3.6e-11	1	38	130	167	0.973684210526316
CBM18.hmm	38	K7432|K7432_008446-T1	646	5.6e-07	2	38	87	122	0.947368421052632
CBM18.hmm	38	K7432|K7432_010181-T1	170	2.6e-08	6	35	128	158	0.763157894736842
CBM18.hmm	38	K7432|K7432_011759-T1	168	5.8e-09	2	33	28	56	0.815789473684211
CBM18.hmm	38	K7432|K7432_011983-T1	376	1.2e-09	2	32	124	155	0.789473684210526
CBM18.hmm	38	K7432|K7432_011983-T1	376	7.2e-10	2	38	30	67	0.947368421052632
CBM18.hmm	38	K7432|K7432_012030-T1	608	1.5e-06	8	38	27	56	0.789473684210526
CBM18.hmm	38	K7432|K7432_012030-T1	608	1.9e-13	2	38	106	142	0.947368421052632
CBM18.hmm	38	K7432|K7432_012030-T1	608	3.5e-10	2	38	62	97	0.947368421052632
CBM18.hmm	38	K7432|K7432_012030-T1	608	6.7e-08	8	38	507	539	0.789473684210526
CBM18.hmm	38	K7432|K7432_012130-T1	328	9.9e-07	1	37	86	120	0.947368421052632
CBM18.hmm	38	K7432|K7432_012302-T1	164	2.7e-08	2	33	28	56	0.815789473684211
CBM18.hmm	38	K7432|K7432_012794-T1	290	4.5e-10	9	38	37	66	0.763157894736842
CBM18.hmm	38	K7432|K7432_013121-T1	437	3.1e-09	2	37	150	183	0.921052631578947
CBM18.hmm	38	K7432|K7432_013121-T1	437	4.2e-09	1	36	25	58	0.921052631578947
CBM18.hmm	38	K7432|K7432_013121-T1	437	6e-08	1	37	87	121	0.947368421052632
CBM18.hmm	38	K7432|K7432_013387-T1	470	1.9e-10	2	38	30	67	0.947368421052632
CBM18.hmm	38	K7432|K7432_013584-T1	169	1.4e-08	2	32	28	55	0.789473684210526
CBM18.hmm	38	K7432|K7432_014115-T1	379	1.7e-09	2	31	127	157	0.763157894736842
CBM18.hmm	38	K7432|K7432_014115-T1	379	7.8e-11	1	38	29	67	0.973684210526316
CBM18.hmm	38	K7432|K7432_014149-T1	130	1.7e-09	8	31	100	123	0.605263157894737
CBM18.hmm	38	K7432|K7432_014415-T1	435	1.9e-09	1	36	25	58	0.921052631578947
CBM18.hmm	38	K7432|K7432_014415-T1	435	3.3e-08	2	36	148	180	0.894736842105263
CBM18.hmm	38	K7432|K7432_014415-T1	435	3.5e-08	1	37	85	119	0.947368421052632
CBM18.hmm	38	K7432|K7432_014441-T1	358	3.7e-06	6	38	39	71	0.842105263157895
CBM18.hmm	38	K7432|K7432_014610-T1	173	4.3e-08	2	33	28	56	0.815789473684211
CBM18.hmm	38	K7432|K7432_014685-T1	464	2.7e-08	6	38	361	395	0.842105263157895
CBM18.hmm	38	K7432|K7432_014727-T1	271	1.3e-08	9	32	242	265	0.605263157894737
CBM18.hmm	38	K7432|K7432_014727-T1	271	3.8e-09	7	38	36	67	0.815789473684211
CBM18.hmm	38	K7432|K7432_014728-T1	271	1.3e-08	9	32	242	265	0.605263157894737
CBM18.hmm	38	K7432|K7432_014728-T1	271	3.8e-09	7	38	36	67	0.815789473684211
CBM18.hmm	38	K7432|K7432_015050-T1	392	1.1e-05	1	36	104	137	0.921052631578947
CBM18.hmm	38	K7432|K7432_015463-T1	113	1e-12	1	38	25	62	0.973684210526316
CBM18.hmm	38	K7432|K7432_015493-T1	302	1.1e-09	1	37	27	61	0.947368421052632
CBM18.hmm	38	K7432|K7432_015493-T1	302	1.5e-07	1	36	242	275	0.921052631578947
CBM18.hmm	38	K7432|K7432_015493-T1	302	2.3e-08	1	37	89	123	0.947368421052632
CBM18.hmm	38	K7432|K7432_015493-T1	302	4e-09	1	36	150	183	0.921052631578947
CBM18.hmm	38	K7432|K7432_015517-T1	363	2.4e-09	2	36	76	108	0.894736842105263
CBM18.hmm	38	K7432|K7432_015860-T1	148	1.4e-09	1	36	90	123	0.921052631578947
CBM18.hmm	38	K7432|K7432_015860-T1	148	2.5e-08	2	37	43	76	0.921052631578947
CBM18.hmm	38	K7432|K7432_016116-T1	437	1e-09	1	36	25	58	0.921052631578947
CBM18.hmm	38	K7432|K7432_016116-T1	437	2e-08	1	37	87	121	0.947368421052632
CBM18.hmm	38	K7432|K7432_016116-T1	437	3.1e-08	2	37	150	183	0.921052631578947
CBM18.hmm	38	K7432|K7432_017250-T1	171	1.6e-08	2	35	28	58	0.868421052631579
CBM18.hmm	38	K7432|K7432_017332-T1	129	1e-09	2	37	65	98	0.921052631578947
CBM18.hmm	38	K7432|K7432_017378-T1	341	4.3e-09	1	37	53	87	0.947368421052632
CBM18.hmm	38	K7432|K7432_017398-T1	346	2.1e-08	2	37	43	76	0.921052631578947
CBM18.hmm	38	K7432|K7432_017398-T1	346	3.6e-06	1	36	278	311	0.921052631578947
CBM18.hmm	38	K7432|K7432_017398-T1	346	7.7e-08	1	36	90	123	0.921052631578947
CBM18.hmm	38	K7432|K7432_017437-T1	258	2e-08	2	31	128	158	0.763157894736842
CBM18.hmm	38	K7432|K7432_017437-T1	258	5e-11	1	38	58	96	0.973684210526316
CBM18.hmm	38	K7432|K7432_017793-T1	133	5.5e-11	2	38	30	67	0.947368421052632
CBM18.hmm	38	K7432|K7432_018104-T1	126	5e-11	2	38	30	67	0.947368421052632
CBM18.hmm	38	K7432|K7432_018195-T1	262	1.3e-09	1	37	46	80	0.947368421052632
CBM18.hmm	38	K7432|K7432_018241-T1	144	7.6e-08	2	32	31	58	0.789473684210526
CBM18.hmm	38	K7432|K7432_018386-T1	118	6.7e-12	2	38	30	67	0.947368421052632
CBM18.hmm	38	K7432|K7432_018392-T1	72	4.6e-12	2	38	30	67	0.947368421052632
CBM18.hmm	38	K7432|K7432_018590-T1	294	1.3e-08	2	31	81	111	0.763157894736842
CBM18.hmm	38	K7432|K7432_018590-T1	294	5.9e-11	2	38	12	49	0.947368421052632
CBM18.hmm	38	K7432|K7432_018590-T2	220	1.5e-08	2	32	81	112	0.789473684210526
CBM18.hmm	38	K7432|K7432_018590-T2	220	3.9e-11	2	38	12	49	0.947368421052632
CBM19.hmm	45	K7432|K7432_000541-T1	624	6.4e-05	3	38	431	464	0.777777777777778
CBM19.hmm	45	K7432|K7432_001977-T1	146	1.4e-05	1	43	89	134	0.933333333333333
CBM19.hmm	45	K7432|K7432_002840-T1	206	1.1e-05	8	43	153	191	0.777777777777778
CBM19.hmm	45	K7432|K7432_004304-T1	192	0.00052	4	43	132	173	0.866666666666667
CBM19.hmm	45	K7432|K7432_007318-T1	735	6.7e-09	11	43	688	723	0.711111111111111
CBM19.hmm	45	K7432|K7432_007319-T1	515	1.6e-08	11	43	468	503	0.711111111111111
CBM19.hmm	45	K7432|K7432_008423-T1	517	0.00019	10	44	107	140	0.755555555555556
CBM19.hmm	45	K7432|K7432_008423-T1	517	1.5e-05	8	43	222	256	0.777777777777778
CBM19.hmm	45	K7432|K7432_008423-T1	517	2.8e-05	8	44	385	420	0.8
CBM19.hmm	45	K7432|K7432_008510-T1	309	1.5e-05	11	43	262	297	0.711111111111111
CBM19.hmm	45	K7432|K7432_008512-T1	302	4.2e-05	11	43	255	290	0.711111111111111
CBM19.hmm	45	K7432|K7432_009289-T1	137	1.4e-07	10	44	95	128	0.755555555555556
CBM19.hmm	45	K7432|K7432_009856-T1	186	1.2e-06	11	43	144	175	0.711111111111111
CBM19.hmm	45	K7432|K7432_009996-T1	201	5.8e-08	7	43	150	189	0.8
CBM19.hmm	45	K7432|K7432_009997-T1	201	5.8e-08	7	43	150	189	0.8
CBM19.hmm	45	K7432|K7432_010247-T1	231	8.7e-05	11	43	180	211	0.711111111111111
CBM19.hmm	45	K7432|K7432_010420-T1	399	1.4e-05	9	43	350	387	0.755555555555556
CBM19.hmm	45	K7432|K7432_011416-T1	244	1.2e-05	17	43	206	232	0.577777777777778
CBM19.hmm	45	K7432|K7432_011550-T1	1349	1.7e-05	3	43	1294	1337	0.888888888888889
CBM19.hmm	45	K7432|K7432_012156-T1	263	2.4e-05	19	43	227	251	0.533333333333333
CBM19.hmm	45	K7432|K7432_012434-T1	215	3.4e-05	7	43	169	204	0.8
CBM19.hmm	45	K7432|K7432_012782-T1	601	1.9e-06	3	39	413	447	0.8
CBM19.hmm	45	K7432|K7432_013125-T1	411	8e-08	11	43	364	399	0.711111111111111
CBM19.hmm	45	K7432|K7432_013315-T1	117	2e-05	11	44	67	99	0.733333333333333
CBM19.hmm	45	K7432|K7432_013343-T1	270	8.4e-06	21	43	236	258	0.488888888888889
CBM19.hmm	45	K7432|K7432_013561-T1	251	0.00065	13	43	208	239	0.666666666666667
CBM19.hmm	45	K7432|K7432_014083-T1	329	0.0008	23	43	298	318	0.444444444444444
CBM19.hmm	45	K7432|K7432_014210-T1	168	2.2e-05	11	44	22	56	0.733333333333333
CBM19.hmm	45	K7432|K7432_014211-T1	325	1.3e-08	9	43	20	53	0.755555555555556
CBM19.hmm	45	K7432|K7432_014212-T1	146	2.5e-09	7	43	21	53	0.8
CBM19.hmm	45	K7432|K7432_014644-T1	359	2.9e-05	11	43	312	347	0.711111111111111
CBM19.hmm	45	K7432|K7432_014759-T1	67	0.00028	23	43	36	56	0.444444444444444
CBM19.hmm	45	K7432|K7432_015612-T1	328	3e-05	23	43	296	316	0.444444444444444
CBM19.hmm	45	K7432|K7432_016112-T1	143	4.3e-08	8	43	93	131	0.777777777777778
CBM19.hmm	45	K7432|K7432_016168-T1	473	6.8e-05	11	43	426	461	0.711111111111111
CBM19.hmm	45	K7432|K7432_016222-T1	634	6.2e-06	10	44	586	623	0.755555555555556
CBM19.hmm	45	K7432|K7432_016551-T1	363	0.00021	3	43	17	56	0.888888888888889
CBM19.hmm	45	K7432|K7432_016554-T1	210	4.2e-06	25	43	3	21	0.4
CBM19.hmm	45	K7432|K7432_016555-T1	156	1.6e-09	7	43	21	53	0.8
CBM19.hmm	45	K7432|K7432_016943-T1	187	9.9e-10	11	43	140	175	0.711111111111111
CBM19.hmm	45	K7432|K7432_017200-T1	127	1.9e-10	6	43	20	53	0.822222222222222
CBM19.hmm	45	K7432|K7432_017425-T1	404	0.00097	13	43	356	389	0.666666666666667
CBM19.hmm	45	K7432|K7432_017477-T1	143	9.1e-07	9	43	94	131	0.755555555555556
CBM19.hmm	45	K7432|K7432_017561-T1	254	7.3e-06	9	43	206	243	0.755555555555556
CBM19.hmm	45	K7432|K7432_017650-T1	84	9e-05	23	43	53	73	0.444444444444444
CBM19.hmm	45	K7432|K7432_017957-T1	386	2.4e-05	5	43	85	124	0.844444444444444
CBM19.hmm	45	K7432|K7432_018353-T1	66	3.4e-05	23	43	35	55	0.444444444444444
CBM20.hmm	90	K7432|K7432_002467-T1	262	1.2e-11	4	80	156	235	0.844444444444444
CBM20.hmm	90	K7432|K7432_004824-T1	262	1.6e-11	3	87	155	242	0.933333333333333
CBM21.hmm	107	K7432|K7432_002980-T1	518	1.5e-30	3	107	191	303	0.97196261682243
CBM21.hmm	107	K7432|K7432_004025-T1	377	3.7e-29	2	107	117	230	0.981308411214953
CBM21.hmm	107	K7432|K7432_007127-T1	525	1.1e-29	3	107	204	316	0.97196261682243
CBM21.hmm	107	K7432|K7432_015991-T1	312	1.5e-18	38	107	19	96	0.644859813084112
CBM21.hmm	107	K7432|K7432_017518-T1	292	6.1e-26	20	107	1	96	0.813084112149533
CBM2.hmm	101	K7432|K7432_000541-T1	624	2.6e-07	13	84	529	598	0.702970297029703
CBM2.hmm	101	K7432|K7432_004123-T1	679	1.7e-07	14	63	590	639	0.485148514851485
CBM2.hmm	101	K7432|K7432_006444-T1	576	1.1e-06	13	85	482	551	0.712871287128713
CBM2.hmm	101	K7432|K7432_006752-T1	572	1.4e-05	14	61	477	524	0.465346534653465
CBM2.hmm	101	K7432|K7432_012782-T1	601	5.9e-08	13	85	506	575	0.712871287128713
CBM2.hmm	101	K7432|K7432_015827-T1	110	1e-08	13	85	15	85	0.712871287128713
CBM2.hmm	101	K7432|K7432_016767-T1	91	6.7e-05	28	81	13	65	0.524752475247525
CBM32.hmm	124	K7432|K7432_009907-T1	141	7.7e-08	10	109	19	120	0.798387096774194
CBM32.hmm	124	K7432|K7432_009907-T2	121	2.6e-06	10	64	19	75	0.435483870967742
CBM32.hmm	124	K7432|K7432_012667-T1	169	2.2e-08	10	113	16	130	0.830645161290323
CBM43.hmm	83	K7432|K7432_005457-T1	503	1.4e-16	8	82	384	463	0.891566265060241
CBM43.hmm	83	K7432|K7432_006739-T1	272	3.1e-14	2	75	44	123	0.879518072289157
CBM48.hmm	76	K7432|K7432_000483-T1	701	5.6e-10	2	45	77	132	0.565789473684211
CBM48.hmm	76	K7432|K7432_001844-T1	688	1.8e-08	2	45	63	116	0.565789473684211
CBM48.hmm	76	K7432|K7432_006216-T1	700	4.2e-08	2	48	78	134	0.605263157894737
CBM50.hmm	40	K7432|K7432_000372-T1	259	3.5e-06	1	40	101	143	0.975
CBM50.hmm	40	K7432|K7432_001804-T1	263	1.2e-07	1	37	114	153	0.9
CBM50.hmm	40	K7432|K7432_005842-T1	289	2.5e-11	1	39	245	287	0.95
CBM50.hmm	40	K7432|K7432_005842-T1	289	6.6e-08	1	39	192	234	0.95
CBM50.hmm	40	K7432|K7432_005860-T1	224	5.7e-07	1	32	60	95	0.775
CBM50.hmm	40	K7432|K7432_008447-T1	726	1.3e-07	1	40	281	324	0.975
CBM50.hmm	40	K7432|K7432_008447-T1	726	1.3e-07	1	40	352	395	0.975
CBM50.hmm	40	K7432|K7432_008447-T1	726	1.3e-12	1	40	627	670	0.975
CBM50.hmm	40	K7432|K7432_008447-T1	726	5.2e-13	1	40	481	524	0.975
CBM50.hmm	40	K7432|K7432_008447-T1	726	6.9e-07	1	40	212	255	0.975
CBM50.hmm	40	K7432|K7432_008447-T1	726	7e-05	3	38	682	721	0.875
CBM50.hmm	40	K7432|K7432_008447-T1	726	8.7e-13	1	40	554	597	0.975
CBM50.hmm	40	K7432|K7432_008847-T1	223	2.9e-05	3	38	180	219	0.875
CBM50.hmm	40	K7432|K7432_008847-T1	223	3.4e-11	1	40	55	98	0.975
CBM50.hmm	40	K7432|K7432_008847-T1	223	4.4e-11	1	40	125	168	0.975
CBM50.hmm	40	K7432|K7432_011624-T1	264	4.5e-05	1	40	150	193	0.975
CBM50.hmm	40	K7432|K7432_014686-T1	670	0.00032	1	40	278	321	0.975
CBM50.hmm	40	K7432|K7432_014686-T1	670	2e-05	3	38	524	563	0.875
CBM50.hmm	40	K7432|K7432_014686-T1	670	3.4e-08	1	40	342	385	0.975
CBM50.hmm	40	K7432|K7432_014686-T1	670	3.5e-05	1	40	406	449	0.975
CBM50.hmm	40	K7432|K7432_014686-T1	670	4.7e-06	1	39	210	252	0.95
CBM50.hmm	40	K7432|K7432_014686-T1	670	6.4e-11	1	40	609	652	0.975
CBM50.hmm	40	K7432|K7432_014686-T1	670	7.3e-11	1	40	469	512	0.975
CBM50.hmm	40	K7432|K7432_014932-T1	285	4.8e-06	1	40	119	161	0.975
CBM50.hmm	40	K7432|K7432_016473-T1	51	1e-13	1	40	6	49	0.975
CBM50.hmm	40	K7432|K7432_017553-T1	611	0.00013	1	40	161	204	0.975
CBM50.hmm	40	K7432|K7432_017553-T1	611	1.4e-11	1	40	226	269	0.975
CBM50.hmm	40	K7432|K7432_017553-T1	611	2.6e-11	1	40	543	586	0.975
CBM50.hmm	40	K7432|K7432_017553-T1	611	3.3e-05	1	40	33	76	0.975
CBM50.hmm	40	K7432|K7432_017553-T1	611	6.9e-09	1	40	345	388	0.975
CBM50.hmm	40	K7432|K7432_017553-T1	611	7.4e-11	3	40	99	140	0.925
CBM50.hmm	40	K7432|K7432_017553-T1	611	7.9e-05	3	38	281	320	0.875
CBM50.hmm	40	K7432|K7432_017553-T1	611	8.6e-09	1	40	415	458	0.975
CBM50.hmm	40	K7432|K7432_018203-T1	228	1.7e-07	3	38	185	224	0.875
CBM50.hmm	40	K7432|K7432_018203-T1	228	2.9e-12	1	40	60	103	0.975
CBM50.hmm	40	K7432|K7432_018203-T1	228	4.4e-11	1	40	130	173	0.975
CBM50.hmm	40	K7432|K7432_018410-T1	264	2.4e-06	1	39	209	251	0.95
CBM5.hmm	40	K7432|K7432_001981-T1	644	4.1e-09	3	40	353	391	0.925
CBM5.hmm	40	K7432|K7432_001981-T1	644	8.3e-16	3	40	459	498	0.925
CBM5.hmm	40	K7432|K7432_002271-T1	295	2.1e-15	3	40	252	289	0.925
CBM5.hmm	40	K7432|K7432_002616-T1	151	1e-10	3	40	108	145	0.925
CBM5.hmm	40	K7432|K7432_003008-T1	493	1.1e-08	3	40	448	486	0.925
CBM5.hmm	40	K7432|K7432_004121-T1	450	7.5e-13	1	40	323	364	0.975
CBM5.hmm	40	K7432|K7432_004121-T1	450	9.6e-13	3	40	405	444	0.925
CBM5.hmm	40	K7432|K7432_005320-T1	299	2.1e-13	3	40	256	293	0.925
CBM5.hmm	40	K7432|K7432_006100-T1	265	1.8e-14	3	40	222	259	0.925
CBM5.hmm	40	K7432|K7432_006730-T1	517	5.9e-12	3	40	472	511	0.925
CBM5.hmm	40	K7432|K7432_007862-T1	553	1.1e-09	2	40	261	300	0.95
CBM5.hmm	40	K7432|K7432_007862-T1	553	1.9e-15	2	40	368	408	0.95
CBM5.hmm	40	K7432|K7432_007862-T2	571	1.1e-09	2	40	352	391	0.95
CBM5.hmm	40	K7432|K7432_007862-T2	571	2e-15	2	40	459	499	0.95
CBM5.hmm	40	K7432|K7432_008507-T1	491	4.2e-11	4	40	447	485	0.9
CBM5.hmm	40	K7432|K7432_008562-T1	290	2.5e-17	2	40	246	284	0.95
CBM5.hmm	40	K7432|K7432_008846-T1	281	2.4e-13	2	40	237	275	0.95
CBM5.hmm	40	K7432|K7432_009079-T1	162	9.6e-12	2	40	118	156	0.95
CBM5.hmm	40	K7432|K7432_009812-T1	612	1.2e-10	3	40	359	397	0.925
CBM5.hmm	40	K7432|K7432_009812-T1	612	5.5e-15	3	40	431	470	0.925
CBM5.hmm	40	K7432|K7432_010182-T1	295	1.2e-14	2	40	249	289	0.95
CBM5.hmm	40	K7432|K7432_011082-T1	522	9e-13	2	40	476	516	0.95
CBM5.hmm	40	K7432|K7432_011449-T1	511	9e-13	2	40	465	505	0.95
CBM5.hmm	40	K7432|K7432_012935-T1	84	6e-16	2	40	38	78	0.95
CBM5.hmm	40	K7432|K7432_012966-T1	307	4.4e-12	2	40	263	301	0.95
CBM5.hmm	40	K7432|K7432_013732-T1	275	2.3e-13	2	40	231	269	0.95
CBM5.hmm	40	K7432|K7432_013788-T1	303	7.2e-16	2	40	259	297	0.95
CBM5.hmm	40	K7432|K7432_014538-T1	143	5.8e-17	1	40	98	137	0.975
CBM5.hmm	40	K7432|K7432_014707-T1	190	1.1e-13	2	40	96	134	0.95
CBM5.hmm	40	K7432|K7432_014707-T1	190	4.5e-14	2	40	30	68	0.95
CBM5.hmm	40	K7432|K7432_014810-T1	835	3.1e-17	2	40	653	693	0.95
CBM5.hmm	40	K7432|K7432_014810-T1	835	3.8e-13	2	40	126	166	0.95
CBM5.hmm	40	K7432|K7432_014810-T1	835	5.3e-10	3	40	581	619	0.925
CBM5.hmm	40	K7432|K7432_014810-T1	835	5.7e-14	2	40	56	96	0.95
CBM5.hmm	40	K7432|K7432_014860-T1	151	6.9e-14	2	40	107	145	0.95
CBM5.hmm	40	K7432|K7432_015578-T1	292	1.3e-15	3	40	249	286	0.925
CBM5.hmm	40	K7432|K7432_015590-T1	302	4e-14	3	40	259	296	0.925
CBM5.hmm	40	K7432|K7432_015625-T1	134	1.4e-13	2	40	88	128	0.95
CBM5.hmm	40	K7432|K7432_015715-T1	231	4.6e-17	2	40	187	225	0.95
CBM5.hmm	40	K7432|K7432_015953-T1	477	3.2e-09	2	40	316	355	0.95
CBM5.hmm	40	K7432|K7432_015953-T1	477	6.4e-14	3	40	423	462	0.925
CBM5.hmm	40	K7432|K7432_016300-T1	286	1.9e-16	3	40	243	280	0.925
CBM5.hmm	40	K7432|K7432_017188-T1	205	1.6e-13	2	40	30	70	0.95
CBM5.hmm	40	K7432|K7432_017188-T1	205	1.9e-12	3	40	96	135	0.925
CBM5.hmm	40	K7432|K7432_017764-T1	280	9.8e-12	3	40	237	274	0.925
CBM5.hmm	40	K7432|K7432_017888-T1	62	2.8e-17	2	40	18	56	0.95
CBM5.hmm	40	K7432|K7432_018048-T1	123	5.3e-15	2	40	77	117	0.95
CBM5.hmm	40	K7432|K7432_018152-T1	86	1.3e-15	2	40	40	80	0.95
CBM5.hmm	40	K7432|K7432_018199-T1	148	1.6e-13	2	40	104	142	0.95
CBM5.hmm	40	K7432|K7432_018229-T1	82	1e-15	2	40	36	76	0.95
CBM5.hmm	40	K7432|K7432_018283-T1	86	1.1e-10	3	40	43	80	0.925
CBM5.hmm	40	K7432|K7432_018580-T1	55	5.8e-13	2	40	11	49	0.95
CBM60.hmm	108	K7432|K7432_007194-T1	172	0.00015	18	70	84	136	0.481481481481481
CBM9.hmm	182	K7432|K7432_000051-T1	389	5.9e-17	2	92	43	137	0.494505494505495
CBM9.hmm	182	K7432|K7432_000851-T1	391	7.3e-18	1	179	57	294	0.978021978021978
CBM9.hmm	182	K7432|K7432_004765-T1	387	1.8e-19	1	146	42	224	0.796703296703297
CBM9.hmm	182	K7432|K7432_004784-T1	419	1.7e-19	1	177	89	299	0.967032967032967
CBM9.hmm	182	K7432|K7432_004785-T1	420	3.6e-13	1	57	43	104	0.307692307692308
CBM9.hmm	182	K7432|K7432_004844-T1	386	3.9e-18	2	135	44	201	0.730769230769231
CBM9.hmm	182	K7432|K7432_004845-T1	383	1.5e-18	2	142	40	243	0.769230769230769
CBM9.hmm	182	K7432|K7432_008727-T1	350	8e-20	1	180	42	255	0.983516483516483
CBM9.hmm	182	K7432|K7432_009120-T1	389	2.2e-17	2	93	45	141	0.5
CBM9.hmm	182	K7432|K7432_014642-T1	405	3.8e-19	1	151	49	225	0.824175824175824
CBM9.hmm	182	K7432|K7432_016399-T1	246	1.5e-21	1	147	46	211	0.802197802197802
CBM9.hmm	182	K7432|K7432_016985-T1	292	4.5e-21	1	135	42	208	0.736263736263736
CE12.hmm	210	K7432|K7432_002752-T1	267	2.4e-13	1	200	6	220	0.947619047619048
CE12.hmm	210	K7432|K7432_009242-T1	252	1.1e-12	1	162	6	184	0.766666666666667
CE14.hmm	124	K7432|K7432_008076-T1	263	7.9e-16	1	123	44	154	0.983870967741935
CE14.hmm	124	K7432|K7432_017283-T1	191	2.1e-15	1	123	43	153	0.983870967741935
CE16.hmm	267	K7432|K7432_002968-T1	296	4.5e-12	135	266	147	279	0.49063670411985
CE16.hmm	267	K7432|K7432_004017-T1	299	7.8e-19	2	266	35	293	0.98876404494382
CE16.hmm	267	K7432|K7432_008906-T1	284	1e-25	2	264	25	270	0.9812734082397
CE16.hmm	267	K7432|K7432_009525-T1	297	5.4e-10	2	91	34	121	0.333333333333333
CE16.hmm	267	K7432|K7432_009646-T1	282	2.7e-29	2	263	23	269	0.97752808988764
CE16.hmm	267	K7432|K7432_012496-T1	351	9.1e-22	2	266	65	317	0.98876404494382
CE16.hmm	267	K7432|K7432_013578-T1	285	2.3e-21	2	262	24	271	0.973782771535581
CE16.hmm	267	K7432|K7432_015214-T1	299	1.5e-13	2	266	36	293	0.98876404494382
CE16.hmm	267	K7432|K7432_015267-T1	287	1.5e-21	2	265	32	281	0.98501872659176
CE16.hmm	267	K7432|K7432_015476-T1	293	7e-12	1	266	29	286	0.99250936329588
CE16.hmm	267	K7432|K7432_016154-T1	284	9e-31	4	266	27	272	0.9812734082397
CE16.hmm	267	K7432|K7432_016483-T1	228	3.6e-12	131	266	75	211	0.50561797752809
CE1.hmm	227	K7432|K7432_000235-T1	373	8.7e-10	21	149	73	197	0.563876651982379
CE1.hmm	227	K7432|K7432_000236-T1	371	2.6e-09	21	143	73	202	0.537444933920705
CE1.hmm	227	K7432|K7432_000690-T1	324	8.8e-06	11	121	43	162	0.484581497797357
CE1.hmm	227	K7432|K7432_000775-T1	677	2.9e-12	8	210	414	639	0.889867841409692
CE1.hmm	227	K7432|K7432_000870-T1	745	1.2e-08	11	207	444	661	0.863436123348018
CE1.hmm	227	K7432|K7432_000921-T1	305	5.9e-06	29	140	60	161	0.488986784140969
CE1.hmm	227	K7432|K7432_001013-T1	249	4.1e-09	21	149	50	174	0.563876651982379
CE1.hmm	227	K7432|K7432_001406-T1	306	4.2e-12	8	156	58	196	0.651982378854626
CE1.hmm	227	K7432|K7432_002143-T1	677	2.6e-09	7	207	427	646	0.881057268722467
CE1.hmm	227	K7432|K7432_002232-T1	322	4.8e-10	5	210	15	293	0.903083700440529
CE1.hmm	227	K7432|K7432_002287-T1	327	5.1e-07	6	208	66	300	0.889867841409692
CE1.hmm	227	K7432|K7432_002739-T1	826	1.5e-13	12	209	583	805	0.86784140969163
CE1.hmm	227	K7432|K7432_003140-T1	504	8.7e-11	24	143	123	302	0.524229074889868
CE1.hmm	227	K7432|K7432_003986-T1	254	6.4e-13	25	217	45	246	0.845814977973568
CE1.hmm	227	K7432|K7432_004018-T1	323	1.5e-08	5	210	18	291	0.903083700440529
CE1.hmm	227	K7432|K7432_004233-T1	823	2.9e-10	15	209	582	795	0.854625550660793
CE1.hmm	227	K7432|K7432_004260-T1	819	4.2e-11	13	209	583	796	0.863436123348018
CE1.hmm	227	K7432|K7432_004744-T1	167	1.5e-06	8	79	47	110	0.312775330396476
CE1.hmm	227	K7432|K7432_005239-T1	371	4.8e-06	62	136	161	253	0.325991189427313
CE1.hmm	227	K7432|K7432_005555-T1	684	1.4e-10	7	207	439	660	0.881057268722467
CE1.hmm	227	K7432|K7432_005668-T1	326	1.2e-06	28	143	33	214	0.506607929515419
CE1.hmm	227	K7432|K7432_006624-T1	306	2.5e-08	21	140	48	157	0.524229074889868
CE1.hmm	227	K7432|K7432_006674-T1	369	7.6e-06	59	138	158	255	0.348017621145374
CE1.hmm	227	K7432|K7432_007094-T1	685	3.3e-09	6	155	438	609	0.656387665198238
CE1.hmm	227	K7432|K7432_007095-T1	684	2.7e-09	8	207	439	659	0.876651982378855
CE1.hmm	227	K7432|K7432_007226-T1	680	1.3e-09	5	209	414	641	0.898678414096916
CE1.hmm	227	K7432|K7432_007770-T1	224	1.3e-15	23	209	12	202	0.819383259911894
CE1.hmm	227	K7432|K7432_008159-T1	586	1.5e-10	8	143	144	333	0.594713656387665
CE1.hmm	227	K7432|K7432_008332-T1	673	1e-06	55	166	431	603	0.488986784140969
CE1.hmm	227	K7432|K7432_008503-T1	684	7.4e-07	9	147	440	608	0.607929515418502
CE1.hmm	227	K7432|K7432_008800-T1	286	7.6e-49	1	224	25	281	0.982378854625551
CE1.hmm	227	K7432|K7432_008800-T2	209	2.9e-33	67	224	27	204	0.691629955947137
CE1.hmm	227	K7432|K7432_008909-T1	445	6.8e-09	9	143	31	199	0.590308370044053
CE1.hmm	227	K7432|K7432_009283-T1	304	3.8e-06	102	194	105	270	0.405286343612335
CE1.hmm	227	K7432|K7432_009283-T2	297	3.6e-06	102	194	98	263	0.405286343612335
CE1.hmm	227	K7432|K7432_009709-T1	811	5.2e-13	12	194	568	774	0.801762114537445
CE1.hmm	227	K7432|K7432_010196-T1	509	1.2e-09	8	143	93	292	0.594713656387665
CE1.hmm	227	K7432|K7432_010653-T1	685	6.2e-11	8	207	437	657	0.876651982378855
CE1.hmm	227	K7432|K7432_010832-T1	349	3.8e-07	85	178	145	290	0.409691629955947
CE1.hmm	227	K7432|K7432_011467-T1	327	5.5e-10	9	198	40	267	0.832599118942731
CE1.hmm	227	K7432|K7432_011467-T2	318	9e-10	9	196	40	265	0.823788546255507
CE1.hmm	227	K7432|K7432_012054-T1	370	6.3e-06	24	130	114	243	0.466960352422908
CE1.hmm	227	K7432|K7432_012286-T1	272	2.2e-28	1	207	37	253	0.907488986784141
CE1.hmm	227	K7432|K7432_013786-T1	469	1.9e-11	10	130	336	467	0.52863436123348
CE1.hmm	227	K7432|K7432_013795-T1	308	3.2e-06	25	211	33	273	0.819383259911894
CE1.hmm	227	K7432|K7432_014062-T1	274	3.3e-28	1	207	39	255	0.907488986784141
CE1.hmm	227	K7432|K7432_015220-T1	510	1.2e-09	9	143	95	257	0.590308370044053
CE1.hmm	227	K7432|K7432_015242-T1	353	2.5e-17	5	210	80	329	0.903083700440529
CE1.hmm	227	K7432|K7432_015534-T1	318	1.3e-19	5	143	41	216	0.607929515418502
CE1.hmm	227	K7432|K7432_015777-T1	470	6.7e-11	8	209	226	448	0.885462555066079
CE1.hmm	227	K7432|K7432_016604-T1	672	3.2e-10	13	209	415	630	0.863436123348018
CE3.hmm	194	K7432|K7432_005328-T1	257	2.1e-08	2	191	56	248	0.974226804123711
CE3.hmm	194	K7432|K7432_015819-T1	269	4.4e-07	66	190	116	247	0.639175257731959
CE4.hmm	130	K7432|K7432_000675-T1	466	5.3e-28	9	126	231	361	0.9
CE4.hmm	130	K7432|K7432_001225-T1	363	3.6e-31	11	125	129	246	0.876923076923077
CE4.hmm	130	K7432|K7432_001407-T1	177	5.1e-20	42	124	2	85	0.630769230769231
CE4.hmm	130	K7432|K7432_001650-T1	472	1.1e-15	4	127	50	176	0.946153846153846
CE4.hmm	130	K7432|K7432_002100-T1	352	1.5e-33	6	124	89	208	0.907692307692308
CE4.hmm	130	K7432|K7432_002596-T1	345	1.7e-29	9	125	97	219	0.892307692307692
CE4.hmm	130	K7432|K7432_003242-T1	425	1.2e-21	9	124	116	232	0.884615384615385
CE4.hmm	130	K7432|K7432_003512-T1	232	2.2e-31	9	126	40	158	0.9
CE4.hmm	130	K7432|K7432_003513-T1	238	1.7e-30	8	125	41	160	0.9
CE4.hmm	130	K7432|K7432_003567-T1	231	2.5e-28	10	124	36	153	0.876923076923077
CE4.hmm	130	K7432|K7432_003858-T1	477	6.4e-33	10	124	89	204	0.876923076923077
CE4.hmm	130	K7432|K7432_003923-T1	370	5.3e-32	9	126	95	217	0.9
CE4.hmm	130	K7432|K7432_004179-T1	302	1.2e-30	7	125	34	155	0.907692307692308
CE4.hmm	130	K7432|K7432_004252-T1	284	2e-28	8	126	34	155	0.907692307692308
CE4.hmm	130	K7432|K7432_004269-T1	335	4.3e-32	6	125	94	214	0.915384615384615
CE4.hmm	130	K7432|K7432_004638-T1	364	1.8e-32	8	123	83	199	0.884615384615385
CE4.hmm	130	K7432|K7432_004675-T1	367	1.7e-29	7	126	165	287	0.915384615384615
CE4.hmm	130	K7432|K7432_004825-T1	355	1.9e-30	10	123	90	204	0.869230769230769
CE4.hmm	130	K7432|K7432_004826-T1	358	1.7e-31	10	123	88	202	0.869230769230769
CE4.hmm	130	K7432|K7432_004827-T1	357	2.9e-30	10	122	90	203	0.861538461538462
CE4.hmm	130	K7432|K7432_004828-T1	360	1.8e-31	10	123	88	202	0.869230769230769
CE4.hmm	130	K7432|K7432_004829-T1	347	2.5e-30	11	123	90	203	0.861538461538462
CE4.hmm	130	K7432|K7432_004830-T1	235	4.5e-33	9	125	43	158	0.892307692307692
CE4.hmm	130	K7432|K7432_005785-T1	306	1.3e-27	7	125	36	157	0.907692307692308
CE4.hmm	130	K7432|K7432_005957-T1	355	2.7e-26	9	126	120	250	0.9
CE4.hmm	130	K7432|K7432_005964-T1	355	7.5e-25	9	126	120	250	0.9
CE4.hmm	130	K7432|K7432_006039-T1	351	2.7e-31	11	123	90	203	0.861538461538462
CE4.hmm	130	K7432|K7432_006040-T1	366	9.3e-32	10	124	89	204	0.876923076923077
CE4.hmm	130	K7432|K7432_006495-T1	437	8.3e-30	6	126	200	333	0.923076923076923
CE4.hmm	130	K7432|K7432_006604-T1	362	5.9e-27	9	126	128	258	0.9
CE4.hmm	130	K7432|K7432_006606-T1	333	3.8e-32	6	125	92	212	0.915384615384615
CE4.hmm	130	K7432|K7432_006661-T1	364	2.9e-32	9	123	89	204	0.876923076923077
CE4.hmm	130	K7432|K7432_006743-T1	285	1.2e-32	9	125	90	207	0.892307692307692
CE4.hmm	130	K7432|K7432_006900-T1	425	1.9e-33	7	125	226	347	0.907692307692308
CE4.hmm	130	K7432|K7432_006900-T2	425	5e-33	7	125	226	347	0.907692307692308
CE4.hmm	130	K7432|K7432_007194-T1	172	6.2e-21	38	126	1	92	0.676923076923077
CE4.hmm	130	K7432|K7432_007609-T1	314	1.6e-30	7	125	33	154	0.907692307692308
CE4.hmm	130	K7432|K7432_007754-T1	377	3.1e-33	9	123	89	204	0.876923076923077
CE4.hmm	130	K7432|K7432_007865-T1	407	3.6e-30	11	124	88	204	0.869230769230769
CE4.hmm	130	K7432|K7432_008264-T1	231	5.9e-33	8	125	39	155	0.9
CE4.hmm	130	K7432|K7432_008602-T1	291	2.1e-28	6	125	33	155	0.915384615384615
CE4.hmm	130	K7432|K7432_008605-T1	243	1.7e-28	6	125	30	152	0.915384615384615
CE4.hmm	130	K7432|K7432_008620-T1	351	8e-32	7	126	34	156	0.915384615384615
CE4.hmm	130	K7432|K7432_008841-T1	326	5.5e-30	7	126	33	155	0.915384615384615
CE4.hmm	130	K7432|K7432_008946-T1	231	2.6e-33	8	125	39	155	0.9
CE4.hmm	130	K7432|K7432_009062-T1	407	1.2e-30	10	124	37	154	0.876923076923077
CE4.hmm	130	K7432|K7432_009173-T1	243	2.2e-30	7	126	36	158	0.915384615384615
CE4.hmm	130	K7432|K7432_009330-T1	409	8.1e-30	9	124	107	223	0.884615384615385
CE4.hmm	130	K7432|K7432_009550-T1	386	5.1e-32	9	123	84	199	0.876923076923077
CE4.hmm	130	K7432|K7432_010134-T1	244	1.7e-17	6	127	52	176	0.930769230769231
CE4.hmm	130	K7432|K7432_010310-T1	307	1.8e-28	6	126	32	155	0.923076923076923
CE4.hmm	130	K7432|K7432_010631-T1	344	2.7e-30	8	126	35	156	0.907692307692308
CE4.hmm	130	K7432|K7432_010710-T1	233	1.7e-31	8	125	32	152	0.9
CE4.hmm	130	K7432|K7432_011052-T1	400	2e-26	8	122	115	230	0.876923076923077
CE4.hmm	130	K7432|K7432_011844-T1	274	5.9e-06	76	125	3	53	0.376923076923077
CE4.hmm	130	K7432|K7432_011889-T1	411	1.7e-29	8	123	109	225	0.884615384615385
CE4.hmm	130	K7432|K7432_011919-T1	340	4.3e-31	8	124	59	176	0.892307692307692
CE4.hmm	130	K7432|K7432_011983-T1	376	4.1e-33	9	125	179	298	0.892307692307692
CE4.hmm	130	K7432|K7432_012130-T1	328	2.8e-27	7	126	138	270	0.915384615384615
CE4.hmm	130	K7432|K7432_012794-T1	290	4.7e-35	6	125	91	213	0.915384615384615
CE4.hmm	130	K7432|K7432_012851-T1	404	4.9e-33	10	124	89	204	0.876923076923077
CE4.hmm	130	K7432|K7432_013121-T1	437	1.2e-28	6	126	200	333	0.923076923076923
CE4.hmm	130	K7432|K7432_013309-T1	309	3.7e-29	8	125	34	154	0.9
CE4.hmm	130	K7432|K7432_013509-T1	338	2.5e-33	7	124	90	208	0.9
CE4.hmm	130	K7432|K7432_014114-T1	228	2.5e-34	7	125	29	150	0.907692307692308
CE4.hmm	130	K7432|K7432_014115-T1	379	2.8e-34	7	125	180	301	0.907692307692308
CE4.hmm	130	K7432|K7432_014127-T1	245	3.4e-35	6	124	44	166	0.907692307692308
CE4.hmm	130	K7432|K7432_014415-T1	435	2e-29	6	126	198	331	0.923076923076923
CE4.hmm	130	K7432|K7432_014441-T1	358	1.5e-28	9	125	96	217	0.892307692307692
CE4.hmm	130	K7432|K7432_014690-T1	403	1e-24	7	112	153	261	0.807692307692308
CE4.hmm	130	K7432|K7432_014796-T1	111	5.9e-23	19	108	13	104	0.684615384615385
CE4.hmm	130	K7432|K7432_015050-T1	392	1.7e-26	8	126	157	288	0.907692307692308
CE4.hmm	130	K7432|K7432_015223-T1	173	2.4e-22	10	96	89	173	0.661538461538462
CE4.hmm	130	K7432|K7432_015477-T1	124	8.2e-13	45	108	42	107	0.484615384615385
CE4.hmm	130	K7432|K7432_015517-T1	363	4.5e-29	10	126	130	259	0.892307692307692
CE4.hmm	130	K7432|K7432_016116-T1	437	6.1e-29	6	126	200	333	0.923076923076923
CE4.hmm	130	K7432|K7432_016140-T1	269	2.5e-33	10	124	89	204	0.876923076923077
CE4.hmm	130	K7432|K7432_017160-T1	277	6.8e-29	6	126	32	155	0.923076923076923
CE4.hmm	130	K7432|K7432_017339-T1	334	2.4e-29	7	126	33	155	0.915384615384615
CE4.hmm	130	K7432|K7432_017344-T1	361	2.3e-32	7	125	34	155	0.907692307692308
CE4.hmm	130	K7432|K7432_017378-T1	341	2.2e-27	6	126	104	237	0.923076923076923
CE4.hmm	130	K7432|K7432_017437-T1	258	4.8e-18	7	75	187	257	0.523076923076923
CE4.hmm	130	K7432|K7432_017516-T1	234	2e-30	8	125	37	156	0.9
CE4.hmm	130	K7432|K7432_017861-T1	195	1.2e-32	7	125	34	155	0.907692307692308
CE4.hmm	130	K7432|K7432_018123-T1	160	7.9e-21	52	125	5	82	0.561538461538462
CE4.hmm	130	K7432|K7432_018195-T1	262	1.4e-26	7	126	98	230	0.915384615384615
CE4.hmm	130	K7432|K7432_018202-T1	280	4.2e-32	7	125	34	155	0.907692307692308
CE4.hmm	130	K7432|K7432_018276-T1	173	1.8e-25	9	97	83	171	0.676923076923077
CE4.hmm	130	K7432|K7432_018590-T1	294	1.2e-33	7	125	140	261	0.907692307692308
CE7.hmm	313	K7432|K7432_003881-T1	762	4.1e-09	152	269	562	679	0.373801916932907
CE7.hmm	313	K7432|K7432_014050-T1	282	1.8e-06	156	312	123	278	0.498402555910543
CE7.hmm	313	K7432|K7432_015760-T1	371	1.1e-06	69	203	106	247	0.428115015974441
CE9.hmm	373	K7432|K7432_004026-T1	401	1e-123	1	373	12	396	0.997319034852547
CE9.hmm	373	K7432|K7432_008871-T1	402	4.9e-121	1	373	10	397	0.997319034852547
CE9.hmm	373	K7432|K7432_010304-T1	402	1.9e-122	1	373	11	397	0.997319034852547
dockerin.hmm	21	K7432|K7432_013379-T1	352	0.00053	1	13	62	74	0.571428571428571
GH102.hmm	157	K7432|K7432_016697-T1	127	6.3e-05	30	112	26	106	0.522292993630573
GH109.hmm	126	K7432|K7432_002977-T1	430	2.8e-12	2	122	11	126	0.952380952380952
GH109.hmm	126	K7432|K7432_003410-T1	438	1.9e-08	3	118	15	125	0.912698412698413
GH109.hmm	126	K7432|K7432_005082-T1	440	1.1e-09	1	120	13	127	0.944444444444444
GH109.hmm	126	K7432|K7432_007805-T1	356	8.3e-11	51	120	49	113	0.547619047619048
GH109.hmm	126	K7432|K7432_008969-T1	432	1.2e-07	1	118	12	124	0.928571428571429
GH109.hmm	126	K7432|K7432_009867-T1	363	3.6e-09	1	114	25	130	0.896825396825397
GH109.hmm	126	K7432|K7432_010279-T1	454	1.1e-07	3	119	16	127	0.920634920634921
GH109.hmm	126	K7432|K7432_011819-T1	432	5.1e-11	1	117	10	121	0.920634920634921
GH109.hmm	126	K7432|K7432_012075-T1	349	1.2e-09	4	123	8	122	0.944444444444444
GH109.hmm	126	K7432|K7432_016788-T1	214	5.2e-06	21	122	26	123	0.801587301587302
GH129.hmm	618	K7432|K7432_013860-T1	502	8.9e-16	323	529	233	487	0.333333333333333
GH13_25.hmm	434	K7432|K7432_013626-T1	857	3e-193	3	434	397	845	0.993087557603687
GH13_3.hmm	210	K7432|K7432_005781-T1	666	3.5e-05	108	182	514	588	0.352380952380952
GH13_5.hmm	342	K7432|K7432_000699-T1	485	1.8e-147	2	341	31	371	0.991228070175439
GH13_5.hmm	342	K7432|K7432_004210-T1	484	1.5e-152	1	342	30	371	0.997076023391813
GH13_5.hmm	342	K7432|K7432_008771-T1	485	1.4e-143	1	341	30	371	0.994152046783626
GH13_5.hmm	342	K7432|K7432_010863-T1	486	1.4e-147	1	342	30	371	0.997076023391813
GH13_8.hmm	293	K7432|K7432_000483-T1	701	3.1e-153	1	293	250	543	0.996587030716723
GH13_8.hmm	293	K7432|K7432_001844-T1	688	2.1e-147	1	293	236	529	0.996587030716723
GH13_8.hmm	293	K7432|K7432_006216-T1	700	2e-154	1	293	250	543	0.996587030716723
GH152.hmm	216	K7432|K7432_004834-T1	258	2.9e-76	1	215	37	258	0.990740740740741
GH152.hmm	216	K7432|K7432_007965-T1	257	4.4e-76	1	215	36	257	0.990740740740741
GH152.hmm	216	K7432|K7432_009074-T1	258	1.4e-76	1	215	37	258	0.990740740740741
GH152.hmm	216	K7432|K7432_010323-T1	260	4.9e-71	1	215	38	260	0.990740740740741
GH152.hmm	216	K7432|K7432_011549-T1	258	6.5e-76	1	215	37	258	0.990740740740741
GH152.hmm	216	K7432|K7432_015345-T1	258	1e-75	1	215	37	258	0.990740740740741
GH152.hmm	216	K7432|K7432_015659-T1	257	3.9e-73	1	215	35	257	0.990740740740741
GH158.hmm	132	K7432|K7432_000158-T1	183	0.00095	39	108	53	131	0.522727272727273
GH15.hmm	361	K7432|K7432_001905-T1	1374	2.2e-15	11	280	23	306	0.745152354570637
GH15.hmm	361	K7432|K7432_001905-T2	1315	1.4e-08	90	280	63	247	0.526315789473684
GH15.hmm	361	K7432|K7432_008314-T1	627	4.4e-79	2	360	243	617	0.991689750692521
GH15.hmm	361	K7432|K7432_008314-T2	535	2.7e-79	2	360	151	525	0.991689750692521
GH15.hmm	361	K7432|K7432_008314-T3	538	2.7e-62	2	262	243	522	0.720221606648199
GH15.hmm	361	K7432|K7432_011335-T1	653	1e-84	2	360	265	642	0.991689750692521
GH15.hmm	361	K7432|K7432_012181-T1	523	6.1e-56	2	239	265	521	0.656509695290859
GH16_19.hmm	174	K7432|K7432_000523-T1	387	1.2e-53	21	172	133	283	0.867816091954023
GH16_19.hmm	174	K7432|K7432_001827-T1	256	2.3e-52	22	174	70	221	0.873563218390805
GH16_19.hmm	174	K7432|K7432_005037-T1	376	2e-50	20	174	130	283	0.885057471264368
GH16_19.hmm	174	K7432|K7432_006812-T1	250	6.3e-55	8	173	47	215	0.948275862068966
GH16_19.hmm	174	K7432|K7432_008654-T1	390	7.7e-53	21	174	132	284	0.879310344827586
GH16_19.hmm	174	K7432|K7432_009225-T1	372	6.3e-53	21	174	130	282	0.879310344827586
GH16_19.hmm	174	K7432|K7432_009823-T1	236	3.5e-53	22	174	56	207	0.873563218390805
GH16_19.hmm	174	K7432|K7432_010186-T1	395	1.4e-54	10	174	111	284	0.942528735632184
GH16_19.hmm	174	K7432|K7432_010524-T1	387	8.8e-45	18	172	132	287	0.885057471264368
GH16_19.hmm	174	K7432|K7432_010525-T1	409	8e-47	21	172	127	284	0.867816091954023
GH16_19.hmm	174	K7432|K7432_011943-T1	421	1e-47	21	172	133	284	0.867816091954023
GH16_19.hmm	174	K7432|K7432_012957-T1	415	1.7e-45	20	173	129	289	0.879310344827586
GH16_19.hmm	174	K7432|K7432_015513-T1	192	1.8e-15	20	81	130	192	0.350574712643678
GH16_23.hmm	192	K7432|K7432_009043-T1	316	4.1e-54	5	186	80	254	0.942708333333333
GH16_23.hmm	192	K7432|K7432_014075-T1	232	4.7e-49	12	189	52	224	0.921875
GH16_2.hmm	326	K7432|K7432_005330-T1	197	4.4e-52	1	112	86	197	0.340490797546012
GH16_2.hmm	326	K7432|K7432_008243-T1	512	1.5e-129	1	326	120	453	0.996932515337423
GH16_2.hmm	326	K7432|K7432_008244-T1	377	4.1e-101	1	241	137	373	0.736196319018405
GH16_2.hmm	326	K7432|K7432_010360-T1	255	1.2e-67	127	326	2	202	0.610429447852761
GH16_2.hmm	326	K7432|K7432_011265-T1	541	5.9e-131	1	326	145	482	0.996932515337423
GH16_2.hmm	326	K7432|K7432_011266-T1	325	5.3e-28	212	326	136	266	0.349693251533742
GH16_2.hmm	326	K7432|K7432_011267-T1	521	5.4e-131	1	326	125	462	0.996932515337423
GH16_2.hmm	326	K7432|K7432_011268-T1	328	4.4e-97	1	227	103	327	0.693251533742331
GH16_2.hmm	326	K7432|K7432_011341-T1	415	6.6e-90	1	326	82	365	0.996932515337423
GH16_2.hmm	326	K7432|K7432_014319-T1	307	2.1e-83	64	326	1	248	0.803680981595092
GH16_2.hmm	326	K7432|K7432_014831-T1	316	4.4e-116	64	326	1	260	0.803680981595092
GH16_4.hmm	316	K7432|K7432_011468-T1	348	9.7e-122	1	316	28	346	0.996835443037975
GH17.hmm	311	K7432|K7432_007240-T1	337	6.2e-33	15	306	80	328	0.935691318327974
GH17.hmm	311	K7432|K7432_010147-T1	364	2.1e-30	16	308	109	356	0.938906752411576
GH17.hmm	311	K7432|K7432_014624-T1	367	8.8e-27	15	306	98	345	0.935691318327974
GH17.hmm	311	K7432|K7432_014907-T1	123	2.3e-24	172	306	1	112	0.430868167202572
GH18.hmm	296	K7432|K7432_000541-T1	624	3.3e-25	3	216	28	276	0.719594594594595
GH18.hmm	296	K7432|K7432_001981-T1	644	6.1e-20	7	260	56	296	0.85472972972973
GH18.hmm	296	K7432|K7432_003008-T1	493	7.5e-78	3	284	22	404	0.949324324324324
GH18.hmm	296	K7432|K7432_003391-T1	389	1.6e-82	3	293	6	358	0.97972972972973
GH18.hmm	296	K7432|K7432_004123-T1	679	1.5e-20	3	194	28	266	0.64527027027027
GH18.hmm	296	K7432|K7432_005454-T1	389	1.3e-76	3	283	28	370	0.945945945945946
GH18.hmm	296	K7432|K7432_006444-T1	576	2.9e-26	3	222	28	283	0.739864864864865
GH18.hmm	296	K7432|K7432_006730-T1	517	8.8e-76	3	284	27	407	0.949324324324324
GH18.hmm	296	K7432|K7432_006752-T1	572	1.2e-24	3	222	28	283	0.739864864864865
GH18.hmm	296	K7432|K7432_007204-T1	447	7.4e-80	3	284	30	412	0.949324324324324
GH18.hmm	296	K7432|K7432_007862-T1	553	2.4e-21	48	279	16	223	0.780405405405405
GH18.hmm	296	K7432|K7432_007862-T2	571	2.4e-23	2	279	29	314	0.935810810810811
GH18.hmm	296	K7432|K7432_008446-T1	646	1.3e-77	3	284	181	523	0.949324324324324
GH18.hmm	296	K7432|K7432_008490-T1	358	1e-20	4	231	73	332	0.766891891891892
GH18.hmm	296	K7432|K7432_008507-T1	491	2.1e-78	3	284	23	404	0.949324324324324
GH18.hmm	296	K7432|K7432_008993-T1	379	3.6e-65	50	283	20	341	0.787162162162162
GH18.hmm	296	K7432|K7432_009812-T1	612	1e-23	3	237	36	323	0.790540540540541
GH18.hmm	296	K7432|K7432_009999-T1	333	1e-21	48	279	73	329	0.780405405405405
GH18.hmm	296	K7432|K7432_010182-T1	295	7e-35	152	284	1	184	0.445945945945946
GH18.hmm	296	K7432|K7432_011082-T1	522	4.6e-75	3	284	27	408	0.949324324324324
GH18.hmm	296	K7432|K7432_011449-T1	511	6.7e-76	3	284	27	408	0.949324324324324
GH18.hmm	296	K7432|K7432_011703-T1	331	1.4e-23	48	279	70	323	0.780405405405405
GH18.hmm	296	K7432|K7432_011984-T1	824	5.6e-22	5	135	653	809	0.439189189189189
GH18.hmm	296	K7432|K7432_012030-T1	608	6.3e-75	3	279	158	495	0.932432432432432
GH18.hmm	296	K7432|K7432_012782-T1	601	3.6e-25	3	220	28	281	0.733108108108108
GH18.hmm	296	K7432|K7432_014685-T1	464	2.2e-75	3	279	2	339	0.932432432432432
GH18.hmm	296	K7432|K7432_014810-T1	835	6.5e-22	21	232	290	539	0.712837837837838
GH18.hmm	296	K7432|K7432_015311-T1	193	5.7e-29	3	122	28	187	0.402027027027027
GH18.hmm	296	K7432|K7432_015953-T1	477	3.3e-23	22	199	22	242	0.597972972972973
GH20.hmm	337	K7432|K7432_000957-T1	217	8.8e-35	173	336	2	170	0.483679525222552
GH20.hmm	337	K7432|K7432_001398-T1	612	1.7e-49	14	336	212	580	0.955489614243323
GH20.hmm	337	K7432|K7432_002437-T1	560	3.5e-36	17	334	2	316	0.940652818991098
GH20.hmm	337	K7432|K7432_002437-T2	711	2.3e-37	9	334	126	448	0.964391691394659
GH20.hmm	337	K7432|K7432_002437-T3	641	1.7e-37	9	334	75	397	0.964391691394659
GH20.hmm	337	K7432|K7432_004980-T1	586	4.3e-94	8	336	188	529	0.973293768545994
GH20.hmm	337	K7432|K7432_005476-T1	562	2e-95	3	336	163	506	0.98813056379822
GH20.hmm	337	K7432|K7432_009778-T1	612	1.7e-46	14	336	212	578	0.955489614243323
GH20.hmm	337	K7432|K7432_010812-T1	325	8.4e-41	8	121	191	303	0.335311572700297
GH20.hmm	337	K7432|K7432_011384-T1	443	2.6e-71	8	252	188	442	0.724035608308605
GH20.hmm	337	K7432|K7432_012384-T1	586	8.6e-91	8	336	188	529	0.973293768545994
GH20.hmm	337	K7432|K7432_013669-T1	390	4.6e-26	211	336	213	343	0.370919881305638
GH20.hmm	337	K7432|K7432_013670-T1	562	2.2e-99	8	336	178	515	0.973293768545994
GH20.hmm	337	K7432|K7432_014698-T1	374	3.7e-95	19	336	1	327	0.940652818991098
GH20.hmm	337	K7432|K7432_016667-T1	391	6.1e-99	8	336	7	344	0.973293768545994
GH20.hmm	337	K7432|K7432_017255-T1	180	2.8e-23	228	336	12	123	0.320474777448071
GH20.hmm	337	K7432|K7432_017999-T1	217	8.2e-35	173	336	2	170	0.483679525222552
GH20.hmm	337	K7432|K7432_018256-T1	161	1.1e-23	228	336	3	114	0.320474777448071
GH20.hmm	337	K7432|K7432_018323-T1	358	3e-101	8	336	7	344	0.973293768545994
GH24.hmm	137	K7432|K7432_001860-T1	262	1.8e-44	1	137	110	248	0.992700729927007
GH24.hmm	137	K7432|K7432_012809-T1	445	1.8e-40	1	137	297	435	0.992700729927007
GH24.hmm	137	K7432|K7432_013366-T1	451	3.3e-41	1	137	303	441	0.992700729927007
GH24.hmm	137	K7432|K7432_018381-T1	170	5.6e-25	53	137	76	160	0.613138686131387
GH25.hmm	177	K7432|K7432_014148-T1	149	1e-32	1	112	28	148	0.627118644067797
GH31.hmm	427	K7432|K7432_004020-T1	856	8.1e-155	3	427	247	730	0.992974238875878
GH31.hmm	427	K7432|K7432_004248-T1	876	5.7e-157	2	427	287	731	0.995316159250585
GH31.hmm	427	K7432|K7432_008600-T1	899	2.3e-158	2	427	240	771	0.995316159250585
GH31.hmm	427	K7432|K7432_009060-T1	608	7.3e-92	2	267	240	608	0.620608899297424
GH31.hmm	427	K7432|K7432_009278-T1	855	8e-150	3	427	246	729	0.992974238875878
GH31.hmm	427	K7432|K7432_011651-T1	983	9.4e-164	1	427	371	857	0.997658079625293
GH32.hmm	293	K7432|K7432_006078-T1	586	5.6e-75	1	286	40	375	0.972696245733788
GH32.hmm	293	K7432|K7432_008564-T1	631	6.1e-64	1	284	49	393	0.965870307167236
GH33.hmm	342	K7432|K7432_006036-T1	2121	1.3e-07	47	285	1589	1876	0.695906432748538
GH37.hmm	491	K7432|K7432_000033-T1	716	9.4e-146	2	489	134	682	0.991853360488798
GH37.hmm	491	K7432|K7432_002632-T1	636	1.7e-143	2	490	75	620	0.993890020366599
GH37.hmm	491	K7432|K7432_004582-T1	597	3.1e-157	2	489	49	583	0.991853360488798
GH37.hmm	491	K7432|K7432_007910-T1	621	2e-138	1	490	67	605	0.995926680244399
GH37.hmm	491	K7432|K7432_017059-T1	387	1.8e-107	2	322	51	380	0.65173116089613
GH38.hmm	269	K7432|K7432_014161-T1	1406	2.5e-50	1	255	68	380	0.944237918215613
GH38.hmm	269	K7432|K7432_014161-T2	1250	1.8e-40	69	255	3	224	0.691449814126394
GH3.hmm	216	K7432|K7432_003531-T1	868	2.6e-57	8	216	68	297	0.962962962962963
GH46.hmm	222	K7432|K7432_000092-T1	324	4e-45	2	222	46	264	0.990990990990991
GH46.hmm	222	K7432|K7432_001806-T1	319	4.4e-48	6	221	76	292	0.968468468468468
GH46.hmm	222	K7432|K7432_001807-T1	320	9e-43	7	218	71	284	0.95045045045045
GH46.hmm	222	K7432|K7432_002472-T1	344	1.5e-45	5	221	75	290	0.972972972972973
GH46.hmm	222	K7432|K7432_002564-T1	339	3.5e-46	8	221	69	284	0.959459459459459
GH46.hmm	222	K7432|K7432_002726-T1	278	9.4e-50	3	221	2	219	0.981981981981982
GH46.hmm	222	K7432|K7432_003145-T1	308	1.1e-47	4	222	53	271	0.981981981981982
GH46.hmm	222	K7432|K7432_003261-T1	323	4.4e-41	3	221	47	263	0.981981981981982
GH46.hmm	222	K7432|K7432_003969-T1	373	1.7e-45	3	220	68	285	0.977477477477477
GH46.hmm	222	K7432|K7432_005789-T1	337	1.4e-41	8	221	70	285	0.959459459459459
GH46.hmm	222	K7432|K7432_006632-T1	319	1.6e-49	4	221	74	292	0.977477477477477
GH46.hmm	222	K7432|K7432_008221-T1	294	3.2e-50	4	222	3	219	0.981981981981982
GH46.hmm	222	K7432|K7432_008702-T1	338	3.9e-43	8	221	67	282	0.959459459459459
GH46.hmm	222	K7432|K7432_012700-T1	326	2.6e-34	7	221	68	280	0.963963963963964
GH46.hmm	222	K7432|K7432_014533-T1	306	2.6e-48	6	221	68	283	0.968468468468468
GH46.hmm	222	K7432|K7432_014900-T1	336	2.2e-43	3	219	30	246	0.972972972972973
GH46.hmm	222	K7432|K7432_014997-T1	321	1.3e-47	3	222	65	284	0.986486486486487
GH46.hmm	222	K7432|K7432_016207-T1	306	1.9e-48	3	222	65	284	0.986486486486487
GH47.hmm	446	K7432|K7432_003505-T1	580	1.2e-165	1	446	129	576	0.997757847533632
GH47.hmm	446	K7432|K7432_003505-T2	516	2.2e-127	1	372	129	503	0.831838565022421
GH47.hmm	446	K7432|K7432_004302-T1	571	6.4e-127	4	445	121	560	0.988789237668161
GH47.hmm	446	K7432|K7432_006152-T1	524	1.2e-151	1	413	94	516	0.923766816143498
GH47.hmm	446	K7432|K7432_006777-T1	555	3.8e-174	1	446	93	548	0.997757847533632
GH47.hmm	446	K7432|K7432_007496-T1	563	7.9e-157	2	446	118	561	0.995515695067265
GH47.hmm	446	K7432|K7432_007496-T2	401	1.3e-135	48	446	1	399	0.89237668161435
GH47.hmm	446	K7432|K7432_007496-T3	474	2.2e-106	2	355	118	471	0.791479820627803
GH47.hmm	446	K7432|K7432_009418-T1	592	1.3e-143	1	444	47	481	0.993273542600897
GH47.hmm	446	K7432|K7432_012259-T1	565	2.4e-159	2	446	121	563	0.995515695067265
GH47.hmm	446	K7432|K7432_013323-T1	295	9.3e-70	66	332	2	262	0.596412556053812
GH5_12.hmm	539	K7432|K7432_000070-T1	714	1.3e-216	1	539	14	541	0.998144712430427
GH5_27.hmm	324	K7432|K7432_010095-T1	501	2.7e-131	1	324	48	380	0.996913580246914
GH5_7.hmm	289	K7432|K7432_004501-T1	402	8.8e-78	3	289	51	352	0.98961937716263
GH5_9.hmm	303	K7432|K7432_000737-T1	410	1.8e-101	1	303	78	383	0.996699669966997
GH5_9.hmm	303	K7432|K7432_003187-T1	459	3.8e-98	1	303	127	432	0.996699669966997
GH5_9.hmm	303	K7432|K7432_009213-T1	484	9.4e-110	1	303	135	451	0.996699669966997
GH5_9.hmm	303	K7432|K7432_014288-T1	494	3e-112	1	303	147	463	0.996699669966997
GH63.hmm	570	K7432|K7432_001081-T1	811	3.2e-34	319	567	595	809	0.435087719298246
GH72.hmm	312	K7432|K7432_005457-T1	503	8.3e-129	3	310	19	321	0.983974358974359
GH72.hmm	312	K7432|K7432_014066-T1	279	7.1e-110	4	269	23	279	0.849358974358974
GH74.hmm	233	K7432|K7432_006036-T1	2121	2.7e-06	32	154	770	897	0.523605150214592
GH74.hmm	233	K7432|K7432_006036-T1	2121	4.4e-05	35	106	1386	1452	0.304721030042918
GH74.hmm	233	K7432|K7432_006036-T1	2121	6.5e-08	21	111	717	801	0.386266094420601
GH74.hmm	233	K7432|K7432_006036-T1	2121	6.7e-08	28	137	44	149	0.467811158798283
GH74.hmm	233	K7432|K7432_006291-T1	1968	3.9e-08	41	115	735	803	0.317596566523605
GH74.hmm	233	K7432|K7432_006291-T1	1968	8.6e-08	17	164	1368	1568	0.630901287553648
GH81.hmm	622	K7432|K7432_003775-T1	653	1e-160	15	622	30	649	0.97588424437299
GH85.hmm	315	K7432|K7432_011784-T1	702	1e-86	1	314	68	356	0.993650793650794
GH89.hmm	663	K7432|K7432_002712-T1	860	1.3e-37	457	661	617	844	0.307692307692308
GH89.hmm	663	K7432|K7432_002712-T1	860	4.2e-141	2	491	74	586	0.737556561085973
GH8.hmm	320	K7432|K7432_004236-T1	355	3.2e-64	3	318	8	346	0.984375
GH8.hmm	320	K7432|K7432_012238-T1	355	1.5e-61	2	318	7	346	0.9875
GH9.hmm	418	K7432|K7432_007264-T1	548	2.2e-114	2	418	31	474	0.995215311004785
GH9.hmm	418	K7432|K7432_008824-T1	338	4.5e-76	2	295	31	333	0.700956937799043
GH9.hmm	418	K7432|K7432_011135-T1	608	7.6e-98	1	418	65	515	0.997607655502392
GH9.hmm	418	K7432|K7432_011803-T1	535	3e-113	2	418	92	528	0.995215311004785
GH9.hmm	418	K7432|K7432_013349-T1	408	4.9e-66	120	418	11	332	0.712918660287081
GH9.hmm	418	K7432|K7432_013445-T1	467	8e-84	2	301	153	459	0.715311004784689
GH9.hmm	418	K7432|K7432_014120-T1	611	3e-96	1	418	65	515	0.997607655502392
GT109.hmm	411	K7432|K7432_008663-T1	385	6e-50	9	392	5	380	0.931873479318735
GT10.hmm	347	K7432|K7432_009652-T1	411	1.7e-68	36	342	4	320	0.881844380403458
GT10.hmm	347	K7432|K7432_010168-T1	249	1.5e-42	191	336	1	155	0.417867435158501
GT10.hmm	347	K7432|K7432_010169-T1	216	3.7e-13	30	161	68	204	0.377521613832853
GT10.hmm	347	K7432|K7432_018486-T1	284	7.1e-33	42	259	47	276	0.62536023054755
GT11.hmm	276	K7432|K7432_009075-T1	322	6.1e-07	7	274	57	314	0.967391304347826
GT11.hmm	276	K7432|K7432_014896-T1	323	2.9e-07	7	274	58	315	0.967391304347826
GT13.hmm	395	K7432|K7432_007538-T1	349	1.3e-13	50	241	58	247	0.483544303797468
GT13.hmm	395	K7432|K7432_010703-T1	332	8.5e-14	58	241	66	247	0.463291139240506
GT13.hmm	395	K7432|K7432_012862-T1	326	5.6e-20	58	276	63	281	0.551898734177215
GT13.hmm	395	K7432|K7432_012862-T2	291	8.6e-19	58	249	63	253	0.483544303797468
GT17.hmm	284	K7432|K7432_009540-T1	374	3.7e-92	2	284	75	367	0.992957746478873
GT17.hmm	284	K7432|K7432_016446-T1	131	3.9e-31	170	284	3	124	0.401408450704225
GT17.hmm	284	K7432|K7432_016979-T1	257	1.3e-76	45	284	1	245	0.841549295774648
GT1.hmm	382	K7432|K7432_001823-T1	1018	9.1e-58	4	374	572	979	0.968586387434555
GT1.hmm	382	K7432|K7432_008426-T1	562	3.1e-29	187	359	258	471	0.450261780104712
GT1.hmm	382	K7432|K7432_010097-T1	475	7.7e-26	220	345	268	409	0.327225130890052
GT1.hmm	382	K7432|K7432_011067-T1	1053	2.3e-62	4	377	583	993	0.976439790575916
GT1.hmm	382	K7432|K7432_011299-T1	601	6.8e-11	95	241	429	591	0.382198952879581
GT1.hmm	382	K7432|K7432_011299-T2	495	3.2e-11	11	241	238	485	0.602094240837696
GT1.hmm	382	K7432|K7432_011645-T1	519	7.3e-19	108	375	130	506	0.698952879581152
GT1.hmm	382	K7432|K7432_012443-T1	546	6.2e-22	188	352	251	446	0.429319371727749
GT1.hmm	382	K7432|K7432_012801-T1	550	1.5e-23	195	352	262	450	0.410994764397906
GT1.hmm	382	K7432|K7432_012972-T1	250	3.4e-24	191	352	30	222	0.421465968586387
GT1.hmm	382	K7432|K7432_015583-T1	550	6.3e-24	115	352	168	450	0.620418848167539
GT20.hmm	475	K7432|K7432_004418-T1	850	1.5e-168	24	474	117	572	0.947368421052632
GT20.hmm	475	K7432|K7432_005426-T1	770	4.1e-200	10	475	12	477	0.978947368421053
GT20.hmm	475	K7432|K7432_005672-T1	780	3.6e-156	13	474	18	499	0.970526315789474
GT20.hmm	475	K7432|K7432_007242-T1	790	7.5e-168	36	474	58	506	0.922105263157895
GT20.hmm	475	K7432|K7432_010395-T1	849	5.6e-169	22	474	115	572	0.951578947368421
GT20.hmm	475	K7432|K7432_013287-T1	769	9.8e-202	7	475	8	476	0.985263157894737
GT21.hmm	233	K7432|K7432_006613-T1	536	3.6e-93	2	233	76	306	0.991416309012876
GT21.hmm	233	K7432|K7432_012808-T1	393	2e-85	17	233	2	217	0.927038626609442
GT22.hmm	389	K7432|K7432_004229-T1	631	6.1e-57	2	361	28	465	0.922879177377892
GT22.hmm	389	K7432|K7432_004229-T2	501	1.9e-56	2	361	28	465	0.922879177377892
GT22.hmm	389	K7432|K7432_004793-T1	628	4e-93	3	389	54	500	0.992287917737789
GT22.hmm	389	K7432|K7432_011368-T1	505	1.1e-109	2	389	8	407	0.994858611825193
GT22.hmm	389	K7432|K7432_013710-T1	501	5.2e-84	4	365	6	389	0.928020565552699
GT22.hmm	389	K7432|K7432_013710-T2	355	5.9e-51	131	365	1	243	0.601542416452442
GT23.hmm	318	K7432|K7432_008542-T1	404	3.4e-16	19	284	101	386	0.833333333333333
GT23.hmm	318	K7432|K7432_008750-T1	428	1.5e-14	20	300	125	421	0.880503144654088
GT23.hmm	318	K7432|K7432_010170-T1	601	4.3e-18	6	277	134	433	0.852201257861635
GT23.hmm	318	K7432|K7432_011871-T1	417	7.3e-17	20	300	115	410	0.880503144654088
GT23.hmm	318	K7432|K7432_012623-T1	408	7.3e-13	150	299	235	400	0.468553459119497
GT23.hmm	318	K7432|K7432_015629-T1	429	3.4e-18	19	305	126	427	0.89937106918239
GT24.hmm	248	K7432|K7432_006560-T1	1534	4.3e-133	1	248	1227	1474	0.995967741935484
GT24.hmm	248	K7432|K7432_006560-T2	1212	3e-133	1	248	905	1152	0.995967741935484
GT28.hmm	157	K7432|K7432_003511-T1	169	1.5e-13	3	125	9	137	0.777070063694268
GT2_Chitin_synth_1.hmm	163	K7432|K7432_005173-T1	802	1.7e-75	1	163	133	296	0.993865030674847
GT2_Chitin_synth_1.hmm	163	K7432|K7432_006200-T1	1015	2.3e-73	1	163	345	508	0.993865030674847
GT2_Chitin_synth_1.hmm	163	K7432|K7432_008853-T1	790	1.8e-70	1	163	124	287	0.993865030674847
GT2_Chitin_synth_1.hmm	163	K7432|K7432_013590-T1	557	8.5e-76	1	163	257	420	0.993865030674847
GT2_Chitin_synth_1.hmm	163	K7432|K7432_013615-T1	847	1.7e-71	1	163	176	339	0.993865030674847
GT2_Chitin_synth_1.hmm	163	K7432|K7432_014757-T1	926	3.7e-76	1	163	245	408	0.993865030674847
GT2_Chitin_synth_1.hmm	163	K7432|K7432_015686-T1	290	2.3e-66	1	146	134	280	0.889570552147239
GT2_Chitin_synth_2.hmm	527	K7432|K7432_000442-T1	1754	1.2e-234	3	527	1149	1655	0.994307400379507
GT2_Chitin_synth_2.hmm	527	K7432|K7432_000476-T1	1911	2.2e-245	2	527	1183	1689	0.996204933586338
GT2_Chitin_synth_2.hmm	527	K7432|K7432_000992-T1	798	8.1e-86	183	500	428	746	0.601518026565465
GT2_Chitin_synth_2.hmm	527	K7432|K7432_002301-T1	1869	1.4e-249	2	527	1161	1667	0.996204933586338
GT2_Chitin_synth_2.hmm	527	K7432|K7432_003256-T1	1072	9e-280	13	526	506	1018	0.973434535104364
GT2_Chitin_synth_2.hmm	527	K7432|K7432_004652-T1	1247	5.7e-283	13	526	663	1174	0.973434535104364
GT2_Chitin_synth_2.hmm	527	K7432|K7432_004769-T1	1155	8.9e-284	13	527	571	1083	0.975332068311195
GT2_Chitin_synth_2.hmm	527	K7432|K7432_005173-T1	802	2e-22	204	375	274	450	0.324478178368121
GT2_Chitin_synth_2.hmm	527	K7432|K7432_005178-T1	1515	2e-234	16	526	736	1234	0.967741935483871
GT2_Chitin_synth_2.hmm	527	K7432|K7432_005434-T1	1035	2.7e-89	21	257	806	1033	0.447817836812144
GT2_Chitin_synth_2.hmm	527	K7432|K7432_005435-T1	389	2.2e-102	283	526	1	242	0.461100569259962
GT2_Chitin_synth_2.hmm	527	K7432|K7432_005552-T1	562	4.4e-277	29	526	1	497	0.943074003795066
GT2_Chitin_synth_2.hmm	527	K7432|K7432_006200-T1	1015	5.4e-23	204	375	486	662	0.324478178368121
GT2_Chitin_synth_2.hmm	527	K7432|K7432_006749-T1	981	4.8e-253	14	526	348	851	0.971537001897533
GT2_Chitin_synth_2.hmm	527	K7432|K7432_007902-T1	1890	6.6e-239	3	527	1168	1674	0.994307400379507
GT2_Chitin_synth_2.hmm	527	K7432|K7432_008364-T1	875	4.3e-255	14	526	348	851	0.971537001897533
GT2_Chitin_synth_2.hmm	527	K7432|K7432_008626-T1	1000	2.7e-282	13	525	431	942	0.971537001897533
GT2_Chitin_synth_2.hmm	527	K7432|K7432_008735-T1	1112	1.2e-284	13	526	539	1051	0.973434535104364
GT2_Chitin_synth_2.hmm	527	K7432|K7432_008853-T1	790	1.4e-22	204	374	265	440	0.32258064516129
GT2_Chitin_synth_2.hmm	527	K7432|K7432_009451-T1	1058	1.6e-279	14	527	497	1008	0.973434535104364
GT2_Chitin_synth_2.hmm	527	K7432|K7432_009877-T1	1854	1e-233	3	527	1146	1652	0.994307400379507
GT2_Chitin_synth_2.hmm	527	K7432|K7432_010251-T1	1883	8.3e-235	3	527	1143	1649	0.994307400379507
GT2_Chitin_synth_2.hmm	527	K7432|K7432_010757-T1	952	2.7e-255	18	526	372	871	0.963946869070209
GT2_Chitin_synth_2.hmm	527	K7432|K7432_010757-T2	838	1.5e-241	18	493	372	838	0.901328273244782
GT2_Chitin_synth_2.hmm	527	K7432|K7432_010931-T1	844	7.3e-111	25	514	125	598	0.927893738140417
GT2_Chitin_synth_2.hmm	527	K7432|K7432_011321-T1	933	1e-250	19	526	352	851	0.962049335863378
GT2_Chitin_synth_2.hmm	527	K7432|K7432_012541-T1	681	4.3e-13	196	374	233	390	0.337760910815939
GT2_Chitin_synth_2.hmm	527	K7432|K7432_012550-T1	270	2.7e-126	283	526	1	244	0.461100569259962
GT2_Chitin_synth_2.hmm	527	K7432|K7432_012551-T1	852	2.4e-78	11	208	593	786	0.373814041745731
GT2_Chitin_synth_2.hmm	527	K7432|K7432_012606-T1	383	8.4e-81	345	527	2	183	0.345351043643264
GT2_Chitin_synth_2.hmm	527	K7432|K7432_012629-T1	1097	3e-278	13	527	524	1037	0.975332068311195
GT2_Chitin_synth_2.hmm	527	K7432|K7432_013034-T1	1195	9.4e-114	23	518	456	932	0.939278937381404
GT2_Chitin_synth_2.hmm	527	K7432|K7432_013437-T1	651	3.2e-82	183	511	271	600	0.622390891840607
GT2_Chitin_synth_2.hmm	527	K7432|K7432_013615-T1	847	2.4e-25	204	411	317	531	0.392789373814042
GT2_Chitin_synth_2.hmm	527	K7432|K7432_013683-T1	1138	1.3e-236	3	526	405	910	0.992409867172676
GT2_Chitin_synth_2.hmm	527	K7432|K7432_014102-T1	508	4e-150	222	527	1	301	0.578747628083491
GT2_Chitin_synth_2.hmm	527	K7432|K7432_014128-T1	246	2.8e-46	317	509	11	201	0.364326375711575
GT2_Chitin_synth_2.hmm	527	K7432|K7432_014497-T1	1028	1e-240	3	526	287	792	0.992409867172676
GT2_Chitin_synth_2.hmm	527	K7432|K7432_014757-T1	926	1.1e-21	204	376	386	563	0.326375711574953
GT2_Chitin_synth_2.hmm	527	K7432|K7432_014804-T1	932	1.5e-254	19	526	353	852	0.962049335863378
GT2_Chitin_synth_2.hmm	527	K7432|K7432_015291-T1	1011	6.7e-237	3	527	289	795	0.994307400379507
GT2_Chitin_synth_2.hmm	527	K7432|K7432_017741-T1	467	2.6e-228	131	526	2	396	0.749525616698292
GT2_Chitin_synth_2.hmm	527	K7432|K7432_018211-T1	221	3.7e-95	335	526	1	192	0.362428842504744
GT2_Glycos_transf_2.hmm	170	K7432|K7432_001138-T1	271	8e-32	1	166	16	185	0.970588235294118
GT2_Glycos_transf_2.hmm	170	K7432|K7432_004892-T1	317	2.3e-28	1	169	62	242	0.988235294117647
GT2_Glyco_tranf_2_3.hmm	230	K7432|K7432_001035-T1	481	3.7e-31	3	230	52	285	0.98695652173913
GT2_Glyco_tranf_2_3.hmm	230	K7432|K7432_001069-T1	483	4.3e-29	3	230	52	285	0.98695652173913
GT2_Glyco_tranf_2_3.hmm	230	K7432|K7432_001249-T1	471	3.8e-28	3	230	52	285	0.98695652173913
GT2_Glyco_tranf_2_3.hmm	230	K7432|K7432_002513-T1	666	6.7e-11	5	227	98	386	0.965217391304348
GT2_Glyco_tranf_2_3.hmm	230	K7432|K7432_008211-T1	485	3.2e-31	2	230	51	285	0.991304347826087
GT2_Glyco_tranf_2_3.hmm	230	K7432|K7432_008888-T1	480	2.2e-28	2	230	51	285	0.991304347826087
GT2_Glyco_tranf_2_3.hmm	230	K7432|K7432_009690-T1	442	7e-16	50	228	176	359	0.773913043478261
GT2_Glyco_tranf_2_3.hmm	230	K7432|K7432_011122-T1	750	8e-16	35	228	334	534	0.839130434782609
GT2_Glyco_tranf_2_3.hmm	230	K7432|K7432_015704-T1	312	7.6e-28	3	230	51	284	0.98695652173913
GT2_Glyco_trans_2_3.hmm	197	K7432|K7432_012321-T1	391	0.0001	124	195	6	75	0.360406091370558
GT31.hmm	192	K7432|K7432_001437-T1	961	1.3e-34	2	191	241	429	0.984375
GT31.hmm	192	K7432|K7432_011892-T1	408	1e-08	60	187	144	265	0.661458333333333
GT31.hmm	192	K7432|K7432_012545-T1	423	1.7e-07	61	187	159	279	0.65625
GT31.hmm	192	K7432|K7432_013783-T1	528	9.4e-11	3	115	81	206	0.583333333333333
GT31.hmm	192	K7432|K7432_015146-T1	392	5.1e-14	56	182	131	239	0.65625
GT31.hmm	192	K7432|K7432_017763-T1	393	4.8e-09	18	115	110	220	0.505208333333333
GT32.hmm	90	K7432|K7432_001437-T1	961	1.2e-09	6	80	580	680	0.822222222222222
GT32.hmm	90	K7432|K7432_006549-T1	447	5.6e-11	20	87	205	265	0.744444444444444
GT32.hmm	90	K7432|K7432_015804-T1	442	1.1e-08	40	86	218	263	0.511111111111111
GT32.hmm	90	K7432|K7432_016336-T1	346	8.1e-14	40	88	161	210	0.533333333333333
GT33.hmm	425	K7432|K7432_012419-T1	465	7.5e-169	1	424	23	462	0.995294117647059
GT34.hmm	246	K7432|K7432_001499-T1	365	2.1e-45	8	241	124	320	0.947154471544715
GT34.hmm	246	K7432|K7432_001771-T1	294	2.6e-51	3	241	70	271	0.967479674796748
GT34.hmm	246	K7432|K7432_004107-T1	294	4.2e-50	3	242	70	272	0.971544715447154
GT34.hmm	246	K7432|K7432_004776-T1	288	1.3e-49	4	242	66	266	0.967479674796748
GT34.hmm	246	K7432|K7432_004777-T1	283	2.5e-49	4	242	61	261	0.967479674796748
GT34.hmm	246	K7432|K7432_004955-T1	263	1.2e-37	15	244	50	250	0.930894308943089
GT34.hmm	246	K7432|K7432_004955-T2	216	7.9e-38	20	244	8	203	0.910569105691057
GT34.hmm	246	K7432|K7432_006210-T1	272	2.5e-40	6	241	40	246	0.955284552845528
GT34.hmm	246	K7432|K7432_008470-T1	289	7.8e-48	4	245	60	268	0.979674796747967
GT34.hmm	246	K7432|K7432_010245-T1	139	6.8e-08	129	235	29	120	0.430894308943089
GT34.hmm	246	K7432|K7432_013783-T1	528	4.6e-21	27	234	335	508	0.841463414634146
GT34.hmm	246	K7432|K7432_013922-T1	264	1.6e-41	8	241	49	249	0.947154471544715
GT35.hmm	674	K7432|K7432_001298-T1	861	1.3e-284	2	674	142	856	0.997032640949555
GT35.hmm	674	K7432|K7432_008391-T1	862	3.3e-280	2	674	142	857	0.997032640949555
GT39.hmm	223	K7432|K7432_001211-T1	745	1.6e-71	2	223	54	294	0.991031390134529
GT39.hmm	223	K7432|K7432_003488-T1	847	4e-76	2	223	51	291	0.991031390134529
GT39.hmm	223	K7432|K7432_006023-T1	758	8.1e-74	2	223	56	297	0.991031390134529
GT39.hmm	223	K7432|K7432_007149-T1	731	3.2e-70	2	223	57	295	0.991031390134529
GT39.hmm	223	K7432|K7432_008027-T1	627	3.4e-46	51	223	1	191	0.771300448430493
GT39.hmm	223	K7432|K7432_013905-T1	515	5e-72	2	223	55	293	0.991031390134529
GT39.hmm	223	K7432|K7432_014368-T1	189	1.5e-35	2	105	65	185	0.461883408071749
GT39.hmm	223	K7432|K7432_014369-T1	148	3.9e-24	126	223	1	101	0.434977578475336
GT39.hmm	223	K7432|K7432_015931-T1	182	5.2e-36	1	103	55	174	0.457399103139013
GT3.hmm	637	K7432|K7432_002429-T1	659	1.8e-291	1	623	14	628	0.976452119309262
GT3.hmm	637	K7432|K7432_006577-T1	669	1.4e-299	1	624	14	631	0.978021978021978
GT3.hmm	637	K7432|K7432_010989-T1	669	2.9e-300	1	624	14	631	0.978021978021978
GT48.hmm	739	K7432|K7432_000996-T1	1831	2.1e-291	6	727	820	1588	0.975642760487145
GT48.hmm	739	K7432|K7432_006144-T1	1297	4.4e-174	2	382	865	1295	0.514208389715832
GT48.hmm	739	K7432|K7432_012832-T1	1836	2.4e-295	2	729	821	1595	0.983761840324763
GT48.hmm	739	K7432|K7432_017196-T1	600	1e-112	373	727	1	354	0.479025710419486
GT49.hmm	337	K7432|K7432_002962-T1	425	1e-46	42	326	94	386	0.84272997032641
GT49.hmm	337	K7432|K7432_004736-T1	395	1.5e-46	49	306	49	310	0.762611275964392
GT49.hmm	337	K7432|K7432_005024-T1	417	1.2e-47	48	327	96	383	0.827893175074184
GT49.hmm	337	K7432|K7432_017604-T1	214	2e-25	153	302	1	157	0.44213649851632
GT4.hmm	160	K7432|K7432_000999-T1	440	1e-13	53	154	273	396	0.63125
GT4.hmm	160	K7432|K7432_001522-T1	451	1.2e-12	69	123	314	367	0.3375
GT4.hmm	160	K7432|K7432_004262-T1	453	2e-32	8	154	219	392	0.9125
GT4.hmm	160	K7432|K7432_004917-T1	444	3.7e-31	7	150	194	335	0.89375
GT4.hmm	160	K7432|K7432_004917-T2	347	2.4e-23	7	110	194	297	0.64375
GT4.hmm	160	K7432|K7432_008052-T1	175	4e-22	24	151	2	137	0.79375
GT4.hmm	160	K7432|K7432_010233-T1	650	1.9e-36	7	159	428	598	0.95
GT4.hmm	160	K7432|K7432_010629-T1	1039	1.1e-06	7	93	408	497	0.5375
GT4.hmm	160	K7432|K7432_016673-T1	461	1.5e-12	67	157	321	433	0.5625
GT50.hmm	262	K7432|K7432_007119-T1	236	4e-26	1	101	128	236	0.381679389312977
GT57.hmm	481	K7432|K7432_000717-T1	502	6.8e-163	4	480	20	492	0.98960498960499
GT57.hmm	481	K7432|K7432_006363-T1	491	8.9e-149	2	480	34	475	0.993762993762994
GT58.hmm	364	K7432|K7432_010104-T1	425	1.2e-142	2	364	34	392	0.994505494505495
GT59.hmm	404	K7432|K7432_013185-T1	473	3.5e-121	2	404	30	425	0.995049504950495
GT5.hmm	472	K7432|K7432_007832-T1	664	4.2e-52	2	463	99	645	0.976694915254237
GT61.hmm	242	K7432|K7432_002064-T1	548	5.8e-07	94	234	158	329	0.578512396694215
GT66.hmm	693	K7432|K7432_001588-T1	737	1.7e-194	9	600	13	663	0.852813852813853
GT68.hmm	350	K7432|K7432_001838-T1	500	5.9e-09	205	340	311	474	0.385714285714286
GT68.hmm	350	K7432|K7432_003895-T1	442	1.5e-09	211	339	252	427	0.365714285714286
GT68.hmm	350	K7432|K7432_003902-T1	467	1.3e-08	193	337	267	451	0.411428571428571
GT68.hmm	350	K7432|K7432_005536-T1	474	5.9e-09	203	337	272	458	0.382857142857143
GT68.hmm	350	K7432|K7432_005536-T2	347	5.2e-09	205	337	147	331	0.377142857142857
GT68.hmm	350	K7432|K7432_007274-T1	441	3.9e-08	220	336	249	434	0.331428571428571
GT68.hmm	350	K7432|K7432_007275-T1	309	8.2e-07	207	337	80	293	0.371428571428571
GT68.hmm	350	K7432|K7432_007419-T1	444	2.2e-10	197	337	202	428	0.4
GT68.hmm	350	K7432|K7432_007729-T1	552	6.4e-16	58	347	151	534	0.825714285714286
GT68.hmm	350	K7432|K7432_015932-T1	237	7.4e-12	192	347	65	226	0.442857142857143
GT69.hmm	239	K7432|K7432_003795-T1	403	4.8e-67	1	238	106	337	0.99163179916318
GT76.hmm	407	K7432|K7432_005593-T1	540	2.2e-114	3	407	65	540	0.992628992628993
GT76.hmm	407	K7432|K7432_016408-T1	545	8.3e-119	4	407	69	545	0.99017199017199
GT8.hmm	257	K7432|K7432_004994-T1	287	2e-50	31	254	10	260	0.867704280155642
GT8.hmm	257	K7432|K7432_007010-T1	303	4.1e-47	30	253	3	213	0.867704280155642
GT8.hmm	257	K7432|K7432_007010-T2	318	4.7e-47	30	253	3	213	0.867704280155642
PL14_3.hmm	190	K7432|K7432_007114-T1	148	1.3e-25	95	189	5	98	0.494736842105263
PL14_3.hmm	190	K7432|K7432_011456-T1	299	3e-59	3	179	88	283	0.926315789473684
PL14_5.hmm	210	K7432|K7432_002240-T1	315	2.1e-60	2	209	71	278	0.985714285714286
PL14_5.hmm	210	K7432|K7432_003382-T1	327	1.4e-57	9	209	77	278	0.952380952380952
PL14_5.hmm	210	K7432|K7432_003547-T1	315	1.5e-63	2	209	72	278	0.985714285714286
PL14_5.hmm	210	K7432|K7432_005456-T1	275	4e-63	3	209	61	267	0.980952380952381
PL14_5.hmm	210	K7432|K7432_007651-T1	284	5.1e-65	3	209	65	272	0.980952380952381
PL14_5.hmm	210	K7432|K7432_009205-T1	285	1.9e-58	4	209	72	277	0.976190476190476
PL14_5.hmm	210	K7432|K7432_009805-T1	321	7.4e-55	15	209	85	277	0.923809523809524
PL14_5.hmm	210	K7432|K7432_011728-T1	250	3.7e-50	3	206	36	242	0.966666666666667
PL14.hmm	200	K7432|K7432_003462-T1	292	6.1e-64	5	198	81	288	0.965
PL14.hmm	200	K7432|K7432_003463-T1	283	6.9e-60	3	197	74	278	0.97
PL14.hmm	200	K7432|K7432_005996-T1	353	9.4e-51	3	197	113	332	0.97
PL14.hmm	200	K7432|K7432_011455-T1	287	3.6e-58	3	198	75	283	0.975
PL14.hmm	200	K7432|K7432_011457-T1	255	9.2e-61	4	199	44	252	0.975
PL1.hmm	202	K7432|K7432_002352-T1	554	0.00098	62	123	306	372	0.301980198019802
PL22_1.hmm	106	K7432|K7432_016604-T1	672	0.00025	5	49	21	62	0.415094339622642
PL22_2.hmm	197	K7432|K7432_002143-T1	677	0.00068	3	88	341	420	0.431472081218274
PL29.hmm	301	K7432|K7432_005388-T1	582	1.8e-17	12	277	142	417	0.880398671096346
PL29.hmm	301	K7432|K7432_005780-T1	544	1.4e-07	111	276	193	374	0.548172757475083
PL29.hmm	301	K7432|K7432_008971-T1	611	1.8e-08	50	276	200	437	0.750830564784053
PL29.hmm	301	K7432|K7432_012974-T1	610	8.3e-09	20	275	168	435	0.847176079734219
PL29.hmm	301	K7432|K7432_015492-T1	308	9.1e-07	10	147	134	265	0.45514950166113
PL38.hmm	279	K7432|K7432_000173-T1	838	8.4e-14	117	267	566	735	0.537634408602151
PL38.hmm	279	K7432|K7432_000885-T1	424	8e-103	1	279	58	336	0.996415770609319
PL38.hmm	279	K7432|K7432_001576-T1	401	6.8e-95	1	279	70	348	0.996415770609319
PL38.hmm	279	K7432|K7432_001856-T1	435	3.9e-99	1	276	87	362	0.985663082437276
PL38.hmm	279	K7432|K7432_002851-T1	438	1.9e-100	1	279	71	349	0.996415770609319
PL38.hmm	279	K7432|K7432_003821-T1	369	5.3e-84	1	276	30	302	0.985663082437276
PL38.hmm	279	K7432|K7432_004224-T1	806	1.6e-12	119	273	552	721	0.551971326164875
PL38.hmm	279	K7432|K7432_006161-T1	444	1.3e-74	4	274	119	387	0.967741935483871
PL38.hmm	279	K7432|K7432_007874-T1	401	4.9e-98	1	279	70	348	0.996415770609319
PL38.hmm	279	K7432|K7432_007984-T1	455	1.7e-103	2	279	82	359	0.992831541218638
PL6_2.hmm	356	K7432|K7432_011988-T1	480	1.6e-83	2	355	44	394	0.991573033707865
PL6_2.hmm	356	K7432|K7432_011989-T1	480	1.4e-84	3	355	45	394	0.98876404494382
PL6_2.hmm	356	K7432|K7432_013077-T1	251	7.5e-44	3	199	45	246	0.550561797752809
PL6_2.hmm	356	K7432|K7432_013078-T1	480	1.4e-83	3	355	45	394	0.98876404494382
PL6_2.hmm	356	K7432|K7432_013079-T1	480	2.4e-83	1	355	43	394	0.99438202247191
PL6_2.hmm	356	K7432|K7432_016796-T1	251	7.3e-43	3	201	45	248	0.556179775280899
PL7_3.hmm	214	K7432|K7432_006742-T1	352	0.00096	7	75	170	238	0.317757009345794
SLH.hmm	42	K7432|K7432_006017-T1	659	2.1e-05	1	42	495	536	0.976190476190476
SLH.hmm	42	K7432|K7432_008916-T1	659	6.4e-05	1	42	495	536	0.976190476190476
SLH.hmm	42	K7432|K7432_017309-T1	83	3.1e-06	4	37	22	53	0.785714285714286
SLH.hmm	42	K7432|K7432_018429-T1	339	0.00017	1	42	263	304	0.976190476190476
