AA10.hmm	178	EC986|EC986_016435-T1	296	3.2e-06	22	177	43	208	0.870786516853933
AA11.hmm	191	EC986|EC986_001064-T1	338	2.3e-40	12	163	44	182	0.790575916230366
AA11.hmm	191	EC986|EC986_001065-T1	428	3.4e-40	17	164	49	184	0.769633507853403
AA11.hmm	191	EC986|EC986_002814-T1	208	1.6e-29	13	163	39	182	0.785340314136126
AA11.hmm	191	EC986|EC986_002815-T1	213	3.9e-31	13	162	44	186	0.780104712041885
AA11.hmm	191	EC986|EC986_002818-T1	205	1.8e-31	15	162	41	178	0.769633507853403
AA11.hmm	191	EC986|EC986_002908-T1	285	1.5e-32	12	162	45	186	0.785340314136126
AA11.hmm	191	EC986|EC986_003612-T1	206	9.5e-36	13	163	41	180	0.785340314136126
AA11.hmm	191	EC986|EC986_003613-T1	205	1.2e-35	13	163	40	179	0.785340314136126
AA11.hmm	191	EC986|EC986_003614-T1	205	3.4e-35	17	163	44	179	0.764397905759162
AA11.hmm	191	EC986|EC986_004023-T1	347	7.4e-41	1	182	14	185	0.947643979057592
AA11.hmm	191	EC986|EC986_004527-T1	117	6e-18	6	97	36	116	0.476439790575916
AA11.hmm	191	EC986|EC986_004940-T1	212	1.3e-42	1	163	4	164	0.848167539267016
AA11.hmm	191	EC986|EC986_005315-T1	213	5.5e-31	14	163	45	187	0.780104712041885
AA11.hmm	191	EC986|EC986_005515-T1	346	2.3e-32	1	163	19	173	0.848167539267016
AA11.hmm	191	EC986|EC986_007212-T1	395	4.9e-34	1	163	19	173	0.848167539267016
AA11.hmm	191	EC986|EC986_007281-T1	262	1.1e-06	5	146	28	193	0.738219895287958
AA11.hmm	191	EC986|EC986_007433-T1	217	7.1e-34	1	164	18	174	0.853403141361257
AA11.hmm	191	EC986|EC986_008713-T1	297	2.1e-40	16	163	27	161	0.769633507853403
AA11.hmm	191	EC986|EC986_009511-T1	205	8.9e-35	15	163	42	179	0.774869109947644
AA11.hmm	191	EC986|EC986_010084-T1	128	1.2e-14	1	116	19	128	0.602094240837696
AA11.hmm	191	EC986|EC986_010448-T1	193	6.6e-34	22	163	40	167	0.738219895287958
AA11.hmm	191	EC986|EC986_011470-T1	193	4.5e-34	25	163	22	145	0.722513089005236
AA11.hmm	191	EC986|EC986_011475-T1	105	1.6e-09	17	78	45	103	0.319371727748691
AA11.hmm	191	EC986|EC986_011535-T1	126	1.9e-14	11	98	39	121	0.455497382198953
AA11.hmm	191	EC986|EC986_012433-T1	189	3.4e-36	13	163	24	163	0.785340314136126
AA11.hmm	191	EC986|EC986_012657-T1	211	1.2e-19	102	184	7	89	0.429319371727749
AA11.hmm	191	EC986|EC986_013879-T1	213	1.2e-30	16	163	47	187	0.769633507853403
AA11.hmm	191	EC986|EC986_014188-T1	78	3e-18	43	122	5	78	0.413612565445026
AA11.hmm	191	EC986|EC986_014497-T1	266	9.6e-39	45	163	4	113	0.617801047120419
AA11.hmm	191	EC986|EC986_014582-T1	404	0.00047	92	151	158	227	0.308900523560209
AA11.hmm	191	EC986|EC986_015274-T1	294	2.3e-18	102	163	8	67	0.319371727748691
AA11.hmm	191	EC986|EC986_015433-T1	206	2.4e-34	12	163	40	180	0.790575916230366
AA11.hmm	191	EC986|EC986_015450-T1	249	4.9e-06	42	146	59	186	0.544502617801047
AA11.hmm	191	EC986|EC986_015958-T1	114	1.9e-11	25	88	60	111	0.329842931937173
AA11.hmm	191	EC986|EC986_016169-T1	187	1e-36	1	166	5	162	0.863874345549738
AA11.hmm	191	EC986|EC986_016402-T1	155	6.7e-35	25	163	5	129	0.722513089005236
AA11.hmm	191	EC986|EC986_016417-T1	144	1.5e-22	16	125	43	143	0.570680628272251
AA3_2.hmm	568	EC986|EC986_001627-T1	593	5.3e-68	212	566	239	592	0.623239436619718
AA3_2.hmm	568	EC986|EC986_002276-T1	593	3.4e-70	212	566	239	592	0.623239436619718
AA3_2.hmm	568	EC986|EC986_003482-T1	607	8e-100	2	567	31	604	0.994718309859155
AA3_2.hmm	568	EC986|EC986_003832-T1	593	1.1e-69	212	566	239	592	0.623239436619718
AA3_2.hmm	568	EC986|EC986_004216-T1	605	2.1e-98	2	567	31	603	0.994718309859155
AA3_2.hmm	568	EC986|EC986_004341-T1	352	2.5e-60	2	313	20	351	0.547535211267606
AA3_2.hmm	568	EC986|EC986_005502-T1	580	3e-86	1	530	22	580	0.931338028169014
AA3_2.hmm	568	EC986|EC986_006574-T1	591	7.6e-92	2	566	20	588	0.992957746478873
AA3_2.hmm	568	EC986|EC986_007535-T1	342	4.4e-67	237	566	3	329	0.579225352112676
AA3_2.hmm	568	EC986|EC986_008709-T1	275	2.2e-53	278	567	1	273	0.508802816901408
AA3_2.hmm	568	EC986|EC986_009072-T1	591	4.5e-91	2	566	20	588	0.992957746478873
AA3_2.hmm	568	EC986|EC986_011514-T1	253	4.7e-25	3	229	20	252	0.397887323943662
AA3_2.hmm	568	EC986|EC986_012245-T1	484	2.3e-76	92	567	1	482	0.836267605633803
AA3_2.hmm	568	EC986|EC986_012709-T1	553	1.8e-52	1	353	142	545	0.619718309859155
AA3_2.hmm	568	EC986|EC986_013359-T1	548	1e-76	3	527	20	548	0.922535211267606
AA3_2.hmm	568	EC986|EC986_014261-T1	490	3.1e-67	58	536	9	490	0.841549295774648
AA3_2.hmm	568	EC986|EC986_016303-T1	333	2.9e-40	97	361	2	312	0.464788732394366
AA3.hmm	618	EC986|EC986_001742-T1	350	1.6e-39	83	279	27	350	0.317152103559871
AA4.hmm	522	EC986|EC986_009758-T1	524	6.4e-19	17	191	51	226	0.333333333333333
AA6.hmm	195	EC986|EC986_007385-T1	267	5.7e-75	1	194	8	201	0.98974358974359
AA6.hmm	195	EC986|EC986_007386-T1	247	3.1e-74	2	194	6	198	0.984615384615385
AA6.hmm	195	EC986|EC986_007972-T1	397	4.4e-74	1	194	5	198	0.98974358974359
AA6.hmm	195	EC986|EC986_008774-T1	247	2.2e-74	2	194	6	198	0.984615384615385
AA6.hmm	195	EC986|EC986_008775-T1	212	3.5e-56	48	194	1	146	0.748717948717949
AA7.hmm	458	EC986|EC986_001881-T1	500	2.3e-96	3	458	54	490	0.993449781659389
AA7.hmm	458	EC986|EC986_001882-T1	493	5.8e-103	3	458	54	490	0.993449781659389
AA7.hmm	458	EC986|EC986_002427-T1	500	1.5e-98	3	458	54	490	0.993449781659389
AA7.hmm	458	EC986|EC986_005391-T1	314	9e-83	3	220	54	273	0.473799126637555
AA7.hmm	458	EC986|EC986_007391-T1	282	2.3e-34	149	458	1	277	0.674672489082969
AA7.hmm	458	EC986|EC986_008522-T1	418	5.9e-95	25	458	1	415	0.945414847161572
AA7.hmm	458	EC986|EC986_010168-T1	449	4e-81	4	315	55	367	0.679039301310044
AA7.hmm	458	EC986|EC986_010172-T1	463	1.1e-17	5	187	17	200	0.397379912663755
AA7.hmm	458	EC986|EC986_010508-T1	497	5.7e-87	3	219	54	272	0.471615720524017
AA7.hmm	458	EC986|EC986_013299-T1	324	2.6e-87	3	219	54	272	0.471615720524017
AA7.hmm	458	EC986|EC986_014099-T1	257	7.7e-10	177	453	1	255	0.602620087336245
AA9.hmm	220	EC986|EC986_003603-T1	296	3.5e-09	3	201	10	223	0.9
CBM13.hmm	188	EC986|EC986_007921-T1	157	3.4e-06	5	134	26	155	0.686170212765957
CBM18.hmm	38	EC986|EC986_000470-T1	516	2.5e-11	2	38	138	174	0.947368421052632
CBM18.hmm	38	EC986|EC986_003489-T1	365	0.00018	2	35	27	58	0.868421052631579
CBM18.hmm	38	EC986|EC986_004012-T1	345	1.2e-06	5	35	25	56	0.789473684210526
CBM18.hmm	38	EC986|EC986_008146-T1	90	3.9e-05	7	36	34	64	0.763157894736842
CBM19.hmm	45	EC986|EC986_000738-T1	496	9.6e-08	10	44	439	475	0.755555555555556
CBM19.hmm	45	EC986|EC986_000762-T1	81	5.3e-08	7	43	30	68	0.8
CBM19.hmm	45	EC986|EC986_001033-T1	81	7.2e-08	8	43	31	68	0.777777777777778
CBM19.hmm	45	EC986|EC986_011534-T1	137	0.0006	11	45	94	127	0.755555555555556
CBM19.hmm	45	EC986|EC986_012657-T1	211	1.4e-05	15	45	173	202	0.666666666666667
CBM19.hmm	45	EC986|EC986_013408-T1	113	2.4e-06	11	45	79	112	0.755555555555556
CBM21.hmm	107	EC986|EC986_002545-T1	379	7.8e-29	3	106	115	227	0.962616822429907
CBM32.hmm	124	EC986|EC986_002455-T1	312	4.3e-06	11	89	146	232	0.629032258064516
CBM32.hmm	124	EC986|EC986_008239-T1	141	9.1e-08	10	63	17	72	0.42741935483871
CBM32.hmm	124	EC986|EC986_010603-T1	141	9.4e-08	11	56	18	70	0.362903225806452
CBM43.hmm	83	EC986|EC986_001342-T1	502	5.2e-13	2	82	367	457	0.963855421686747
CBM43.hmm	83	EC986|EC986_001343-T1	529	4.6e-13	2	82	366	457	0.963855421686747
CBM43.hmm	83	EC986|EC986_004127-T1	462	1.3e-14	2	82	326	417	0.963855421686747
CBM43.hmm	83	EC986|EC986_007374-T1	501	4.8e-13	2	82	367	457	0.963855421686747
CBM43.hmm	83	EC986|EC986_013205-T1	305	2.8e-13	2	82	142	233	0.963855421686747
CBM48.hmm	76	EC986|EC986_006978-T1	709	4.1e-09	2	48	74	130	0.605263157894737
CBM63.hmm	78	EC986|EC986_001425-T1	216	8.8e-15	2	77	130	205	0.961538461538462
CBM63.hmm	78	EC986|EC986_001935-T1	216	1.5e-14	2	77	130	205	0.961538461538462
CBM63.hmm	78	EC986|EC986_004291-T1	242	2e-18	3	72	138	206	0.884615384615385
CBM63.hmm	78	EC986|EC986_006825-T1	214	6.5e-21	2	75	128	200	0.935897435897436
CBM63.hmm	78	EC986|EC986_007496-T1	214	1.1e-17	2	75	128	200	0.935897435897436
CBM63.hmm	78	EC986|EC986_007849-T1	214	6.7e-18	2	75	128	200	0.935897435897436
CBM63.hmm	78	EC986|EC986_010255-T1	214	1.4e-19	2	75	128	200	0.935897435897436
CBM63.hmm	78	EC986|EC986_010765-T1	214	5.3e-21	2	75	128	200	0.935897435897436
CBM63.hmm	78	EC986|EC986_010831-T1	212	8e-25	2	76	126	199	0.948717948717949
CBM68.hmm	94	EC986|EC986_001095-T1	364	0.00042	12	83	152	223	0.75531914893617
CE12.hmm	210	EC986|EC986_001444-T1	236	2.8e-13	2	153	8	175	0.719047619047619
CE12.hmm	210	EC986|EC986_005016-T1	235	5.4e-13	2	153	8	174	0.719047619047619
CE12.hmm	210	EC986|EC986_005823-T1	235	1e-13	2	153	8	174	0.719047619047619
CE12.hmm	210	EC986|EC986_009152-T1	236	5.6e-14	2	153	8	175	0.719047619047619
CE16.hmm	267	EC986|EC986_002247-T1	296	5.7e-16	5	266	27	286	0.97752808988764
CE16.hmm	267	EC986|EC986_002248-T1	281	3.4e-08	5	266	27	271	0.97752808988764
CE16.hmm	267	EC986|EC986_002249-T1	296	3.3e-17	5	266	27	286	0.97752808988764
CE16.hmm	267	EC986|EC986_002250-T1	296	2.9e-17	5	266	27	286	0.97752808988764
CE16.hmm	267	EC986|EC986_002251-T1	294	6.7e-14	5	264	26	282	0.970037453183521
CE16.hmm	267	EC986|EC986_003471-T1	294	5.8e-09	31	266	49	284	0.880149812734082
CE16.hmm	267	EC986|EC986_003843-T1	310	4.2e-10	1	264	28	287	0.98501872659176
CE16.hmm	267	EC986|EC986_003844-T1	305	3.7e-15	1	263	24	274	0.9812734082397
CE16.hmm	267	EC986|EC986_004652-T1	294	4.1e-14	5	262	26	280	0.962546816479401
CE16.hmm	267	EC986|EC986_004653-T1	297	2.1e-13	5	260	29	281	0.955056179775281
CE16.hmm	267	EC986|EC986_005466-T1	296	5e-16	29	262	48	282	0.872659176029963
CE16.hmm	267	EC986|EC986_008685-T1	241	1.3e-12	59	264	12	211	0.767790262172285
CE16.hmm	267	EC986|EC986_009105-T1	298	2e-14	1	266	23	286	0.99250936329588
CE16.hmm	267	EC986|EC986_009421-T1	296	6.5e-16	5	266	27	286	0.97752808988764
CE16.hmm	267	EC986|EC986_009727-T1	254	2.2e-16	1	257	4	248	0.958801498127341
CE16.hmm	267	EC986|EC986_010748-T1	296	2.8e-17	5	266	27	286	0.97752808988764
CE16.hmm	267	EC986|EC986_010894-T1	294	4.4e-15	5	264	26	282	0.970037453183521
CE16.hmm	267	EC986|EC986_011204-T1	231	6.5e-06	37	262	3	228	0.842696629213483
CE16.hmm	267	EC986|EC986_012199-T1	175	1.8e-07	138	266	18	163	0.47940074906367
CE16.hmm	267	EC986|EC986_012471-T1	295	1.2e-07	1	266	24	285	0.99250936329588
CE16.hmm	267	EC986|EC986_013366-T1	258	8.9e-13	5	255	8	256	0.936329588014981
CE1.hmm	227	EC986|EC986_001796-T1	274	9.7e-08	4	202	21	248	0.872246696035242
CE1.hmm	227	EC986|EC986_003852-T1	411	3.3e-06	91	209	43	154	0.519823788546256
CE1.hmm	227	EC986|EC986_004659-T1	396	6.4e-06	29	143	71	200	0.502202643171806
CE1.hmm	227	EC986|EC986_005168-T1	640	6.4e-09	12	207	390	639	0.859030837004405
CE1.hmm	227	EC986|EC986_006281-T1	396	1.5e-06	29	143	71	209	0.502202643171806
CE1.hmm	227	EC986|EC986_007006-T1	367	2.6e-09	6	216	116	345	0.92511013215859
CE1.hmm	227	EC986|EC986_007969-T1	224	4.7e-12	27	208	17	203	0.797356828193833
CE1.hmm	227	EC986|EC986_008201-T1	222	1.3e-11	27	208	17	201	0.797356828193833
CE1.hmm	227	EC986|EC986_008205-T1	482	3.5e-10	26	222	18	222	0.863436123348018
CE1.hmm	227	EC986|EC986_008565-T1	491	7.8e-09	13	214	257	476	0.885462555066079
CE1.hmm	227	EC986|EC986_008918-T1	274	3.2e-08	4	202	21	248	0.872246696035242
CE1.hmm	227	EC986|EC986_010655-T1	268	5.9e-10	10	194	23	253	0.81057268722467
CE3.hmm	194	EC986|EC986_012412-T1	97	0.00078	125	189	4	73	0.329896907216495
CE4.hmm	130	EC986|EC986_002784-T1	229	2.7e-33	8	126	38	159	0.907692307692308
CE4.hmm	130	EC986|EC986_003208-T1	272	5.9e-14	6	127	21	146	0.930769230769231
CE4.hmm	130	EC986|EC986_008753-T1	272	5.9e-14	6	127	21	146	0.930769230769231
CE4.hmm	130	EC986|EC986_009447-T1	190	2.6e-12	15	101	93	179	0.661538461538462
CE4.hmm	130	EC986|EC986_012285-T1	195	1.8e-35	8	126	11	132	0.907692307692308
CE5.hmm	189	EC986|EC986_004898-T1	324	0.00022	57	134	169	242	0.407407407407407
CE5.hmm	189	EC986|EC986_005507-T1	326	0.00012	44	126	159	237	0.433862433862434
CE9.hmm	373	EC986|EC986_005024-T1	239	8.3e-53	1	209	20	239	0.557640750670241
GH13_25.hmm	434	EC986|EC986_000070-T1	236	2.5e-99	127	354	2	236	0.523041474654378
GH13_25.hmm	434	EC986|EC986_009132-T1	1066	7.3e-150	3	335	720	1066	0.764976958525346
GH132.hmm	303	EC986|EC986_007733-T1	449	6.1e-66	26	303	145	449	0.914191419141914
GH132.hmm	303	EC986|EC986_008320-T1	232	3.1e-62	71	298	2	224	0.749174917491749
GH13_3.hmm	210	EC986|EC986_009132-T1	1066	2.2e-05	108	182	161	235	0.352380952380952
GH13_8.hmm	293	EC986|EC986_006978-T1	709	1.5e-152	1	293	256	549	0.996587030716723
GH15.hmm	361	EC986|EC986_012951-T1	202	7.6e-42	170	360	1	189	0.526315789473684
GH15.hmm	361	EC986|EC986_013778-T1	492	5.7e-45	2	184	290	492	0.50415512465374
GH16_19.hmm	174	EC986|EC986_003113-T1	250	1.7e-26	22	168	81	220	0.839080459770115
GH16_19.hmm	174	EC986|EC986_003114-T1	257	3.7e-26	21	170	79	221	0.85632183908046
GH16_19.hmm	174	EC986|EC986_003489-T1	365	2.5e-60	3	174	105	272	0.982758620689655
GH16_19.hmm	174	EC986|EC986_004012-T1	345	6.1e-57	3	174	103	269	0.982758620689655
GH16_19.hmm	174	EC986|EC986_005216-T1	271	3.8e-55	21	174	96	246	0.879310344827586
GH16_19.hmm	174	EC986|EC986_005393-T1	296	1.9e-55	21	173	121	270	0.873563218390805
GH16_19.hmm	174	EC986|EC986_006522-T1	250	8e-27	22	168	81	220	0.839080459770115
GH16_19.hmm	174	EC986|EC986_006523-T1	257	9.2e-27	21	170	79	221	0.85632183908046
GH16_19.hmm	174	EC986|EC986_006653-T1	271	8.3e-56	21	174	96	246	0.879310344827586
GH16_19.hmm	174	EC986|EC986_007501-T1	267	2e-54	21	173	92	241	0.873563218390805
GH16_19.hmm	174	EC986|EC986_012989-T1	233	5.7e-45	22	174	68	211	0.873563218390805
GH16_23.hmm	192	EC986|EC986_012712-T1	167	8.2e-06	51	125	86	162	0.385416666666667
GH16_2.hmm	326	EC986|EC986_006213-T1	505	1.2e-131	1	326	128	452	0.996932515337423
GH16_3.hmm	230	EC986|EC986_014139-T1	263	5.2e-60	1	230	18	262	0.995652173913044
GH16_4.hmm	316	EC986|EC986_004096-T1	208	1.3e-56	1	140	64	208	0.439873417721519
GH16_4.hmm	316	EC986|EC986_004847-T1	461	7e-92	1	316	82	458	0.996835443037975
GH16_4.hmm	316	EC986|EC986_008616-T1	388	1.3e-123	1	316	65	385	0.996835443037975
GH16_4.hmm	316	EC986|EC986_012033-T1	105	3.5e-36	207	312	1	105	0.332278481012658
GH17.hmm	311	EC986|EC986_000986-T1	167	2e-11	158	302	44	167	0.463022508038585
GH17.hmm	311	EC986|EC986_007565-T1	300	1.2e-27	11	306	37	288	0.948553054662379
GH17.hmm	311	EC986|EC986_008128-T1	331	9.2e-23	2	306	55	321	0.977491961414791
GH18.hmm	296	EC986|EC986_000470-T1	516	3.6e-54	27	258	183	478	0.780405405405405
GH18.hmm	296	EC986|EC986_000486-T1	633	3.9e-47	74	278	40	304	0.689189189189189
GH18.hmm	296	EC986|EC986_000684-T1	387	6.5e-72	3	286	13	379	0.956081081081081
GH18.hmm	296	EC986|EC986_000737-T1	430	1.3e-75	4	284	24	364	0.945945945945946
GH18.hmm	296	EC986|EC986_000738-T1	496	1.7e-77	3	283	23	364	0.945945945945946
GH18.hmm	296	EC986|EC986_001687-T1	475	1.6e-58	4	286	25	402	0.952702702702703
GH18.hmm	296	EC986|EC986_002096-T1	766	9.7e-30	152	283	1	162	0.442567567567568
GH18.hmm	296	EC986|EC986_002213-T1	387	1.4e-71	3	286	13	379	0.956081081081081
GH18.hmm	296	EC986|EC986_002325-T1	420	6.4e-72	3	284	26	409	0.949324324324324
GH18.hmm	296	EC986|EC986_002326-T1	431	2.2e-73	2	284	32	416	0.952702702702703
GH18.hmm	296	EC986|EC986_002501-T1	814	1.4e-22	3	205	48	300	0.682432432432432
GH18.hmm	296	EC986|EC986_003027-T1	578	1.8e-73	3	288	196	571	0.962837837837838
GH18.hmm	296	EC986|EC986_004007-T1	519	2e-75	2	283	24	407	0.949324324324324
GH18.hmm	296	EC986|EC986_004008-T1	513	5.5e-77	2	284	24	408	0.952702702702703
GH18.hmm	296	EC986|EC986_004517-T1	566	2.6e-73	3	288	184	559	0.962837837837838
GH18.hmm	296	EC986|EC986_005715-T1	476	1.1e-73	2	285	36	419	0.956081081081081
GH18.hmm	296	EC986|EC986_006928-T1	420	5.4e-22	17	200	20	247	0.618243243243243
GH18.hmm	296	EC986|EC986_007481-T1	422	1.7e-73	3	284	24	407	0.949324324324324
GH18.hmm	296	EC986|EC986_008558-T1	288	4.7e-56	93	283	10	277	0.641891891891892
GH18.hmm	296	EC986|EC986_009822-T1	441	2.3e-76	4	284	35	375	0.945945945945946
GH18.hmm	296	EC986|EC986_010822-T1	333	1.8e-65	51	273	17	332	0.75
GH18.hmm	296	EC986|EC986_012052-T1	731	7.9e-12	94	223	20	139	0.435810810810811
GH18.hmm	296	EC986|EC986_012892-T1	257	2.2e-59	6	207	1	240	0.679054054054054
GH18.hmm	296	EC986|EC986_012957-T1	189	3.1e-35	3	132	23	176	0.435810810810811
GH18.hmm	296	EC986|EC986_014428-T1	143	2.4e-18	2	100	24	143	0.331081081081081
GH20.hmm	337	EC986|EC986_004592-T1	559	5.6e-92	7	336	157	496	0.976261127596439
GH20.hmm	337	EC986|EC986_004593-T1	553	4.6e-93	8	336	166	504	0.973293768545994
GH20.hmm	337	EC986|EC986_007344-T1	748	1.1e-32	10	334	152	470	0.961424332344214
GH20.hmm	337	EC986|EC986_012084-T1	262	3.4e-15	10	114	152	248	0.308605341246291
GH25.hmm	177	EC986|EC986_001385-T1	222	7.9e-56	1	176	25	204	0.988700564971751
GH25.hmm	177	EC986|EC986_001386-T1	223	8.2e-56	1	176	25	204	0.988700564971751
GH25.hmm	177	EC986|EC986_001387-T1	230	5.9e-47	2	176	28	212	0.983050847457627
GH25.hmm	177	EC986|EC986_004269-T1	231	1.6e-50	2	176	28	212	0.983050847457627
GH25.hmm	177	EC986|EC986_004270-T1	197	1.6e-21	20	176	30	179	0.88135593220339
GH25.hmm	177	EC986|EC986_006562-T1	222	1.1e-55	1	176	24	203	0.988700564971751
GH25.hmm	177	EC986|EC986_009045-T1	222	1.7e-57	1	176	24	203	0.988700564971751
GH25.hmm	177	EC986|EC986_011094-T1	111	2.1e-27	1	79	25	102	0.440677966101695
GH25.hmm	177	EC986|EC986_011407-T1	231	1.4e-44	2	176	28	212	0.983050847457627
GH25.hmm	177	EC986|EC986_013634-T1	106	2.5e-24	82	176	7	103	0.531073446327684
GH31.hmm	427	EC986|EC986_004566-T1	801	1.7e-160	2	425	358	801	0.990632318501171
GH31.hmm	427	EC986|EC986_012747-T1	621	3.3e-70	199	427	233	464	0.533957845433255
GH33.hmm	342	EC986|EC986_010474-T1	943	1.7e-06	123	264	374	522	0.412280701754386
GH35.hmm	307	EC986|EC986_014701-T1	172	1e-48	1	136	21	165	0.439739413680782
GH35.hmm	307	EC986|EC986_015900-T1	290	4.3e-26	137	303	2	231	0.54071661237785
GH37.hmm	491	EC986|EC986_009557-T1	766	1.4e-143	2	489	140	701	0.991853360488798
GH37.hmm	491	EC986|EC986_012129-T1	217	2.2e-39	338	490	1	190	0.309572301425662
GH37.hmm	491	EC986|EC986_012371-T1	294	9e-79	1	247	40	291	0.5010183299389
GH38.hmm	269	EC986|EC986_014008-T1	532	6e-85	4	260	60	315	0.951672862453532
GH3.hmm	216	EC986|EC986_001061-T1	787	3.4e-61	3	211	121	339	0.962962962962963
GH3.hmm	216	EC986|EC986_007564-T1	630	3.1e-61	2	211	120	339	0.967592592592593
GH3.hmm	216	EC986|EC986_014133-T1	513	2e-26	92	209	2	137	0.541666666666667
GH3.hmm	216	EC986|EC986_015386-T1	392	4.3e-17	127	210	10	100	0.384259259259259
GH47.hmm	446	EC986|EC986_001499-T1	748	6.5e-142	1	445	16	451	0.995515695067265
GH47.hmm	446	EC986|EC986_001597-T1	232	6.2e-66	1	184	54	228	0.410313901345291
GH47.hmm	446	EC986|EC986_001598-T1	462	7.8e-120	1	445	36	446	0.995515695067265
GH47.hmm	446	EC986|EC986_001599-T1	484	5.1e-138	1	445	51	478	0.995515695067265
GH47.hmm	446	EC986|EC986_007988-T1	483	5.3e-139	1	446	54	481	0.997757847533632
GH47.hmm	446	EC986|EC986_008754-T1	210	5.6e-59	1	175	39	210	0.390134529147982
GH47.hmm	446	EC986|EC986_009074-T1	285	6.8e-83	1	234	58	284	0.522421524663677
GH5_12.hmm	539	EC986|EC986_003062-T1	341	1.5e-52	364	539	2	176	0.324675324675325
GH5_12.hmm	539	EC986|EC986_004602-T1	739	1.6e-93	1	290	425	733	0.536178107606679
GH5_12.hmm	539	EC986|EC986_015885-T1	336	9.3e-114	3	309	13	321	0.567717996289425
GH5_9.hmm	303	EC986|EC986_001500-T1	402	3.7e-106	2	303	73	376	0.993399339933993
GH5_9.hmm	303	EC986|EC986_002943-T1	248	2.2e-61	98	303	6	219	0.676567656765677
GH5_9.hmm	303	EC986|EC986_003281-T1	402	4.4e-106	2	303	73	376	0.993399339933993
GH5_9.hmm	303	EC986|EC986_004770-T1	529	1.4e-90	1	303	175	500	0.996699669966997
GH5_9.hmm	303	EC986|EC986_004963-T1	224	4.1e-46	1	103	121	223	0.336633663366337
GH5_9.hmm	303	EC986|EC986_008136-T1	248	2.2e-61	98	303	6	219	0.676567656765677
GH5_9.hmm	303	EC986|EC986_010579-T1	337	1.8e-49	1	128	199	331	0.419141914191419
GH72.hmm	312	EC986|EC986_001342-T1	502	5.2e-114	4	310	17	314	0.980769230769231
GH72.hmm	312	EC986|EC986_001343-T1	529	9.7e-120	4	311	17	314	0.983974358974359
GH72.hmm	312	EC986|EC986_002991-T1	258	8.5e-98	5	256	15	257	0.80448717948718
GH72.hmm	312	EC986|EC986_003041-T1	469	2.1e-51	6	293	27	308	0.919871794871795
GH72.hmm	312	EC986|EC986_004127-T1	462	4.3e-104	43	311	9	274	0.858974358974359
GH72.hmm	312	EC986|EC986_006381-T1	304	2.4e-115	3	294	19	302	0.932692307692308
GH72.hmm	312	EC986|EC986_007374-T1	501	1.2e-113	4	310	17	314	0.980769230769231
GH72.hmm	312	EC986|EC986_013225-T1	370	8.9e-21	155	293	21	158	0.442307692307692
GH74.hmm	233	EC986|EC986_010474-T1	943	2.6e-06	46	128	100	186	0.351931330472103
GH74.hmm	233	EC986|EC986_010474-T1	943	9.6e-06	6	164	696	907	0.678111587982833
GH74.hmm	233	EC986|EC986_015507-T1	326	0.00027	37	122	53	131	0.36480686695279
GH74.hmm	233	EC986|EC986_015826-T1	359	3.7e-07	37	111	209	276	0.317596566523605
GH81.hmm	622	EC986|EC986_000156-T1	710	2.5e-175	14	622	79	706	0.977491961414791
GT11.hmm	276	EC986|EC986_000973-T1	373	3.1e-06	6	157	54	225	0.547101449275362
GT11.hmm	276	EC986|EC986_002380-T1	372	2.1e-06	5	157	50	223	0.550724637681159
GT11.hmm	276	EC986|EC986_002381-T1	374	1.6e-08	5	157	53	226	0.550724637681159
GT11.hmm	276	EC986|EC986_002989-T1	378	1.8e-06	7	157	60	232	0.543478260869565
GT11.hmm	276	EC986|EC986_007377-T1	349	2e-06	5	178	54	245	0.626811594202899
GT11.hmm	276	EC986|EC986_013503-T1	320	2.3e-06	8	157	3	172	0.539855072463768
GT15.hmm	273	EC986|EC986_003415-T1	395	3.5e-120	1	272	85	354	0.992673992673993
GT15.hmm	273	EC986|EC986_004810-T1	390	5.1e-120	1	272	80	349	0.992673992673993
GT15.hmm	273	EC986|EC986_004811-T1	168	2.5e-52	1	134	37	167	0.487179487179487
GT15.hmm	273	EC986|EC986_005272-T1	396	2.1e-118	1	272	86	355	0.992673992673993
GT15.hmm	273	EC986|EC986_005273-T1	126	4.6e-40	188	272	2	85	0.307692307692308
GT15.hmm	273	EC986|EC986_005496-T1	389	4.9e-113	1	272	68	336	0.992673992673993
GT15.hmm	273	EC986|EC986_005546-T1	372	1.1e-115	1	272	62	332	0.992673992673993
GT15.hmm	273	EC986|EC986_005771-T1	353	9.2e-114	2	272	30	299	0.989010989010989
GT15.hmm	273	EC986|EC986_006212-T1	361	6.4e-101	1	271	46	306	0.989010989010989
GT15.hmm	273	EC986|EC986_006402-T1	400	2.9e-107	1	271	78	346	0.989010989010989
GT15.hmm	273	EC986|EC986_007228-T1	412	3.1e-116	1	272	85	355	0.992673992673993
GT15.hmm	273	EC986|EC986_007610-T1	398	1.8e-113	3	272	79	347	0.985347985347985
GT15.hmm	273	EC986|EC986_007801-T1	171	1.1e-58	1	143	32	171	0.52014652014652
GT15.hmm	273	EC986|EC986_007802-T1	175	4.3e-46	158	272	2	118	0.417582417582418
GT15.hmm	273	EC986|EC986_008698-T1	389	4.3e-58	11	270	78	340	0.948717948717949
GT15.hmm	273	EC986|EC986_009382-T1	240	4.4e-64	1	151	93	240	0.549450549450549
GT15.hmm	273	EC986|EC986_011126-T1	143	1.1e-36	186	271	5	89	0.311355311355311
GT15.hmm	273	EC986|EC986_011218-T1	152	9.8e-46	164	272	2	112	0.395604395604396
GT15.hmm	273	EC986|EC986_011330-T1	211	3.7e-76	105	272	1	170	0.611721611721612
GT15.hmm	273	EC986|EC986_011446-T1	389	5.7e-114	1	272	68	336	0.992673992673993
GT15.hmm	273	EC986|EC986_014477-T1	272	7.3e-91	52	272	2	221	0.805860805860806
GT15.hmm	273	EC986|EC986_016036-T1	202	2e-70	1	171	34	201	0.622710622710623
GT15.hmm	273	EC986|EC986_016132-T1	153	2.1e-43	1	119	37	152	0.432234432234432
GT15.hmm	273	EC986|EC986_016452-T1	210	1.2e-79	105	272	1	169	0.611721611721612
GT1.hmm	382	EC986|EC986_000508-T1	550	3.9e-26	199	339	254	428	0.366492146596859
GT1.hmm	382	EC986|EC986_000847-T1	550	2e-25	186	352	241	441	0.43455497382199
GT1.hmm	382	EC986|EC986_000848-T1	550	1.4e-25	194	348	256	437	0.403141361256544
GT1.hmm	382	EC986|EC986_000849-T1	541	1.9e-24	212	333	251	413	0.316753926701571
GT1.hmm	382	EC986|EC986_001577-T1	555	9.1e-26	221	360	276	454	0.363874345549738
GT1.hmm	382	EC986|EC986_002505-T1	549	2.2e-26	220	352	266	440	0.345549738219895
GT1.hmm	382	EC986|EC986_002506-T1	550	5.8e-23	221	336	272	425	0.301047120418848
GT1.hmm	382	EC986|EC986_002563-T1	550	9.4e-24	187	348	246	437	0.421465968586387
GT1.hmm	382	EC986|EC986_002645-T1	528	2.1e-26	221	369	276	463	0.387434554973822
GT1.hmm	382	EC986|EC986_002646-T1	549	1.4e-20	229	348	284	440	0.31151832460733
GT1.hmm	382	EC986|EC986_002835-T1	289	6e-26	227	368	16	196	0.369109947643979
GT1.hmm	382	EC986|EC986_003135-T1	495	1.9e-23	209	349	259	440	0.366492146596859
GT1.hmm	382	EC986|EC986_003136-T1	550	1.6e-22	205	348	252	436	0.37434554973822
GT1.hmm	382	EC986|EC986_003137-T1	553	3.5e-21	201	351	259	443	0.392670157068063
GT1.hmm	382	EC986|EC986_003181-T1	540	1.4e-26	132	332	177	411	0.523560209424084
GT1.hmm	382	EC986|EC986_003417-T1	515	3e-25	182	347	202	401	0.431937172774869
GT1.hmm	382	EC986|EC986_004042-T1	550	3.1e-24	196	331	251	420	0.353403141361257
GT1.hmm	382	EC986|EC986_004741-T1	555	1.3e-24	216	366	275	460	0.392670157068063
GT1.hmm	382	EC986|EC986_004742-T1	432	4.7e-26	227	361	159	332	0.350785340314136
GT1.hmm	382	EC986|EC986_004976-T1	345	2.7e-21	198	348	49	229	0.392670157068063
GT1.hmm	382	EC986|EC986_005537-T1	540	6.1e-24	228	361	283	455	0.348167539267016
GT1.hmm	382	EC986|EC986_006116-T1	321	2.8e-25	215	351	32	214	0.356020942408377
GT1.hmm	382	EC986|EC986_006172-T1	409	1.2e-25	199	349	113	297	0.392670157068063
GT1.hmm	382	EC986|EC986_006660-T1	555	2.1e-25	221	367	276	461	0.382198952879581
GT1.hmm	382	EC986|EC986_006998-T1	506	4.1e-28	221	361	276	455	0.366492146596859
GT1.hmm	382	EC986|EC986_007257-T1	548	5e-22	35	353	66	432	0.832460732984293
GT1.hmm	382	EC986|EC986_007348-T1	550	4e-26	200	333	255	422	0.348167539267016
GT1.hmm	382	EC986|EC986_007439-T1	427	5.6e-24	231	379	158	345	0.387434554973822
GT1.hmm	382	EC986|EC986_007756-T1	542	1.4e-19	207	365	247	453	0.413612565445026
GT1.hmm	382	EC986|EC986_008373-T1	292	1.9e-27	219	354	23	210	0.353403141361257
GT1.hmm	382	EC986|EC986_010928-T1	516	2.2e-25	202	332	257	421	0.340314136125654
GT1.hmm	382	EC986|EC986_011499-T1	469	1.6e-20	146	353	92	347	0.541884816753927
GT1.hmm	382	EC986|EC986_014219-T1	318	3.6e-20	196	361	56	254	0.431937172774869
GT1.hmm	382	EC986|EC986_015933-T1	322	8.9e-24	4	265	41	321	0.683246073298429
GT20.hmm	475	EC986|EC986_005572-T1	485	1.5e-198	6	474	9	480	0.985263157894737
GT20.hmm	475	EC986|EC986_006229-T1	423	6.6e-133	5	407	6	423	0.846315789473684
GT22.hmm	389	EC986|EC986_002590-T1	518	1.1e-84	2	388	8	403	0.992287917737789
GT22.hmm	389	EC986|EC986_003459-T1	518	2.5e-84	3	388	9	403	0.989717223650386
GT22.hmm	389	EC986|EC986_005111-T1	638	2.2e-79	2	389	32	482	0.994858611825193
GT22.hmm	389	EC986|EC986_013742-T1	432	2.2e-55	79	362	6	317	0.727506426735218
GT24.hmm	248	EC986|EC986_005129-T1	851	2.4e-129	1	248	555	802	0.995967741935484
GT2_Chitin_synth_1.hmm	163	EC986|EC986_008464-T1	748	3.8e-79	1	163	72	234	0.993865030674847
GT2_Chitin_synth_2.hmm	527	EC986|EC986_002419-T1	1400	9.4e-221	8	526	626	1146	0.98292220113852
GT2_Chitin_synth_2.hmm	527	EC986|EC986_003045-T1	990	4.7e-256	19	526	372	870	0.962049335863378
GT2_Chitin_synth_2.hmm	527	EC986|EC986_005845-T1	464	1.5e-206	13	381	97	464	0.698292220113852
GT2_Chitin_synth_2.hmm	527	EC986|EC986_007867-T1	1249	4.2e-186	5	411	860	1248	0.770398481973435
GT2_Chitin_synth_2.hmm	527	EC986|EC986_008464-T1	748	8.5e-23	204	374	212	387	0.32258064516129
GT2_Chitin_synth_2.hmm	527	EC986|EC986_009062-T1	1146	2.9e-68	18	213	960	1146	0.370018975332068
GT2_Chitin_synth_2.hmm	527	EC986|EC986_010665-T1	916	2.9e-110	4	271	662	916	0.506641366223909
GT2_Chitin_synth_2.hmm	527	EC986|EC986_012074-T1	763	4.9e-154	5	350	434	762	0.654648956356736
GT2_Chitin_synth_2.hmm	527	EC986|EC986_013691-T1	553	3.1e-224	112	527	1	428	0.787476280834915
GT2_Chitin_synth_2.hmm	527	EC986|EC986_014992-T1	392	7.5e-122	251	510	1	254	0.49146110056926
GT2_Chitin_synth_2.hmm	527	EC986|EC986_015119-T1	414	5.3e-158	207	525	1	320	0.603415559772296
GT2_Glycos_transf_2.hmm	170	EC986|EC986_006691-T1	327	1.5e-30	1	166	69	247	0.970588235294118
GT2_Glycos_transf_2.hmm	170	EC986|EC986_011820-T1	158	1.4e-32	1	130	6	139	0.758823529411765
GT2_Glycos_transf_2.hmm	170	EC986|EC986_016172-T1	165	1.3e-33	1	157	6	164	0.917647058823529
GT2_Glyco_trans_2_3.hmm	197	EC986|EC986_006037-T1	381	2.2e-10	2	127	235	367	0.634517766497462
GT32.hmm	90	EC986|EC986_000279-T1	241	4.2e-14	4	82	7	78	0.866666666666667
GT32.hmm	90	EC986|EC986_000559-T1	297	1.2e-08	5	85	77	151	0.888888888888889
GT32.hmm	90	EC986|EC986_000560-T1	312	8e-10	10	85	74	150	0.833333333333333
GT32.hmm	90	EC986|EC986_000561-T1	196	1.4e-07	52	86	4	38	0.377777777777778
GT32.hmm	90	EC986|EC986_000562-T1	299	7e-11	11	85	77	145	0.822222222222222
GT32.hmm	90	EC986|EC986_000563-T1	302	8.7e-09	2	84	69	145	0.911111111111111
GT32.hmm	90	EC986|EC986_003128-T1	299	2.6e-10	11	85	77	145	0.822222222222222
GT32.hmm	90	EC986|EC986_003129-T1	299	1.6e-09	2	85	66	143	0.922222222222222
GT32.hmm	90	EC986|EC986_003589-T1	309	1.3e-12	3	84	79	154	0.9
GT32.hmm	90	EC986|EC986_003590-T1	357	3.1e-12	3	83	127	201	0.888888888888889
GT32.hmm	90	EC986|EC986_004006-T1	228	5.6e-10	10	84	4	72	0.822222222222222
GT32.hmm	90	EC986|EC986_004319-T1	303	2.7e-10	6	86	71	145	0.888888888888889
GT32.hmm	90	EC986|EC986_006198-T1	312	8.6e-10	5	85	76	150	0.888888888888889
GT32.hmm	90	EC986|EC986_006199-T1	241	7.7e-09	11	85	5	73	0.822222222222222
GT32.hmm	90	EC986|EC986_009089-T1	228	1.9e-09	9	78	3	66	0.766666666666667
GT32.hmm	90	EC986|EC986_013744-T1	358	1.7e-11	4	84	129	203	0.888888888888889
GT33.hmm	425	EC986|EC986_005534-T1	437	3.6e-142	2	424	3	431	0.992941176470588
GT33.hmm	425	EC986|EC986_015741-T1	187	2e-66	239	424	2	181	0.435294117647059
GT39.hmm	223	EC986|EC986_002134-T1	772	6.4e-68	1	223	95	333	0.995515695067265
GT39.hmm	223	EC986|EC986_003536-T1	190	3.3e-42	3	126	47	187	0.551569506726457
GT39.hmm	223	EC986|EC986_006840-T1	297	8e-57	2	191	90	296	0.847533632286996
GT39.hmm	223	EC986|EC986_012111-T1	175	1.1e-34	1	101	57	174	0.448430493273543
GT48.hmm	739	EC986|EC986_007998-T1	648	9.9e-162	291	724	2	437	0.585926928281461
GT48.hmm	739	EC986|EC986_010843-T1	912	1.6e-290	3	696	163	905	0.937753721244926
GT48.hmm	739	EC986|EC986_013850-T1	488	1.2e-126	1	308	126	488	0.415426251691475
GT48.hmm	739	EC986|EC986_015245-T1	396	1.3e-160	27	371	2	396	0.465493910690122
GT4.hmm	160	EC986|EC986_005152-T1	261	1.4e-12	9	76	192	259	0.41875
GT4.hmm	160	EC986|EC986_005825-T1	304	4.5e-32	8	153	68	241	0.90625
GT4.hmm	160	EC986|EC986_013296-T1	112	1e-09	83	153	3	80	0.4375
GT4.hmm	160	EC986|EC986_015300-T1	389	1.2e-20	7	137	187	304	0.8125
GT50.hmm	262	EC986|EC986_008875-T1	352	1.1e-64	1	198	139	352	0.751908396946565
GT57.hmm	481	EC986|EC986_010659-T1	247	1.1e-52	220	480	1	223	0.540540540540541
GT58.hmm	364	EC986|EC986_003213-T1	443	1.6e-131	3	364	54	406	0.991758241758242
GT58.hmm	364	EC986|EC986_004471-T1	443	7e-131	3	364	54	406	0.991758241758242
GT65.hmm	340	EC986|EC986_002989-T1	378	4.4e-13	182	337	200	370	0.455882352941176
GT65.hmm	340	EC986|EC986_002990-T1	300	1.5e-15	171	337	112	292	0.488235294117647
GT66.hmm	693	EC986|EC986_006701-T1	418	4.5e-121	13	413	17	418	0.577200577200577
GT68.hmm	350	EC986|EC986_000972-T1	374	4.7e-08	204	332	189	356	0.365714285714286
GT68.hmm	350	EC986|EC986_000973-T1	373	5.5e-08	204	331	188	354	0.362857142857143
GT68.hmm	350	EC986|EC986_002380-T1	372	1.4e-07	204	339	186	361	0.385714285714286
GT68.hmm	350	EC986|EC986_002381-T1	374	2.2e-07	204	345	189	367	0.402857142857143
GT68.hmm	350	EC986|EC986_002382-T1	274	2e-07	203	341	87	264	0.394285714285714
GT68.hmm	350	EC986|EC986_010379-T1	231	4.1e-07	204	339	45	220	0.385714285714286
GT68.hmm	350	EC986|EC986_010380-T1	291	1.1e-06	204	345	106	284	0.402857142857143
GT68.hmm	350	EC986|EC986_010652-T1	347	6.2e-07	204	330	162	327	0.36
GT68.hmm	350	EC986|EC986_013503-T1	320	5.3e-08	204	336	135	306	0.377142857142857
GT69.hmm	239	EC986|EC986_000850-T1	361	2.9e-62	1	238	38	289	0.99163179916318
GT69.hmm	239	EC986|EC986_001667-T1	434	6.2e-51	32	238	2	222	0.861924686192469
GT69.hmm	239	EC986|EC986_002564-T1	390	5.7e-62	1	238	67	318	0.99163179916318
GT71.hmm	264	EC986|EC986_002500-T1	584	1.8e-44	4	264	221	502	0.984848484848485
GT71.hmm	264	EC986|EC986_002593-T1	584	1.1e-44	4	264	221	502	0.984848484848485
GT71.hmm	264	EC986|EC986_006014-T1	513	3.4e-45	4	264	159	425	0.984848484848485
GT71.hmm	264	EC986|EC986_006216-T1	310	5.8e-39	53	264	5	221	0.799242424242424
GT71.hmm	264	EC986|EC986_007274-T1	312	1.7e-17	163	264	34	151	0.382575757575758
GT71.hmm	264	EC986|EC986_007859-T1	433	3.6e-40	18	264	6	281	0.931818181818182
GT71.hmm	264	EC986|EC986_008376-T1	260	3.5e-30	94	264	1	171	0.643939393939394
GT71.hmm	264	EC986|EC986_008838-T1	584	8.9e-47	4	264	221	502	0.984848484848485
GT71.hmm	264	EC986|EC986_013982-T1	469	3.6e-45	3	264	157	424	0.988636363636364
GT71.hmm	264	EC986|EC986_014703-T1	236	1.1e-23	108	264	1	164	0.590909090909091
GT71.hmm	264	EC986|EC986_015220-T1	229	9.8e-18	169	264	32	141	0.359848484848485
GT71.hmm	264	EC986|EC986_015934-T1	329	1.8e-23	4	136	160	291	0.5
GT71.hmm	264	EC986|EC986_016112-T1	347	6.9e-45	4	264	6	294	0.984848484848485
GT8.hmm	257	EC986|EC986_000060-T1	626	1.9e-50	29	256	148	369	0.883268482490272
PL21_1.hmm	72	EC986|EC986_004310-T1	71	0.00069	15	63	13	62	0.666666666666667
PL33_1.hmm	155	EC986|EC986_015668-T1	64	0.00079	22	69	15	63	0.303225806451613
