AA11.hmm	191	N159|N159.mRNA.1027.1	231	2.7e-34	25	164	61	187	0.727748691099476
AA11.hmm	191	N159|N159.mRNA.10810.1	310	1.5e-38	1	164	21	183	0.853403141361257
AA11.hmm	191	N159|N159.mRNA.11123.1	213	7.2e-31	16	162	47	186	0.764397905759162
AA11.hmm	191	N159|N159.mRNA.11124.1	213	6.5e-30	16	162	47	186	0.764397905759162
AA11.hmm	191	N159|N159.mRNA.11125.1	107	8.7e-15	94	161	32	96	0.350785340314136
AA11.hmm	191	N159|N159.mRNA.11384.1	339	3.9e-41	1	163	20	181	0.848167539267016
AA11.hmm	191	N159|N159.mRNA.11741.1	213	1.3e-31	14	162	45	186	0.774869109947644
AA11.hmm	191	N159|N159.mRNA.11742.1	213	7.4e-32	14	162	45	186	0.774869109947644
AA11.hmm	191	N159|N159.mRNA.11744.1	213	1.9e-31	16	163	47	187	0.769633507853403
AA11.hmm	191	N159|N159.mRNA.1415.1	220	8.7e-07	42	146	24	151	0.544502617801047
AA11.hmm	191	N159|N159.mRNA.15548.1	524	3.2e-36	7	163	33	175	0.816753926701571
AA11.hmm	191	N159|N159.mRNA.15549.1	418	1.3e-38	6	163	36	179	0.821989528795812
AA11.hmm	191	N159|N159.mRNA.15897.1	412	1.9e-38	6	163	36	179	0.821989528795812
AA11.hmm	191	N159|N159.mRNA.15900.1	524	3.3e-36	7	163	33	175	0.816753926701571
AA11.hmm	191	N159|N159.mRNA.1604.1	206	9.5e-42	11	163	22	160	0.795811518324607
AA11.hmm	191	N159|N159.mRNA.1884.1	336	3.1e-41	12	163	43	182	0.790575916230366
AA11.hmm	191	N159|N159.mRNA.2064.1	258	1.3e-22	81	163	12	90	0.429319371727749
AA11.hmm	191	N159|N159.mRNA.2065.1	336	3.3e-41	12	163	43	182	0.790575916230366
AA11.hmm	191	N159|N159.mRNA.3109.1	206	5e-42	11	163	22	160	0.795811518324607
AA11.hmm	191	N159|N159.mRNA.3137.1	206	7.1e-37	13	163	41	180	0.785340314136126
AA11.hmm	191	N159|N159.mRNA.3139.1	206	4.9e-37	13	163	41	180	0.785340314136126
AA11.hmm	191	N159|N159.mRNA.3140.1	205	5.3e-36	15	163	42	179	0.774869109947644
AA11.hmm	191	N159|N159.mRNA.3355.1	95	2.8e-18	103	163	11	69	0.31413612565445
AA11.hmm	191	N159|N159.mRNA.3607.1	277	3.7e-32	12	162	45	186	0.785340314136126
AA11.hmm	191	N159|N159.mRNA.5008.1	322	1.9e-34	20	164	38	177	0.753926701570681
AA11.hmm	191	N159|N159.mRNA.5009.1	258	1.5e-38	30	166	10	132	0.712041884816754
AA11.hmm	191	N159|N159.mRNA.5010.1	164	1.3e-37	1	148	20	161	0.769633507853403
AA11.hmm	191	N159|N159.mRNA.5161.1	277	3.3e-32	12	164	45	188	0.795811518324607
AA11.hmm	191	N159|N159.mRNA.5188.1	310	6e-39	1	164	21	183	0.853403141361257
AA11.hmm	191	N159|N159.mRNA.5189.1	325	3.9e-39	13	164	45	183	0.790575916230366
AA11.hmm	191	N159|N159.mRNA.5190.1	349	7.3e-39	12	164	44	183	0.795811518324607
AA11.hmm	191	N159|N159.mRNA.5917.1	250	5.6e-07	24	144	40	184	0.628272251308901
AA11.hmm	191	N159|N159.mRNA.6119.1	319	5.6e-37	13	185	45	207	0.900523560209424
AA11.hmm	191	N159|N159.mRNA.6121.1	338	3.5e-39	13	164	44	182	0.790575916230366
AA11.hmm	191	N159|N159.mRNA.6244.1	155	5.2e-34	25	163	5	129	0.722513089005236
AA11.hmm	191	N159|N159.mRNA.6245.1	206	4.9e-37	13	163	41	180	0.785340314136126
AA11.hmm	191	N159|N159.mRNA.6371.1	251	5.1e-07	28	144	45	185	0.607329842931937
AA11.hmm	191	N159|N159.mRNA.8050.1	121	9.1e-14	12	97	38	116	0.445026178010471
AA11.hmm	191	N159|N159.mRNA.8096.1	218	1.5e-29	15	171	16	154	0.816753926701571
AA11.hmm	191	N159|N159.mRNA.8098.1	319	4.2e-40	1	163	17	171	0.848167539267016
AA11.hmm	191	N159|N159.mRNA.8698.1	376	2.9e-32	1	182	19	192	0.947643979057592
AA11.hmm	191	N159|N159.mRNA.8699.1	317	1.6e-39	1	163	12	166	0.848167539267016
AA11.hmm	191	N159|N159.mRNA.8775.1	122	8.8e-14	12	97	39	117	0.445026178010471
AA11.hmm	191	N159|N159.mRNA.8776.1	206	1.8e-36	13	163	41	180	0.785340314136126
AA11.hmm	191	N159|N159.mRNA.8777.1	205	9.4e-36	15	163	42	179	0.774869109947644
AA11.hmm	191	N159|N159.mRNA.8936.1	321	5.7e-39	1	164	21	177	0.853403141361257
AA11.hmm	191	N159|N159.mRNA.8937.1	323	6.6e-35	20	164	38	177	0.753926701570681
AA1_3.hmm	312	N159|N159.mRNA.4615.1	249	9.1e-40	12	230	19	248	0.698717948717949
AA1_3.hmm	312	N159|N159.mRNA.5201.1	133	1.3e-29	12	119	19	126	0.342948717948718
AA15.hmm	193	N159|N159.mRNA.5503.1	377	1.3e-06	61	192	53	179	0.678756476683938
AA15.hmm	193	N159|N159.mRNA.6373.1	362	1e-06	53	192	45	179	0.72020725388601
AA2.hmm	255	N159|N159.mRNA.10146.1	274	7.4e-51	14	254	23	261	0.941176470588235
AA2.hmm	255	N159|N159.mRNA.11372.1	274	3.2e-51	14	254	23	261	0.941176470588235
AA2.hmm	255	N159|N159.mRNA.3172.1	366	1.4e-62	16	254	113	351	0.933333333333333
AA2.hmm	255	N159|N159.mRNA.9719.1	366	1.4e-62	16	254	113	351	0.933333333333333
AA3_2.hmm	568	N159|N159.mRNA.1507.1	758	7.8e-92	2	566	105	704	0.992957746478873
AA3_2.hmm	568	N159|N159.mRNA.1572.1	627	3.1e-100	2	567	29	625	0.994718309859155
AA3_2.hmm	568	N159|N159.mRNA.1573.1	628	8.1e-104	2	567	30	627	0.994718309859155
AA3_2.hmm	568	N159|N159.mRNA.2302.1	620	9.1e-76	189	567	244	619	0.665492957746479
AA3_2.hmm	568	N159|N159.mRNA.2303.1	627	1.4e-99	2	567	29	625	0.994718309859155
AA3_2.hmm	568	N159|N159.mRNA.6794.1	268	1.9e-16	230	462	2	234	0.408450704225352
AA6.hmm	195	N159|N159.mRNA.10388.1	400	8.2e-74	1	194	5	198	0.98974358974359
AA6.hmm	195	N159|N159.mRNA.10454.1	210	3.3e-74	1	194	8	201	0.98974358974359
AA6.hmm	195	N159|N159.mRNA.10456.1	210	6.3e-74	1	194	8	201	0.98974358974359
AA6.hmm	195	N159|N159.mRNA.10457.1	210	2.5e-70	1	194	8	201	0.98974358974359
AA6.hmm	195	N159|N159.mRNA.10458.1	210	7.8e-75	1	194	8	201	0.98974358974359
AA6.hmm	195	N159|N159.mRNA.10459.1	250	2.6e-75	2	195	9	202	0.98974358974359
AA6.hmm	195	N159|N159.mRNA.1250.1	148	1.1e-56	34	176	6	147	0.728205128205128
AA6.hmm	195	N159|N159.mRNA.1251.1	247	2.7e-76	2	194	9	201	0.984615384615385
AA6.hmm	195	N159|N159.mRNA.1252.1	181	7.6e-44	18	193	12	171	0.897435897435897
AA6.hmm	195	N159|N159.mRNA.1254.1	210	3e-75	1	194	8	201	0.98974358974359
AA6.hmm	195	N159|N159.mRNA.13201.1	208	2.3e-78	1	194	6	199	0.98974358974359
AA6.hmm	195	N159|N159.mRNA.1426.1	208	4.1e-79	1	194	6	199	0.98974358974359
AA6.hmm	195	N159|N159.mRNA.1611.1	87	1.9e-26	115	194	1	78	0.405128205128205
AA6.hmm	195	N159|N159.mRNA.1616.1	87	1.9e-26	115	194	1	78	0.405128205128205
AA6.hmm	195	N159|N159.mRNA.1654.1	404	3.4e-74	1	194	5	198	0.98974358974359
AA7.hmm	458	N159|N159.mRNA.10928.1	476	5.5e-84	4	222	55	275	0.475982532751092
AA7.hmm	458	N159|N159.mRNA.10929.1	432	2.1e-51	7	316	68	381	0.674672489082969
AA7.hmm	458	N159|N159.mRNA.12287.1	483	5.7e-87	6	458	46	480	0.986899563318777
AA7.hmm	458	N159|N159.mRNA.13281.1	381	6.1e-56	50	304	54	309	0.554585152838428
AA7.hmm	458	N159|N159.mRNA.13282.1	491	1.6e-92	4	458	55	488	0.991266375545852
AA7.hmm	458	N159|N159.mRNA.13283.1	491	1.1e-97	4	458	55	488	0.991266375545852
AA7.hmm	458	N159|N159.mRNA.15749.1	556	5.3e-14	18	182	38	199	0.358078602620087
AA7.hmm	458	N159|N159.mRNA.15796.1	734	1.6e-79	6	225	24	249	0.478165938864629
AA7.hmm	458	N159|N159.mRNA.2542.1	459	3.1e-18	5	236	14	256	0.504366812227074
AA7.hmm	458	N159|N159.mRNA.2850.1	483	1.1e-81	6	210	46	255	0.445414847161572
AA7.hmm	458	N159|N159.mRNA.4839.1	494	3.1e-95	3	458	56	491	0.993449781659389
AA7.hmm	458	N159|N159.mRNA.5338.1	553	1.4e-13	18	181	38	198	0.35589519650655
AA7.hmm	458	N159|N159.mRNA.9885.1	424	9.2e-86	3	231	56	285	0.497816593886463
AA9.hmm	220	N159|N159.mRNA.11162.1	250	4.4e-08	55	193	43	186	0.627272727272727
AA9.hmm	220	N159|N159.mRNA.13499.1	304	3.2e-08	3	199	10	221	0.890909090909091
AA9.hmm	220	N159|N159.mRNA.14040.1	303	1.4e-08	3	199	10	221	0.890909090909091
AA9.hmm	220	N159|N159.mRNA.3626.1	248	4.9e-08	56	193	42	184	0.622727272727273
CBM13.hmm	188	N159|N159.mRNA.3306.1	135	9.9e-10	4	137	6	134	0.707446808510638
CBM13.hmm	188	N159|N159.mRNA.3307.1	135	9.2e-09	5	135	7	132	0.691489361702128
CBM13.hmm	188	N159|N159.mRNA.3309.1	146	1.5e-08	5	138	7	135	0.707446808510638
CBM13.hmm	188	N159|N159.mRNA.3310.1	113	0.00074	75	135	51	110	0.319148936170213
CBM13.hmm	188	N159|N159.mRNA.3311.1	135	6.4e-10	5	135	7	132	0.691489361702128
CBM13.hmm	188	N159|N159.mRNA.9661.1	135	4e-10	4	136	6	133	0.702127659574468
CBM13.hmm	188	N159|N159.mRNA.9662.1	134	2.7e-07	29	134	33	131	0.558510638297872
CBM13.hmm	188	N159|N159.mRNA.9664.1	142	7.7e-06	41	135	47	132	0.5
CBM13.hmm	188	N159|N159.mRNA.9665.1	134	9.4e-08	5	136	7	132	0.696808510638298
CBM14.hmm	54	N159|N159.mRNA.16206.1	100	3.1e-06	14	38	58	82	0.444444444444444
CBM18.hmm	38	N159|N159.mRNA.10296.1	402	3.2e-08	8	35	24	52	0.710526315789474
CBM18.hmm	38	N159|N159.mRNA.10297.1	307	5.2e-09	8	35	22	50	0.710526315789474
CBM18.hmm	38	N159|N159.mRNA.10298.1	328	2.6e-08	2	36	23	55	0.894736842105263
CBM18.hmm	38	N159|N159.mRNA.10964.1	355	0.0001	2	36	18	50	0.894736842105263
CBM18.hmm	38	N159|N159.mRNA.12807.1	315	5.4e-09	8	35	22	50	0.710526315789474
CBM18.hmm	38	N159|N159.mRNA.13553.1	355	9.2e-05	2	35	18	49	0.868421052631579
CBM18.hmm	38	N159|N159.mRNA.15455.1	346	9.4e-07	2	35	26	57	0.868421052631579
CBM18.hmm	38	N159|N159.mRNA.16507.1	387	0.00016	2	36	24	56	0.894736842105263
CBM18.hmm	38	N159|N159.mRNA.6428.1	358	0.00017	7	34	34	62	0.710526315789474
CBM18.hmm	38	N159|N159.mRNA.8927.1	373	1.1e-06	2	35	53	84	0.868421052631579
CBM18.hmm	38	N159|N159.mRNA.9483.1	387	0.00063	2	36	24	56	0.894736842105263
CBM18.hmm	38	N159|N159.mRNA.9533.1	358	0.0005	7	34	34	62	0.710526315789474
CBM19.hmm	45	N159|N159.mRNA.11384.1	339	0.00034	10	43	296	328	0.733333333333333
CBM19.hmm	45	N159|N159.mRNA.15632.1	473	4.5e-06	11	44	419	454	0.733333333333333
CBM19.hmm	45	N159|N159.mRNA.5302.1	487	1.2e-06	11	44	433	468	0.733333333333333
CBM19.hmm	45	N159|N159.mRNA.8868.1	101	0.00033	11	43	49	83	0.711111111111111
CBM21.hmm	107	N159|N159.mRNA.15979.1	381	2.9e-27	3	106	115	227	0.962616822429907
CBM21.hmm	107	N159|N159.mRNA.7795.1	381	8.1e-27	4	106	116	227	0.953271028037383
CBM21.hmm	107	N159|N159.mRNA.9182.1	381	2.9e-27	3	106	115	227	0.962616822429907
CBM39.hmm	94	N159|N159.mRNA.13360.1	228	0.0002	22	90	56	125	0.723404255319149
CBM43.hmm	83	N159|N159.mRNA.10684.1	500	2.1e-14	2	82	365	455	0.963855421686747
CBM43.hmm	83	N159|N159.mRNA.14290.1	496	5.5e-12	2	82	368	458	0.963855421686747
CBM43.hmm	83	N159|N159.mRNA.15753.1	538	3.3e-12	2	82	368	459	0.963855421686747
CBM43.hmm	83	N159|N159.mRNA.15754.1	500	7.5e-13	2	82	368	459	0.963855421686747
CBM43.hmm	83	N159|N159.mRNA.8446.1	500	5.3e-13	2	82	368	459	0.963855421686747
CBM43.hmm	83	N159|N159.mRNA.8447.1	534	7.2e-12	6	82	376	459	0.91566265060241
CBM43.hmm	83	N159|N159.mRNA.8448.1	467	6.7e-11	2	82	368	458	0.963855421686747
CBM43.hmm	83	N159|N159.mRNA.8449.1	497	1.2e-12	2	82	368	459	0.963855421686747
CBM43.hmm	83	N159|N159.mRNA.8452.1	500	7.9e-14	2	82	365	455	0.963855421686747
CBM48.hmm	76	N159|N159.mRNA.13064.1	827	0.00014	12	66	177	243	0.710526315789474
CBM48.hmm	76	N159|N159.mRNA.13517.1	710	4.5e-09	2	48	75	131	0.605263157894737
CBM48.hmm	76	N159|N159.mRNA.4048.1	710	4.1e-09	2	48	75	131	0.605263157894737
CBM48.hmm	76	N159|N159.mRNA.7304.1	374	4.2e-05	12	66	177	243	0.710526315789474
CBM50.hmm	40	N159|N159.mRNA.3346.1	435	0.0006	1	26	167	192	0.625
CBM63.hmm	78	N159|N159.mRNA.10889.1	198	6.9e-17	2	73	113	182	0.91025641025641
CBM63.hmm	78	N159|N159.mRNA.12943.1	220	9.7e-15	8	73	140	204	0.833333333333333
CBM63.hmm	78	N159|N159.mRNA.1392.1	212	2.8e-24	2	75	126	198	0.935897435897436
CBM63.hmm	78	N159|N159.mRNA.1393.1	103	4.8e-08	16	76	31	90	0.769230769230769
CBM63.hmm	78	N159|N159.mRNA.1394.1	152	2e-20	2	75	66	138	0.935897435897436
CBM63.hmm	78	N159|N159.mRNA.1395.1	229	1.8e-16	2	72	129	198	0.897435897435897
CBM63.hmm	78	N159|N159.mRNA.2499.1	244	3.6e-19	3	73	141	210	0.897435897435897
CBM63.hmm	78	N159|N159.mRNA.2789.1	213	7.6e-17	2	73	128	197	0.91025641025641
CBM63.hmm	78	N159|N159.mRNA.3810.1	220	1.6e-14	8	73	140	204	0.833333333333333
CBM63.hmm	78	N159|N159.mRNA.4191.1	249	5.3e-19	3	73	146	215	0.897435897435897
CBM63.hmm	78	N159|N159.mRNA.4284.1	249	5.3e-19	3	73	146	215	0.897435897435897
CBM63.hmm	78	N159|N159.mRNA.5060.1	203	5.1e-18	1	74	127	198	0.935897435897436
CBM63.hmm	78	N159|N159.mRNA.5076.1	176	4.5e-11	2	48	128	174	0.58974358974359
CBM63.hmm	78	N159|N159.mRNA.5077.1	214	5.5e-18	2	75	128	200	0.935897435897436
CBM63.hmm	78	N159|N159.mRNA.5078.1	212	1.9e-24	2	75	126	198	0.935897435897436
CBM63.hmm	78	N159|N159.mRNA.5534.1	104	4.9e-08	16	76	31	90	0.769230769230769
CBM63.hmm	78	N159|N159.mRNA.5535.1	212	2.8e-24	2	75	126	198	0.935897435897436
CBM63.hmm	78	N159|N159.mRNA.7683.1	214	5.5e-18	2	75	128	200	0.935897435897436
CBM63.hmm	78	N159|N159.mRNA.7684.1	192	3.1e-18	2	76	106	179	0.948717948717949
CBM63.hmm	78	N159|N159.mRNA.90.1	220	1.6e-14	8	73	140	204	0.833333333333333
CBM63.hmm	78	N159|N159.mRNA.9381.1	213	2.1e-17	1	74	127	198	0.935897435897436
CBM63.hmm	78	N159|N159.mRNA.9382.1	213	2.1e-17	1	74	127	198	0.935897435897436
CE12.hmm	210	N159|N159.mRNA.5911.1	235	7.2e-14	2	154	7	175	0.723809523809524
CE14.hmm	124	N159|N159.mRNA.13599.1	277	5.7e-05	2	40	51	89	0.306451612903226
CE14.hmm	124	N159|N159.mRNA.13742.1	286	9.7e-12	2	123	51	162	0.975806451612903
CE16.hmm	267	N159|N159.mRNA.13098.1	219	2.3e-08	81	263	10	188	0.681647940074906
CE16.hmm	267	N159|N159.mRNA.13099.1	305	3.5e-15	1	264	24	276	0.98501872659176
CE16.hmm	267	N159|N159.mRNA.13100.1	144	9.4e-07	158	263	2	114	0.393258426966292
CE16.hmm	267	N159|N159.mRNA.14759.1	291	4.9e-22	4	266	25	281	0.9812734082397
CE16.hmm	267	N159|N159.mRNA.14760.1	293	3.1e-19	5	266	27	283	0.97752808988764
CE16.hmm	267	N159|N159.mRNA.14761.1	293	2.7e-18	5	266	27	283	0.97752808988764
CE16.hmm	267	N159|N159.mRNA.3978.1	253	2.6e-11	33	266	9	243	0.872659176029963
CE16.hmm	267	N159|N159.mRNA.3979.1	231	3.9e-06	59	266	8	219	0.775280898876405
CE16.hmm	267	N159|N159.mRNA.3983.1	245	1.5e-10	57	266	15	228	0.782771535580524
CE16.hmm	267	N159|N159.mRNA.6416.1	283	6.1e-07	156	266	150	275	0.411985018726592
CE16.hmm	267	N159|N159.mRNA.6422.1	198	2.1e-06	32	175	51	182	0.535580524344569
CE16.hmm	267	N159|N159.mRNA.6423.1	296	2.3e-12	1	266	23	286	0.99250936329588
CE16.hmm	267	N159|N159.mRNA.6424.1	296	8.7e-10	1	266	23	286	0.99250936329588
CE16.hmm	267	N159|N159.mRNA.6425.1	302	2.8e-15	1	266	24	287	0.99250936329588
CE1.hmm	227	N159|N159.mRNA.11277.1	273	2.5e-09	7	208	23	251	0.885462555066079
CE1.hmm	227	N159|N159.mRNA.11310.1	299	2.4e-10	10	208	23	268	0.872246696035242
CE1.hmm	227	N159|N159.mRNA.12249.1	349	1.3e-07	20	161	28	171	0.621145374449339
CE1.hmm	227	N159|N159.mRNA.12606.1	393	6.8e-08	12	143	93	278	0.577092511013216
CE1.hmm	227	N159|N159.mRNA.12607.1	391	4.3e-07	12	155	92	286	0.629955947136564
CE1.hmm	227	N159|N159.mRNA.12617.1	799	1e-09	51	207	599	776	0.687224669603524
CE1.hmm	227	N159|N159.mRNA.15194.1	673	6.9e-09	12	207	428	642	0.859030837004405
CE1.hmm	227	N159|N159.mRNA.16152.1	805	8.8e-09	5	191	557	760	0.819383259911894
CE1.hmm	227	N159|N159.mRNA.16511.1	672	3.2e-08	11	212	426	652	0.885462555066079
CE1.hmm	227	N159|N159.mRNA.2648.1	281	8.5e-55	1	224	21	277	0.982378854625551
CE1.hmm	227	N159|N159.mRNA.2660.1	224	2.8e-12	27	208	17	203	0.797356828193833
CE1.hmm	227	N159|N159.mRNA.3212.1	298	6e-08	8	125	34	141	0.515418502202643
CE1.hmm	227	N159|N159.mRNA.3326.1	312	6.2e-08	8	125	48	155	0.515418502202643
CE1.hmm	227	N159|N159.mRNA.4622.1	646	7.9e-09	9	185	401	595	0.775330396475771
CE1.hmm	227	N159|N159.mRNA.4895.1	740	1.2e-08	7	198	446	656	0.841409691629956
CE1.hmm	227	N159|N159.mRNA.52.1	224	1.5e-12	27	208	17	203	0.797356828193833
CE1.hmm	227	N159|N159.mRNA.6186.1	612	1.2e-08	9	210	374	594	0.885462555066079
CE1.hmm	227	N159|N159.mRNA.6187.1	677	5.2e-06	3	115	427	542	0.493392070484582
CE1.hmm	227	N159|N159.mRNA.6301.1	676	2.4e-09	5	209	424	647	0.898678414096916
CE1.hmm	227	N159|N159.mRNA.6302.1	674	8.9e-09	12	207	429	643	0.859030837004405
CE1.hmm	227	N159|N159.mRNA.6813.1	740	1.5e-07	7	175	446	635	0.740088105726872
CE1.hmm	227	N159|N159.mRNA.7275.1	333	8e-08	51	194	105	298	0.629955947136564
CE1.hmm	227	N159|N159.mRNA.7742.1	333	8.3e-06	23	123	105	200	0.440528634361233
CE1.hmm	227	N159|N159.mRNA.7803.1	674	6.6e-08	5	207	429	650	0.889867841409692
CE1.hmm	227	N159|N159.mRNA.7897.1	676	2.6e-08	3	208	427	651	0.903083700440529
CE1.hmm	227	N159|N159.mRNA.7898.1	677	5.3e-06	3	115	427	542	0.493392070484582
CE1.hmm	227	N159|N159.mRNA.7899.1	677	2.9e-08	7	207	431	650	0.881057268722467
CE1.hmm	227	N159|N159.mRNA.7900.1	678	2.2e-07	3	208	427	651	0.903083700440529
CE1.hmm	227	N159|N159.mRNA.7901.1	676	2.2e-08	3	208	427	651	0.903083700440529
CE1.hmm	227	N159|N159.mRNA.8117.1	393	3.2e-08	12	143	93	283	0.577092511013216
CE1.hmm	227	N159|N159.mRNA.9259.1	811	5.2e-09	9	194	567	769	0.814977973568282
CE1.hmm	227	N159|N159.mRNA.9902.1	663	1.1e-08	5	207	418	639	0.889867841409692
CE3.hmm	194	N159|N159.mRNA.4647.1	223	6.7e-06	80	189	88	200	0.561855670103093
CE3.hmm	194	N159|N159.mRNA.7376.1	224	7.4e-06	80	189	88	200	0.561855670103093
CE4.hmm	130	N159|N159.mRNA.10629.1	267	3.9e-15	6	127	20	145	0.930769230769231
CE4.hmm	130	N159|N159.mRNA.14258.1	229	8.6e-35	8	125	38	158	0.9
CE4.hmm	130	N159|N159.mRNA.14539.1	239	3.9e-36	8	126	48	169	0.907692307692308
CE4.hmm	130	N159|N159.mRNA.15042.1	267	4.2e-15	6	127	20	145	0.930769230769231
CE4.hmm	130	N159|N159.mRNA.2961.1	229	6.1e-35	8	125	38	158	0.9
CE4.hmm	130	N159|N159.mRNA.3379.1	239	3.3e-36	8	126	48	169	0.907692307692308
CE4.hmm	130	N159|N159.mRNA.7554.1	325	1.2e-12	17	116	94	192	0.761538461538461
CE4.hmm	130	N159|N159.mRNA.9114.1	325	1.3e-12	17	104	94	182	0.669230769230769
CE9.hmm	373	N159|N159.mRNA.16125.1	409	3.7e-121	1	373	20	404	0.997319034852547
CE9.hmm	373	N159|N159.mRNA.28.1	409	4.9e-121	1	373	20	404	0.997319034852547
GH13_25.hmm	434	N159|N159.mRNA.1172.1	1549	1.2e-189	3	433	1068	1516	0.990783410138249
GH13_25.hmm	434	N159|N159.mRNA.708.1	1552	1.8e-189	3	433	1069	1517	0.990783410138249
GH132.hmm	303	N159|N159.mRNA.13524.1	274	9.3e-65	60	294	35	263	0.772277227722772
GH132.hmm	303	N159|N159.mRNA.2384.1	445	1.4e-63	32	303	140	445	0.894389438943894
GH132.hmm	303	N159|N159.mRNA.2877.1	309	2.4e-67	49	302	56	306	0.834983498349835
GH132.hmm	303	N159|N159.mRNA.4523.1	314	3e-67	48	302	60	311	0.838283828382838
GH13_3.hmm	210	N159|N159.mRNA.1172.1	1549	2e-07	3	88	158	251	0.404761904761905
GH13_3.hmm	210	N159|N159.mRNA.1172.1	1549	3.3e-06	100	182	497	586	0.39047619047619
GH13_3.hmm	210	N159|N159.mRNA.708.1	1552	5.7e-08	1	88	158	253	0.414285714285714
GH13_3.hmm	210	N159|N159.mRNA.708.1	1552	6.8e-06	96	182	494	587	0.40952380952381
GH13_5.hmm	342	N159|N159.mRNA.10674.1	502	6.2e-151	1	342	45	387	0.997076023391813
GH13_5.hmm	342	N159|N159.mRNA.10676.1	152	1.3e-37	104	215	40	151	0.324561403508772
GH13_8.hmm	293	N159|N159.mRNA.13517.1	710	6e-152	1	293	257	550	0.996587030716723
GH13_8.hmm	293	N159|N159.mRNA.4048.1	710	1.8e-152	1	293	257	550	0.996587030716723
GH15.hmm	361	N159|N159.mRNA.11459.1	679	1.1e-88	2	360	290	666	0.991689750692521
GH15.hmm	361	N159|N159.mRNA.16446.1	679	1.7e-87	2	360	290	666	0.991689750692521
GH15.hmm	361	N159|N159.mRNA.202.1	1442	3.8e-16	4	257	22	294	0.700831024930748
GH15.hmm	361	N159|N159.mRNA.8179.1	1442	9.3e-16	4	257	22	294	0.700831024930748
GH16_19.hmm	174	N159|N159.mRNA.10296.1	402	1.2e-47	22	174	229	377	0.873563218390805
GH16_19.hmm	174	N159|N159.mRNA.10297.1	307	1.1e-52	22	174	134	282	0.873563218390805
GH16_19.hmm	174	N159|N159.mRNA.10298.1	328	3.2e-54	22	174	154	303	0.873563218390805
GH16_19.hmm	174	N159|N159.mRNA.10964.1	355	5.9e-64	3	174	96	263	0.982758620689655
GH16_19.hmm	174	N159|N159.mRNA.12807.1	315	6.6e-52	22	174	142	290	0.873563218390805
GH16_19.hmm	174	N159|N159.mRNA.12808.1	195	1.7e-54	22	174	21	170	0.873563218390805
GH16_19.hmm	174	N159|N159.mRNA.13553.1	355	8.2e-64	3	174	96	263	0.982758620689655
GH16_19.hmm	174	N159|N159.mRNA.15261.1	131	1.6e-17	21	131	16	127	0.632183908045977
GH16_19.hmm	174	N159|N159.mRNA.15455.1	346	9.6e-58	3	174	104	270	0.982758620689655
GH16_19.hmm	174	N159|N159.mRNA.16507.1	387	1.9e-53	4	174	104	266	0.977011494252874
GH16_19.hmm	174	N159|N159.mRNA.1753.1	234	2.7e-43	22	174	68	212	0.873563218390805
GH16_19.hmm	174	N159|N159.mRNA.5321.1	234	7.7e-44	22	174	68	212	0.873563218390805
GH16_19.hmm	174	N159|N159.mRNA.6428.1	358	2.9e-64	3	174	112	280	0.982758620689655
GH16_19.hmm	174	N159|N159.mRNA.8927.1	373	5.5e-58	3	174	131	297	0.982758620689655
GH16_19.hmm	174	N159|N159.mRNA.940.1	245	9.9e-31	20	171	78	222	0.867816091954023
GH16_19.hmm	174	N159|N159.mRNA.9483.1	387	5.6e-53	5	174	105	266	0.971264367816092
GH16_19.hmm	174	N159|N159.mRNA.9533.1	358	4e-64	3	174	112	280	0.982758620689655
GH16_2.hmm	326	N159|N159.mRNA.13154.1	505	2.2e-134	1	326	126	453	0.996932515337423
GH16_2.hmm	326	N159|N159.mRNA.1509.1	500	1.1e-138	1	326	126	448	0.996932515337423
GH16_3.hmm	230	N159|N159.mRNA.14186.1	273	2.6e-61	1	230	28	272	0.995652173913044
GH16_3.hmm	230	N159|N159.mRNA.16258.1	459	9.1e-67	3	230	139	409	0.98695652173913
GH16_3.hmm	230	N159|N159.mRNA.21.1	569	4.4e-66	3	228	181	449	0.978260869565217
GH16_3.hmm	230	N159|N159.mRNA.5868.1	273	2.6e-61	1	230	28	272	0.995652173913044
GH16_3.hmm	230	N159|N159.mRNA.5928.1	266	6.7e-61	1	230	21	265	0.995652173913044
GH16_4.hmm	316	N159|N159.mRNA.10168.1	388	1.1e-123	1	316	66	386	0.996835443037975
GH16_4.hmm	316	N159|N159.mRNA.10169.1	389	5.3e-123	1	316	66	386	0.996835443037975
GH16_4.hmm	316	N159|N159.mRNA.10170.1	388	3e-122	1	316	65	385	0.996835443037975
GH16_4.hmm	316	N159|N159.mRNA.11799.1	411	6.2e-96	1	316	32	408	0.996835443037975
GH16_4.hmm	316	N159|N159.mRNA.15915.1	449	3.8e-99	1	316	87	446	0.996835443037975
GH16_4.hmm	316	N159|N159.mRNA.1889.1	388	8.4e-124	1	316	66	386	0.996835443037975
GH16_4.hmm	316	N159|N159.mRNA.2213.1	395	2.3e-73	2	231	34	276	0.724683544303797
GH16_4.hmm	316	N159|N159.mRNA.7613.1	411	2.3e-96	1	316	32	408	0.996835443037975
GH16_4.hmm	316	N159|N159.mRNA.8339.1	388	1.5e-122	1	316	66	386	0.996835443037975
GH16_4.hmm	316	N159|N159.mRNA.896.1	388	1.7e-122	1	316	66	386	0.996835443037975
GH17.hmm	311	N159|N159.mRNA.15726.1	304	5.8e-23	14	306	45	294	0.938906752411576
GH17.hmm	311	N159|N159.mRNA.492.1	300	1.3e-23	12	306	38	288	0.945337620578778
GH17.hmm	311	N159|N159.mRNA.493.1	300	5e-28	12	306	38	288	0.945337620578778
GH17.hmm	311	N159|N159.mRNA.5063.1	298	2.1e-22	12	307	32	289	0.948553054662379
GH17.hmm	311	N159|N159.mRNA.5876.1	290	3.7e-25	20	306	39	281	0.919614147909968
GH17.hmm	311	N159|N159.mRNA.6009.1	300	6.5e-24	12	306	38	288	0.945337620578778
GH17.hmm	311	N159|N159.mRNA.6010.1	300	3.2e-28	11	306	37	288	0.948553054662379
GH17.hmm	311	N159|N159.mRNA.6497.1	304	3e-23	14	306	45	294	0.938906752411576
GH17.hmm	311	N159|N159.mRNA.7927.1	298	2.1e-22	12	307	32	289	0.948553054662379
GH17.hmm	311	N159|N159.mRNA.9578.1	298	5.2e-21	16	307	35	289	0.935691318327974
GH18.hmm	296	N159|N159.mRNA.10249.1	477	1.3e-60	4	286	27	404	0.952702702702703
GH18.hmm	296	N159|N159.mRNA.10843.1	400	7e-81	4	283	8	388	0.942567567567568
GH18.hmm	296	N159|N159.mRNA.10847.1	211	3.8e-34	51	172	36	191	0.408783783783784
GH18.hmm	296	N159|N159.mRNA.11056.1	476	1e-72	3	284	39	420	0.949324324324324
GH18.hmm	296	N159|N159.mRNA.11143.1	621	5.3e-78	2	282	22	362	0.945945945945946
GH18.hmm	296	N159|N159.mRNA.11144.1	546	9.7e-80	3	283	23	363	0.945945945945946
GH18.hmm	296	N159|N159.mRNA.12011.1	422	2.4e-78	2	285	24	409	0.956081081081081
GH18.hmm	296	N159|N159.mRNA.12012.1	152	3.9e-29	104	207	21	145	0.347972972972973
GH18.hmm	296	N159|N159.mRNA.12013.1	525	1.1e-75	2	283	24	407	0.949324324324324
GH18.hmm	296	N159|N159.mRNA.12085.1	137	2.3e-17	2	93	24	128	0.307432432432432
GH18.hmm	296	N159|N159.mRNA.12086.1	189	1.5e-30	158	283	2	178	0.422297297297297
GH18.hmm	296	N159|N159.mRNA.12088.1	514	1.5e-76	2	284	24	408	0.952702702702703
GH18.hmm	296	N159|N159.mRNA.13162.1	519	8.4e-76	2	283	24	407	0.949324324324324
GH18.hmm	296	N159|N159.mRNA.13163.1	418	4.9e-76	2	283	24	407	0.949324324324324
GH18.hmm	296	N159|N159.mRNA.13301.1	863	1.8e-21	3	200	26	270	0.665540540540541
GH18.hmm	296	N159|N159.mRNA.14849.1	487	3.7e-79	3	284	94	477	0.949324324324324
GH18.hmm	296	N159|N159.mRNA.14988.1	1001	1.2e-78	2	283	22	362	0.949324324324324
GH18.hmm	296	N159|N159.mRNA.14989.1	525	3.5e-68	3	283	23	341	0.945945945945946
GH18.hmm	296	N159|N159.mRNA.15290.1	863	1.8e-21	3	200	26	270	0.665540540540541
GH18.hmm	296	N159|N159.mRNA.15632.1	473	1.5e-78	3	283	23	363	0.945945945945946
GH18.hmm	296	N159|N159.mRNA.15710.1	418	4.3e-76	2	283	24	407	0.949324324324324
GH18.hmm	296	N159|N159.mRNA.15711.1	465	5.8e-76	2	283	24	407	0.949324324324324
GH18.hmm	296	N159|N159.mRNA.16131.1	463	2.2e-25	2	198	20	270	0.662162162162162
GH18.hmm	296	N159|N159.mRNA.16401.1	836	1.3e-24	3	273	52	328	0.912162162162162
GH18.hmm	296	N159|N159.mRNA.1850.1	460	1.8e-24	2	202	20	274	0.675675675675676
GH18.hmm	296	N159|N159.mRNA.1926.1	437	2.2e-20	3	197	26	272	0.655405405405405
GH18.hmm	296	N159|N159.mRNA.1927.1	428	8.2e-26	3	211	15	279	0.702702702702703
GH18.hmm	296	N159|N159.mRNA.3346.1	435	8.2e-21	55	157	305	433	0.344594594594595
GH18.hmm	296	N159|N159.mRNA.4237.1	863	1.8e-21	3	200	26	270	0.665540540540541
GH18.hmm	296	N159|N159.mRNA.4318.1	501	1.4e-80	3	284	108	491	0.949324324324324
GH18.hmm	296	N159|N159.mRNA.4830.1	476	9.8e-73	3	284	39	420	0.949324324324324
GH18.hmm	296	N159|N159.mRNA.5302.1	487	6.3e-77	3	283	23	363	0.945945945945946
GH18.hmm	296	N159|N159.mRNA.5609.1	835	7.6e-24	3	280	53	336	0.935810810810811
GH18.hmm	296	N159|N159.mRNA.6007.1	477	5.6e-59	4	286	27	404	0.952702702702703
GH18.hmm	296	N159|N159.mRNA.7176.1	346	1.1e-26	125	271	73	254	0.493243243243243
GH18.hmm	296	N159|N159.mRNA.8767.1	388	4.7e-72	5	285	2	379	0.945945945945946
GH18.hmm	296	N159|N159.mRNA.9272.1	412	2.7e-77	2	285	24	399	0.956081081081081
GH18.hmm	296	N159|N159.mRNA.9498.1	434	8.3e-28	3	203	23	273	0.675675675675676
GH18.hmm	296	N159|N159.mRNA.9499.1	443	9.7e-20	3	198	26	273	0.658783783783784
GH20.hmm	337	N159|N159.mRNA.11210.1	570	4e-98	8	336	165	503	0.973293768545994
GH20.hmm	337	N159|N159.mRNA.1327.1	565	7.4e-93	6	336	162	502	0.979228486646884
GH20.hmm	337	N159|N159.mRNA.1711.1	565	7.9e-93	6	336	162	502	0.979228486646884
GH20.hmm	337	N159|N159.mRNA.3554.1	140	9.9e-32	103	235	2	139	0.391691394658754
GH20.hmm	337	N159|N159.mRNA.3719.1	566	5.8e-97	4	336	172	512	0.985163204747775
GH20.hmm	337	N159|N159.mRNA.3952.1	748	6.6e-34	10	334	152	470	0.961424332344214
GH20.hmm	337	N159|N159.mRNA.6277.1	566	1.4e-96	4	336	172	512	0.985163204747775
GH20.hmm	337	N159|N159.mRNA.6278.1	451	1.4e-51	94	335	140	389	0.71513353115727
GH20.hmm	337	N159|N159.mRNA.6285.1	570	8.1e-97	8	336	165	503	0.973293768545994
GH25.hmm	177	N159|N159.mRNA.11928.1	222	3.3e-57	1	176	25	204	0.988700564971751
GH25.hmm	177	N159|N159.mRNA.13336.1	184	4.6e-34	44	173	30	163	0.728813559322034
GH25.hmm	177	N159|N159.mRNA.13337.1	222	4e-56	1	176	25	204	0.988700564971751
GH25.hmm	177	N159|N159.mRNA.5104.1	128	9.1e-36	27	148	1	127	0.68361581920904
GH25.hmm	177	N159|N159.mRNA.6706.1	128	2.5e-26	1	72	25	95	0.401129943502825
GH25.hmm	177	N159|N159.mRNA.9592.1	222	6.5e-56	1	176	25	204	0.988700564971751
GH31.hmm	427	N159|N159.mRNA.13770.1	302	3e-60	279	427	1	150	0.346604215456674
GH31.hmm	427	N159|N159.mRNA.15203.1	858	1.3e-156	3	427	248	731	0.992974238875878
GH31.hmm	427	N159|N159.mRNA.360.1	748	2.6e-136	2	372	359	748	0.866510538641686
GH31.hmm	427	N159|N159.mRNA.361.1	696	3.5e-122	2	345	332	694	0.80327868852459
GH31.hmm	427	N159|N159.mRNA.6084.1	539	2.2e-70	198	427	171	403	0.536299765807963
GH31.hmm	427	N159|N159.mRNA.6268.1	858	7.5e-158	3	427	248	731	0.992974238875878
GH31.hmm	427	N159|N159.mRNA.7869.1	330	1.9e-71	251	427	1	178	0.412177985948478
GH31.hmm	427	N159|N159.mRNA.8989.1	723	3.3e-70	197	427	352	585	0.53864168618267
GH31.hmm	427	N159|N159.mRNA.8991.1	721	2.4e-70	197	427	350	583	0.53864168618267
GH31.hmm	427	N159|N159.mRNA.8992.1	656	3.6e-70	198	427	288	520	0.536299765807963
GH35.hmm	307	N159|N159.mRNA.10306.1	1124	2.1e-79	1	303	71	447	0.98371335504886
GH35.hmm	307	N159|N159.mRNA.516.1	1124	4.2e-80	1	303	71	447	0.98371335504886
GH37.hmm	491	N159|N159.mRNA.12954.1	886	1.9e-144	2	489	140	701	0.991853360488798
GH37.hmm	491	N159|N159.mRNA.14691.1	886	1.5e-145	2	489	140	701	0.991853360488798
GH37.hmm	491	N159|N159.mRNA.4138.1	623	2.4e-151	1	490	40	598	0.995926680244399
GH37.hmm	491	N159|N159.mRNA.8903.1	587	2.6e-151	1	490	4	562	0.995926680244399
GH38.hmm	269	N159|N159.mRNA.7392.1	1090	1.1e-85	4	260	284	539	0.951672862453532
GH38.hmm	269	N159|N159.mRNA.7826.1	1102	9e-84	3	264	252	512	0.970260223048327
GH3.hmm	216	N159|N159.mRNA.10341.1	786	1.4e-60	2	209	119	344	0.958333333333333
GH3.hmm	216	N159|N159.mRNA.14194.1	786	9.2e-61	2	209	119	344	0.958333333333333
GH3.hmm	216	N159|N159.mRNA.6117.1	716	2.2e-60	2	209	119	344	0.958333333333333
GH3.hmm	216	N159|N159.mRNA.6118.1	786	1.1e-58	2	212	119	339	0.972222222222222
GH3.hmm	216	N159|N159.mRNA.642.1	716	2.2e-60	2	209	119	344	0.958333333333333
GH3.hmm	216	N159|N159.mRNA.643.1	786	1.1e-58	2	212	119	339	0.972222222222222
GH47.hmm	446	N159|N159.mRNA.14645.1	732	8.6e-142	1	444	1	435	0.993273542600897
GH47.hmm	446	N159|N159.mRNA.15661.1	475	8.6e-137	1	446	50	473	0.997757847533632
GH47.hmm	446	N159|N159.mRNA.15662.1	434	1.2e-142	1	446	5	433	0.997757847533632
GH47.hmm	446	N159|N159.mRNA.16242.1	498	9.1e-150	1	445	30	493	0.995515695067265
GH47.hmm	446	N159|N159.mRNA.1807.1	455	2.2e-141	2	446	23	451	0.995515695067265
GH47.hmm	446	N159|N159.mRNA.1863.1	475	1.5e-143	1	446	45	473	0.997757847533632
GH47.hmm	446	N159|N159.mRNA.1864.1	487	3.8e-142	1	446	58	486	0.997757847533632
GH47.hmm	446	N159|N159.mRNA.1866.1	484	4.4e-137	1	446	54	482	0.997757847533632
GH47.hmm	446	N159|N159.mRNA.2485.1	437	7.7e-142	1	446	9	434	0.997757847533632
GH47.hmm	446	N159|N159.mRNA.5119.1	423	2.4e-128	1	435	9	423	0.973094170403587
GH47.hmm	446	N159|N159.mRNA.6135.1	732	1.4e-142	1	445	1	436	0.995515695067265
GH47.hmm	446	N159|N159.mRNA.7854.1	465	1.6e-141	2	446	33	461	0.995515695067265
GH47.hmm	446	N159|N159.mRNA.8644.1	519	1.6e-149	1	445	51	514	0.995515695067265
GH5_12.hmm	539	N159|N159.mRNA.13356.1	1055	2.3e-140	1	538	318	846	0.996289424860853
GH5_12.hmm	539	N159|N159.mRNA.14959.1	1057	2.2e-142	1	538	320	848	0.996289424860853
GH5_12.hmm	539	N159|N159.mRNA.2525.1	716	1.8e-181	6	539	28	559	0.98886827458256
GH5_12.hmm	539	N159|N159.mRNA.2527.1	725	6.7e-182	3	539	25	559	0.99443413729128
GH5_12.hmm	539	N159|N159.mRNA.2528.1	430	1.7e-71	272	539	1	264	0.495361781076067
GH5_12.hmm	539	N159|N159.mRNA.2529.1	725	2.2e-180	3	539	25	559	0.99443413729128
GH5_12.hmm	539	N159|N159.mRNA.3238.1	728	3e-177	4	539	26	559	0.992578849721707
GH5_9.hmm	303	N159|N159.mRNA.13276.1	433	1.4e-77	1	303	129	414	0.996699669966997
GH5_9.hmm	303	N159|N159.mRNA.13278.1	462	4.3e-80	1	303	158	442	0.996699669966997
GH5_9.hmm	303	N159|N159.mRNA.14229.1	467	4.7e-82	1	303	163	447	0.996699669966997
GH5_9.hmm	303	N159|N159.mRNA.14644.1	405	7.3e-107	2	303	76	379	0.993399339933993
GH5_9.hmm	303	N159|N159.mRNA.14796.1	370	9.6e-76	1	303	66	351	0.996699669966997
GH5_9.hmm	303	N159|N159.mRNA.15746.1	519	3.1e-92	1	302	170	487	0.993399339933993
GH5_9.hmm	303	N159|N159.mRNA.15747.1	516	1.1e-92	1	302	164	482	0.993399339933993
GH5_9.hmm	303	N159|N159.mRNA.3889.1	511	2.3e-104	1	303	159	476	0.996699669966997
GH5_9.hmm	303	N159|N159.mRNA.3890.1	511	1.2e-103	1	303	165	482	0.996699669966997
GH5_9.hmm	303	N159|N159.mRNA.5851.1	405	3.6e-108	2	303	76	379	0.993399339933993
GH5_9.hmm	303	N159|N159.mRNA.916.1	511	3e-104	1	303	165	482	0.996699669966997
GH5_9.hmm	303	N159|N159.mRNA.917.1	511	1.3e-103	1	303	159	476	0.996699669966997
GH5_9.hmm	303	N159|N159.mRNA.9531.1	522	5.2e-92	1	302	170	488	0.993399339933993
GH5_9.hmm	303	N159|N159.mRNA.9534.1	107	1.1e-26	43	139	3	104	0.316831683168317
GH63.hmm	570	N159|N159.mRNA.1682.1	883	6.1e-24	319	567	650	880	0.435087719298246
GH63.hmm	570	N159|N159.mRNA.1778.1	882	3.4e-23	318	567	648	879	0.436842105263158
GH72.hmm	312	N159|N159.mRNA.10684.1	500	5.2e-120	4	311	16	313	0.983974358974359
GH72.hmm	312	N159|N159.mRNA.14290.1	496	1.2e-118	5	312	20	317	0.983974358974359
GH72.hmm	312	N159|N159.mRNA.15753.1	538	5e-122	5	312	20	317	0.983974358974359
GH72.hmm	312	N159|N159.mRNA.15754.1	500	2.5e-120	5	312	20	317	0.983974358974359
GH72.hmm	312	N159|N159.mRNA.16149.1	513	1.6e-48	6	305	26	319	0.958333333333333
GH72.hmm	312	N159|N159.mRNA.2989.1	502	4.4e-52	6	306	15	309	0.961538461538462
GH72.hmm	312	N159|N159.mRNA.8446.1	500	2.9e-120	5	312	20	317	0.983974358974359
GH72.hmm	312	N159|N159.mRNA.8447.1	534	9.3e-122	5	312	20	317	0.983974358974359
GH72.hmm	312	N159|N159.mRNA.8448.1	467	2.4e-121	5	311	20	316	0.980769230769231
GH72.hmm	312	N159|N159.mRNA.8449.1	497	1.7e-118	5	312	20	317	0.983974358974359
GH72.hmm	312	N159|N159.mRNA.8452.1	500	1.6e-120	4	311	16	313	0.983974358974359
GH74.hmm	233	N159|N159.mRNA.14200.1	2170	1.1e-08	26	114	27	110	0.377682403433476
GH74.hmm	233	N159|N159.mRNA.14200.1	2170	2.9e-07	45	137	768	864	0.394849785407725
GH74.hmm	233	N159|N159.mRNA.14200.1	2170	3.8e-06	15	164	1374	1576	0.639484978540773
GH74.hmm	233	N159|N159.mRNA.14200.1	2170	6.3e-06	32	115	1026	1137	0.356223175965665
GH74.hmm	233	N159|N159.mRNA.16552.1	2170	1.1e-08	26	114	27	110	0.377682403433476
GH74.hmm	233	N159|N159.mRNA.16552.1	2170	2.9e-06	15	164	1374	1576	0.639484978540773
GH74.hmm	233	N159|N159.mRNA.16552.1	2170	2.9e-07	45	137	768	864	0.394849785407725
GH74.hmm	233	N159|N159.mRNA.16552.1	2170	6.3e-06	32	115	1026	1137	0.356223175965665
GH74.hmm	233	N159|N159.mRNA.4124.1	2170	1.1e-08	26	114	27	110	0.377682403433476
GH74.hmm	233	N159|N159.mRNA.4124.1	2170	2.9e-06	15	164	1374	1576	0.639484978540773
GH74.hmm	233	N159|N159.mRNA.4124.1	2170	2.9e-07	45	137	768	864	0.394849785407725
GH74.hmm	233	N159|N159.mRNA.4124.1	2170	6.3e-06	32	115	1026	1137	0.356223175965665
GH81.hmm	622	N159|N159.mRNA.16126.1	703	4e-179	14	622	73	699	0.977491961414791
GH81.hmm	622	N159|N159.mRNA.31.1	703	1.6e-179	14	622	73	699	0.977491961414791
GT14.hmm	250	N159|N159.mRNA.1256.1	428	1.3e-38	1	220	93	325	0.876
GT14.hmm	250	N159|N159.mRNA.3503.1	426	2.1e-39	1	220	92	324	0.876
GT15.hmm	273	N159|N159.mRNA.10358.1	278	9.2e-115	2	272	1	269	0.989010989010989
GT15.hmm	273	N159|N159.mRNA.10909.1	323	8.7e-111	3	272	2	269	0.985347985347985
GT15.hmm	273	N159|N159.mRNA.11009.1	323	4.2e-115	2	272	1	269	0.989010989010989
GT15.hmm	273	N159|N159.mRNA.11010.1	169	1.5e-53	146	272	1	128	0.461538461538462
GT15.hmm	273	N159|N159.mRNA.12128.1	366	3.1e-116	1	272	57	326	0.992673992673993
GT15.hmm	273	N159|N159.mRNA.12129.1	362	3e-103	2	270	52	318	0.981684981684982
GT15.hmm	273	N159|N159.mRNA.12130.1	344	1.5e-31	1	88	75	162	0.318681318681319
GT15.hmm	273	N159|N159.mRNA.12130.1	344	1e-35	157	254	200	298	0.355311355311355
GT15.hmm	273	N159|N159.mRNA.12131.1	400	7e-120	1	272	90	359	0.992673992673993
GT15.hmm	273	N159|N159.mRNA.12132.1	376	3.5e-120	1	272	65	335	0.992673992673993
GT15.hmm	273	N159|N159.mRNA.12133.1	401	3.2e-120	1	272	89	360	0.992673992673993
GT15.hmm	273	N159|N159.mRNA.12135.1	396	1.1e-114	1	272	74	344	0.992673992673993
GT15.hmm	273	N159|N159.mRNA.12136.1	509	3.9e-98	1	272	171	441	0.992673992673993
GT15.hmm	273	N159|N159.mRNA.12703.1	382	1.6e-106	3	272	73	341	0.985347985347985
GT15.hmm	273	N159|N159.mRNA.13132.1	329	7.1e-62	2	270	18	289	0.981684981684982
GT15.hmm	273	N159|N159.mRNA.13760.1	351	1.3e-111	1	272	27	297	0.992673992673993
GT15.hmm	273	N159|N159.mRNA.13802.1	379	1.2e-121	1	273	66	339	0.996336996336996
GT15.hmm	273	N159|N159.mRNA.14413.1	358	3.8e-115	1	272	35	304	0.992673992673993
GT15.hmm	273	N159|N159.mRNA.16046.1	382	6.6e-106	3	272	73	341	0.985347985347985
GT15.hmm	273	N159|N159.mRNA.2992.1	379	3.1e-122	1	273	66	339	0.996336996336996
GT15.hmm	273	N159|N159.mRNA.3484.1	300	3e-73	23	271	2	231	0.908424908424908
GT15.hmm	273	N159|N159.mRNA.3486.1	343	2.4e-113	1	272	21	291	0.992673992673993
GT15.hmm	273	N159|N159.mRNA.3488.1	401	3.8e-120	1	272	89	360	0.992673992673993
GT15.hmm	273	N159|N159.mRNA.3489.1	401	4e-120	1	272	91	360	0.992673992673993
GT15.hmm	273	N159|N159.mRNA.3490.1	362	5.4e-106	2	270	52	318	0.981684981684982
GT15.hmm	273	N159|N159.mRNA.3491.1	328	3.2e-102	1	246	85	328	0.897435897435897
GT15.hmm	273	N159|N159.mRNA.3911.1	379	1.5e-111	1	272	55	325	0.992673992673993
GT15.hmm	273	N159|N159.mRNA.4867.1	304	4.2e-103	22	272	1	250	0.915750915750916
GT15.hmm	273	N159|N159.mRNA.5055.1	168	7.5e-54	146	272	1	128	0.461538461538462
GT15.hmm	273	N159|N159.mRNA.5056.1	132	3.3e-35	1	104	32	132	0.377289377289377
GT15.hmm	273	N159|N159.mRNA.7158.1	323	6.4e-115	3	272	2	269	0.985347985347985
GT15.hmm	273	N159|N159.mRNA.8659.1	329	4.3e-63	2	270	18	289	0.981684981684982
GT1.hmm	382	N159|N159.mRNA.10080.1	550	1.8e-26	194	349	254	443	0.405759162303665
GT1.hmm	382	N159|N159.mRNA.10184.1	550	5.4e-21	193	360	241	442	0.43717277486911
GT1.hmm	382	N159|N159.mRNA.10185.1	537	3.4e-23	131	352	169	420	0.578534031413613
GT1.hmm	382	N159|N159.mRNA.10186.1	546	5.3e-20	193	350	239	430	0.410994764397906
GT1.hmm	382	N159|N159.mRNA.10416.1	557	1.2e-23	226	350	283	444	0.324607329842932
GT1.hmm	382	N159|N159.mRNA.11503.1	555	5.2e-22	113	348	161	440	0.615183246073298
GT1.hmm	382	N159|N159.mRNA.11504.1	553	2.8e-22	226	352	280	443	0.329842931937173
GT1.hmm	382	N159|N159.mRNA.11508.1	467	6.4e-30	197	350	168	355	0.400523560209424
GT1.hmm	382	N159|N159.mRNA.11509.1	552	1.8e-27	182	350	239	441	0.43979057591623
GT1.hmm	382	N159|N159.mRNA.11510.1	553	1.3e-30	221	349	274	440	0.335078534031414
GT1.hmm	382	N159|N159.mRNA.11511.1	552	1.5e-27	106	350	139	440	0.638743455497382
GT1.hmm	382	N159|N159.mRNA.11512.1	551	1.6e-26	220	350	260	440	0.340314136125654
GT1.hmm	382	N159|N159.mRNA.11513.1	552	2.3e-28	185	353	242	444	0.43979057591623
GT1.hmm	382	N159|N159.mRNA.11514.1	429	5.3e-29	220	350	142	321	0.340314136125654
GT1.hmm	382	N159|N159.mRNA.11956.1	566	2.8e-28	104	350	160	453	0.643979057591623
GT1.hmm	382	N159|N159.mRNA.13700.1	293	8e-17	221	352	33	200	0.342931937172775
GT1.hmm	382	N159|N159.mRNA.13702.1	454	2.5e-19	190	352	143	337	0.424083769633508
GT1.hmm	382	N159|N159.mRNA.13905.1	553	1.4e-27	123	350	166	440	0.594240837696335
GT1.hmm	382	N159|N159.mRNA.14159.1	316	5.3e-26	203	345	104	279	0.371727748691099
GT1.hmm	382	N159|N159.mRNA.14160.1	553	2e-20	209	346	267	437	0.358638743455497
GT1.hmm	382	N159|N159.mRNA.1431.1	558	1.4e-23	192	351	253	445	0.416230366492147
GT1.hmm	382	N159|N159.mRNA.1557.1	352	5.3e-26	191	346	94	280	0.405759162303665
GT1.hmm	382	N159|N159.mRNA.16575.1	556	5.7e-31	220	349	262	443	0.337696335078534
GT1.hmm	382	N159|N159.mRNA.16576.1	553	8.8e-32	220	350	259	441	0.340314136125654
GT1.hmm	382	N159|N159.mRNA.4623.1	467	5.5e-17	194	348	256	443	0.403141361256544
GT1.hmm	382	N159|N159.mRNA.6415.1	525	2.1e-21	201	351	224	418	0.392670157068063
GT1.hmm	382	N159|N159.mRNA.7156.1	1077	1.2e-60	4	377	601	1008	0.976439790575916
GT1.hmm	382	N159|N159.mRNA.7767.1	908	1.3e-24	4	265	626	906	0.683246073298429
GT1.hmm	382	N159|N159.mRNA.818.1	552	2.4e-28	156	350	215	441	0.507853403141361
GT1.hmm	382	N159|N159.mRNA.819.1	554	5e-29	180	351	218	442	0.447643979057592
GT1.hmm	382	N159|N159.mRNA.821.1	551	1.8e-26	153	350	209	440	0.515706806282722
GT1.hmm	382	N159|N159.mRNA.9861.1	554	5.4e-23	207	373	265	466	0.43455497382199
GT1.hmm	382	N159|N159.mRNA.9863.1	554	2.8e-23	224	352	279	444	0.335078534031414
GT1.hmm	382	N159|N159.mRNA.9864.1	553	4.5e-23	220	376	267	469	0.408376963350785
GT1.hmm	382	N159|N159.mRNA.9865.1	555	3.1e-25	183	369	245	463	0.486910994764398
GT1.hmm	382	N159|N159.mRNA.9866.1	555	1.7e-22	102	351	138	443	0.651832460732984
GT1.hmm	382	N159|N159.mRNA.9867.1	554	1.1e-20	223	351	277	442	0.335078534031414
GT1.hmm	382	N159|N159.mRNA.9868.1	424	8.2e-21	176	350	130	356	0.455497382198953
GT1.hmm	382	N159|N159.mRNA.9869.1	554	2.6e-23	86	377	143	470	0.761780104712042
GT1.hmm	382	N159|N159.mRNA.9870.1	549	1.5e-21	230	352	279	438	0.319371727748691
GT1.hmm	382	N159|N159.mRNA.9872.1	557	1.4e-21	191	351	252	445	0.418848167539267
GT1.hmm	382	N159|N159.mRNA.9873.1	508	1.9e-24	220	349	205	394	0.337696335078534
GT20.hmm	475	N159|N159.mRNA.12981.1	686	6.4e-160	80	473	11	404	0.827368421052632
GT20.hmm	475	N159|N159.mRNA.1976.1	481	4.5e-197	5	474	4	476	0.987368421052632
GT20.hmm	475	N159|N159.mRNA.8320.1	771	7.1e-164	4	473	5	489	0.987368421052632
GT22.hmm	389	N159|N159.mRNA.4017.1	644	1.5e-69	6	310	24	380	0.781491002570694
GT24.hmm	248	N159|N159.mRNA.13718.1	1518	8e-129	1	248	1222	1469	0.995967741935484
GT24.hmm	248	N159|N159.mRNA.2860.1	1515	1.4e-128	1	248	1219	1466	0.995967741935484
GT2_Chitin_synth_1.hmm	163	N159|N159.mRNA.3384.1	826	3.9e-79	1	163	150	312	0.993865030674847
GT2_Chitin_synth_1.hmm	163	N159|N159.mRNA.6384.1	826	3.3e-79	1	163	150	312	0.993865030674847
GT2_Chitin_synth_2.hmm	527	N159|N159.mRNA.11634.1	1038	4.6e-233	5	526	349	851	0.988614800759013
GT2_Chitin_synth_2.hmm	527	N159|N159.mRNA.1205.1	1171	2.9e-75	4	492	335	795	0.925996204933586
GT2_Chitin_synth_2.hmm	527	N159|N159.mRNA.12078.1	1432	1e-236	4	527	711	1218	0.992409867172676
GT2_Chitin_synth_2.hmm	527	N159|N159.mRNA.12359.1	1672	1e-227	20	525	967	1464	0.958254269449715
GT2_Chitin_synth_2.hmm	527	N159|N159.mRNA.12422.1	1889	1.9e-233	5	526	1201	1703	0.988614800759013
GT2_Chitin_synth_2.hmm	527	N159|N159.mRNA.12558.1	1109	6.3e-75	5	492	276	735	0.924098671726755
GT2_Chitin_synth_2.hmm	527	N159|N159.mRNA.13049.1	1870	1.3e-234	4	527	1165	1672	0.992409867172676
GT2_Chitin_synth_2.hmm	527	N159|N159.mRNA.13567.1	989	2.3e-257	19	526	374	872	0.962049335863378
GT2_Chitin_synth_2.hmm	527	N159|N159.mRNA.13569.1	992	1.2e-259	19	526	374	872	0.962049335863378
GT2_Chitin_synth_2.hmm	527	N159|N159.mRNA.15394.1	1870	4.3e-230	5	526	1179	1681	0.988614800759013
GT2_Chitin_synth_2.hmm	527	N159|N159.mRNA.15396.1	1858	4.3e-232	5	526	1176	1678	0.988614800759013
GT2_Chitin_synth_2.hmm	527	N159|N159.mRNA.16197.1	2049	3.7e-220	5	510	1208	1695	0.958254269449715
GT2_Chitin_synth_2.hmm	527	N159|N159.mRNA.1734.1	1190	1.8e-287	12	527	615	1129	0.977229601518027
GT2_Chitin_synth_2.hmm	527	N159|N159.mRNA.3384.1	826	2.5e-23	204	374	290	465	0.32258064516129
GT2_Chitin_synth_2.hmm	527	N159|N159.mRNA.3944.1	1995	7.5e-221	5	510	1153	1640	0.958254269449715
GT2_Chitin_synth_2.hmm	527	N159|N159.mRNA.467.1	1870	1.3e-234	4	527	1165	1672	0.992409867172676
GT2_Chitin_synth_2.hmm	527	N159|N159.mRNA.4941.1	1649	2.7e-236	5	527	929	1435	0.990512333965844
GT2_Chitin_synth_2.hmm	527	N159|N159.mRNA.5342.1	1209	2.4e-20	20	243	420	629	0.42314990512334
GT2_Chitin_synth_2.hmm	527	N159|N159.mRNA.6273.1	992	1.3e-259	7	526	362	872	0.984819734345351
GT2_Chitin_synth_2.hmm	527	N159|N159.mRNA.6384.1	826	2.5e-23	204	374	290	465	0.32258064516129
GT2_Chitin_synth_2.hmm	527	N159|N159.mRNA.687.1	1614	2.6e-236	5	527	1015	1521	0.990512333965844
GT2_Chitin_synth_2.hmm	527	N159|N159.mRNA.7193.1	1871	4.3e-232	5	526	1180	1682	0.988614800759013
GT2_Chitin_synth_2.hmm	527	N159|N159.mRNA.7480.1	1860	1.7e-231	5	526	1178	1680	0.988614800759013
GT2_Chitin_synth_2.hmm	527	N159|N159.mRNA.7481.1	1868	9.2e-231	5	526	1178	1680	0.988614800759013
GT2_Chitin_synth_2.hmm	527	N159|N159.mRNA.7737.1	1214	3.2e-265	12	527	505	1032	0.977229601518027
GT2_Chitin_synth_2.hmm	527	N159|N159.mRNA.8073.1	2188	5.8e-218	3	526	1411	1936	0.992409867172676
GT2_Chitin_synth_2.hmm	527	N159|N159.mRNA.8323.1	1267	3.3e-21	19	246	475	688	0.430740037950664
GT2_Chitin_synth_2.hmm	527	N159|N159.mRNA.8512.1	1876	8.4e-234	5	526	1201	1703	0.988614800759013
GT2_Chitin_synth_2.hmm	527	N159|N159.mRNA.9916.1	1214	9.1e-264	12	527	505	1032	0.977229601518027
GT2_Glycos_transf_2.hmm	170	N159|N159.mRNA.12675.1	327	5.8e-29	1	165	69	246	0.964705882352941
GT2_Glycos_transf_2.hmm	170	N159|N159.mRNA.6359.1	238	2.2e-34	1	167	6	174	0.976470588235294
GT2_Glycos_transf_2.hmm	170	N159|N159.mRNA.8789.1	238	9.8e-35	1	167	6	174	0.976470588235294
GT2_Glycos_transf_2.hmm	170	N159|N159.mRNA.9040.1	327	3.6e-29	1	165	69	246	0.964705882352941
GT2_Glyco_trans_2_3.hmm	197	N159|N159.mRNA.10347.1	573	8.3e-13	2	152	234	450	0.761421319796954
GT2_Glyco_trans_2_3.hmm	197	N159|N159.mRNA.10527.1	573	1.2e-12	2	188	234	454	0.944162436548223
GT32.hmm	90	N159|N159.mRNA.14415.1	270	5.2e-13	2	85	41	118	0.922222222222222
GT32.hmm	90	N159|N159.mRNA.2277.1	291	4.9e-13	2	88	60	140	0.955555555555556
GT32.hmm	90	N159|N159.mRNA.2278.1	286	1.3e-12	5	87	58	134	0.911111111111111
GT32.hmm	90	N159|N159.mRNA.2279.1	223	6.4e-12	10	85	4	73	0.833333333333333
GT32.hmm	90	N159|N159.mRNA.2280.1	260	8.5e-12	13	83	36	104	0.777777777777778
GT32.hmm	90	N159|N159.mRNA.2349.1	226	2.4e-10	11	85	5	73	0.822222222222222
GT32.hmm	90	N159|N159.mRNA.2389.1	226	1.7e-11	14	87	7	75	0.811111111111111
GT32.hmm	90	N159|N159.mRNA.2390.1	257	3.3e-13	5	85	29	103	0.888888888888889
GT32.hmm	90	N159|N159.mRNA.6737.1	293	1e-12	2	87	63	142	0.944444444444444
GT32.hmm	90	N159|N159.mRNA.6738.1	261	4.3e-13	2	85	27	104	0.922222222222222
GT32.hmm	90	N159|N159.mRNA.6739.1	229	2.5e-12	3	83	17	91	0.888888888888889
GT33.hmm	425	N159|N159.mRNA.10230.1	439	1.2e-140	2	423	3	430	0.990588235294118
GT33.hmm	425	N159|N159.mRNA.15845.1	441	8.5e-140	2	424	3	431	0.992941176470588
GT39.hmm	223	N159|N159.mRNA.11116.1	748	1.6e-65	11	223	81	309	0.95067264573991
GT39.hmm	223	N159|N159.mRNA.11752.1	770	5.5e-68	2	223	94	331	0.991031390134529
GT39.hmm	223	N159|N159.mRNA.12231.1	855	9.1e-66	2	223	88	326	0.991031390134529
GT39.hmm	223	N159|N159.mRNA.15769.1	728	5.9e-70	2	223	45	285	0.991031390134529
GT39.hmm	223	N159|N159.mRNA.1895.1	752	5.1e-71	2	223	57	298	0.991031390134529
GT39.hmm	223	N159|N159.mRNA.2131.1	844	4.5e-67	2	223	87	325	0.991031390134529
GT39.hmm	223	N159|N159.mRNA.4108.1	729	3e-69	2	223	46	286	0.991031390134529
GT39.hmm	223	N159|N159.mRNA.4880.1	752	8.1e-71	2	223	57	298	0.991031390134529
GT3.hmm	637	N159|N159.mRNA.11140.1	699	4.3e-295	1	624	22	638	0.978021978021978
GT3.hmm	637	N159|N159.mRNA.2964.1	699	1.8e-295	1	624	22	638	0.978021978021978
GT41.hmm	705	N159|N159.mRNA.13513.1	1159	1.6e-49	296	525	724	1053	0.324822695035461
GT41.hmm	705	N159|N159.mRNA.474.1	1761	3.3e-49	296	525	1326	1655	0.324822695035461
GT48.hmm	739	N159|N159.mRNA.3418.1	1896	1.5e-286	1	719	861	1634	0.971583220568336
GT48.hmm	739	N159|N159.mRNA.6462.1	1894	6.8e-286	1	720	859	1633	0.972936400541272
GT48.hmm	739	N159|N159.mRNA.9310.1	1965	5.2e-292	3	725	898	1669	0.976995940460081
GT4.hmm	160	N159|N159.mRNA.10202.1	482	2.8e-23	11	154	290	451	0.89375
GT4.hmm	160	N159|N159.mRNA.1370.1	447	4.9e-33	8	151	211	382	0.89375
GT4.hmm	160	N159|N159.mRNA.15855.1	411	1.3e-21	8	138	188	305	0.8125
GT4.hmm	160	N159|N159.mRNA.2597.1	415	2.1e-31	6	126	196	316	0.75
GT4.hmm	160	N159|N159.mRNA.9714.1	446	9.6e-33	8	151	210	381	0.89375
GT50.hmm	262	N159|N159.mRNA.126.1	442	2.9e-84	1	257	136	432	0.977099236641221
GT50.hmm	262	N159|N159.mRNA.1596.1	441	1.3e-83	1	257	136	431	0.977099236641221
GT50.hmm	262	N159|N159.mRNA.1641.1	441	1.3e-83	1	257	136	431	0.977099236641221
GT57.hmm	481	N159|N159.mRNA.11243.1	352	1.1e-98	146	480	1	336	0.694386694386694
GT57.hmm	481	N159|N159.mRNA.1577.1	499	4.9e-145	2	480	42	481	0.993762993762994
GT57.hmm	481	N159|N159.mRNA.16029.1	401	1.8e-111	98	480	6	385	0.794178794178794
GT57.hmm	481	N159|N159.mRNA.2298.1	234	1.2e-61	66	258	2	186	0.399168399168399
GT58.hmm	364	N159|N159.mRNA.11031.1	443	1.6e-131	4	364	55	406	0.989010989010989
GT66.hmm	693	N159|N159.mRNA.4475.1	369	6.5e-107	12	362	16	369	0.505050505050505
GT66.hmm	693	N159|N159.mRNA.9645.1	714	2.4e-181	12	599	16	642	0.847041847041847
GT68.hmm	350	N159|N159.mRNA.10907.1	383	3.1e-09	199	338	193	370	0.397142857142857
GT68.hmm	350	N159|N159.mRNA.2979.1	380	1.5e-09	203	337	193	366	0.382857142857143
GT68.hmm	350	N159|N159.mRNA.7160.1	357	8.5e-09	204	338	172	344	0.382857142857143
GT68.hmm	350	N159|N159.mRNA.9768.1	211	1.9e-09	200	339	21	199	0.397142857142857
GT69.hmm	239	N159|N159.mRNA.16222.1	338	5.8e-64	1	238	12	264	0.99163179916318
GT69.hmm	239	N159|N159.mRNA.4954.1	285	1.2e-61	1	217	51	273	0.903765690376569
GT69.hmm	239	N159|N159.mRNA.895.1	379	4.5e-64	1	238	53	305	0.99163179916318
GT71.hmm	264	N159|N159.mRNA.13279.1	579	3.4e-44	4	264	208	496	0.984848484848485
GT71.hmm	264	N159|N159.mRNA.13280.1	579	2.7e-44	4	264	208	496	0.984848484848485
GT71.hmm	264	N159|N159.mRNA.14588.1	604	5e-46	4	264	234	522	0.984848484848485
GT71.hmm	264	N159|N159.mRNA.1706.1	585	1.8e-44	4	264	220	501	0.984848484848485
GT71.hmm	264	N159|N159.mRNA.3620.1	583	3.1e-45	4	264	229	495	0.984848484848485
GT71.hmm	264	N159|N159.mRNA.6004.1	583	5.9e-46	4	264	229	495	0.984848484848485
GT71.hmm	264	N159|N159.mRNA.6471.1	585	2.9e-44	4	264	220	501	0.984848484848485
GT76.hmm	407	N159|N159.mRNA.10683.1	357	3.8e-84	3	331	12	333	0.805896805896806
GT8.hmm	257	N159|N159.mRNA.11734.1	666	9.3e-28	29	182	9	146	0.595330739299611
GT8.hmm	257	N159|N159.mRNA.13338.1	308	6.9e-36	32	254	10	280	0.863813229571984
GT8.hmm	257	N159|N159.mRNA.14471.1	301	2.1e-31	33	254	11	273	0.859922178988327
GT8.hmm	257	N159|N159.mRNA.282.1	222	8.8e-45	28	248	8	222	0.856031128404669
GT8.hmm	257	N159|N159.mRNA.4812.1	200	1.8e-41	28	234	8	197	0.801556420233463
PL18.hmm	188	N159|N159.mRNA.10540.1	220	2.1e-05	126	187	78	139	0.324468085106383
PL18.hmm	188	N159|N159.mRNA.10775.1	220	2.3e-06	126	186	78	138	0.319148936170213
