AA11.hmm	191	EC935|EC935_000920-T1	307	6.3e-41	11	163	37	175	0.795811518324607
AA11.hmm	191	EC935|EC935_001687-T1	356	9.4e-41	1	163	22	179	0.848167539267016
AA11.hmm	191	EC935|EC935_001864-T1	170	2.4e-33	43	163	31	143	0.628272251308901
AA11.hmm	191	EC935|EC935_002381-T1	360	3.7e-06	28	142	42	185	0.596858638743455
AA11.hmm	191	EC935|EC935_003734-T1	202	2e-35	22	163	35	163	0.738219895287958
AA11.hmm	191	EC935|EC935_004095-T1	248	1.9e-07	26	173	41	216	0.769633507853403
AA11.hmm	191	EC935|EC935_004357-T1	317	4.8e-43	1	163	12	168	0.848167539267016
AA11.hmm	191	EC935|EC935_004524-T1	292	5.7e-48	1	163	21	175	0.848167539267016
AA11.hmm	191	EC935|EC935_004526-T1	236	1.3e-36	12	163	19	155	0.790575916230366
AA11.hmm	191	EC935|EC935_005465-T1	248	3.9e-08	23	172	38	215	0.780104712041885
AA11.hmm	191	EC935|EC935_006649-T1	271	2.5e-32	12	163	41	183	0.790575916230366
AA11.hmm	191	EC935|EC935_006896-T1	385	2.6e-41	25	163	8	133	0.722513089005236
AA11.hmm	191	EC935|EC935_006898-T1	303	2.9e-47	1	163	21	175	0.848167539267016
AA11.hmm	191	EC935|EC935_007433-T1	202	3e-35	13	163	23	163	0.785340314136126
AA11.hmm	191	EC935|EC935_008257-T1	293	8.3e-47	1	163	21	175	0.848167539267016
AA11.hmm	191	EC935|EC935_008551-T1	278	3.6e-46	12	163	19	152	0.790575916230366
AA11.hmm	191	EC935|EC935_009381-T1	205	9.8e-20	92	162	2	68	0.366492146596859
AA11.hmm	191	EC935|EC935_009437-T1	323	3.5e-42	11	163	36	178	0.795811518324607
AA11.hmm	191	EC935|EC935_009847-T1	253	8.5e-36	54	176	4	116	0.638743455497382
AA11.hmm	191	EC935|EC935_010000-T1	208	7.2e-36	11	163	36	182	0.795811518324607
AA11.hmm	191	EC935|EC935_010001-T1	194	1e-35	12	163	28	168	0.790575916230366
AA11.hmm	191	EC935|EC935_010015-T1	320	3e-33	13	163	22	163	0.785340314136126
AA11.hmm	191	EC935|EC935_010537-T1	307	4.9e-43	12	163	40	175	0.790575916230366
AA11.hmm	191	EC935|EC935_012830-T1	291	2.9e-37	11	162	37	174	0.790575916230366
AA11.hmm	191	EC935|EC935_013060-T1	189	2e-35	12	163	23	163	0.790575916230366
AA11.hmm	191	EC935|EC935_015279-T1	178	8e-33	24	163	38	163	0.727748691099476
AA11.hmm	191	EC935|EC935_015659-T1	321	3.5e-42	2	176	23	190	0.910994764397906
AA1_1.hmm	303	EC935|EC935_010574-T1	576	5.6e-66	2	284	31	335	0.930693069306931
AA1_1.hmm	303	EC935|EC935_011506-T1	575	1.5e-65	2	284	31	334	0.930693069306931
AA1_2.hmm	337	EC935|EC935_006472-T1	570	2.5e-52	5	286	49	334	0.833827893175074
AA1.hmm	943	EC935|EC935_002800-T1	520	3.1e-58	452	735	39	344	0.300106044538706
AA2.hmm	255	EC935|EC935_003862-T1	353	2.2e-59	14	254	97	337	0.941176470588235
AA2.hmm	255	EC935|EC935_005900-T1	353	1.7e-59	14	254	97	337	0.941176470588235
AA2.hmm	255	EC935|EC935_007038-T1	269	2.4e-49	14	253	23	261	0.937254901960784
AA2.hmm	255	EC935|EC935_008216-T1	258	3.3e-42	14	253	23	250	0.937254901960784
AA3_2.hmm	568	EC935|EC935_000708-T1	773	2e-95	2	567	44	612	0.994718309859155
AA3_2.hmm	568	EC935|EC935_000744-T1	649	2.1e-96	1	567	36	607	0.996478873239437
AA3_2.hmm	568	EC935|EC935_000841-T1	618	4.1e-99	2	566	23	612	0.992957746478873
AA3_2.hmm	568	EC935|EC935_003533-T1	774	3.3e-93	2	567	44	612	0.994718309859155
AA3_2.hmm	568	EC935|EC935_006557-T1	656	9.8e-91	1	565	42	613	0.992957746478873
AA3_2.hmm	568	EC935|EC935_008534-T1	626	5.6e-99	2	566	23	612	0.992957746478873
AA3_2.hmm	568	EC935|EC935_008805-T1	656	8.7e-94	1	567	42	616	0.996478873239437
AA3_2.hmm	568	EC935|EC935_009612-T1	605	1e-96	2	567	20	604	0.994718309859155
AA3_2.hmm	568	EC935|EC935_009913-T1	656	5.1e-94	1	567	42	616	0.996478873239437
AA3_2.hmm	568	EC935|EC935_011161-T1	656	1.5e-93	1	567	42	616	0.996478873239437
AA3_2.hmm	568	EC935|EC935_012132-T1	762	5.3e-92	1	567	147	721	0.996478873239437
AA3_2.hmm	568	EC935|EC935_012691-T1	649	2.2e-97	1	568	36	608	0.998239436619718
AA3.hmm	618	EC935|EC935_003200-T1	398	1.5e-07	70	263	7	255	0.312297734627832
AA4.hmm	522	EC935|EC935_001440-T1	496	2.5e-19	15	190	28	201	0.335249042145594
AA4.hmm	522	EC935|EC935_011331-T1	496	1.9e-18	15	190	28	201	0.335249042145594
AA6.hmm	195	EC935|EC935_002333-T1	253	2e-71	1	194	8	201	0.98974358974359
AA6.hmm	195	EC935|EC935_005220-T1	198	5.3e-53	49	194	2	146	0.743589743589744
AA6.hmm	195	EC935|EC935_009157-T1	253	7.1e-60	1	192	8	198	0.979487179487179
AA6.hmm	195	EC935|EC935_009159-T1	255	1.2e-69	1	192	8	199	0.979487179487179
AA6.hmm	195	EC935|EC935_011179-T1	255	9.2e-70	1	192	8	199	0.979487179487179
AA6.hmm	195	EC935|EC935_011182-T1	253	1.1e-59	1	192	8	198	0.979487179487179
AA7.hmm	458	EC935|EC935_010515-T1	488	3.1e-94	6	458	54	486	0.986899563318777
AA7.hmm	458	EC935|EC935_016218-T1	175	2e-54	60	215	1	159	0.338427947598253
CBM18.hmm	38	EC935|EC935_001815-T1	388	2.8e-08	7	35	25	54	0.736842105263158
CBM18.hmm	38	EC935|EC935_001815-T1	388	7.1e-09	7	35	86	115	0.736842105263158
CBM18.hmm	38	EC935|EC935_003648-T1	389	1.7e-06	8	35	37	65	0.710526315789474
CBM18.hmm	38	EC935|EC935_005964-T1	357	1.4e-05	2	36	18	51	0.894736842105263
CBM18.hmm	38	EC935|EC935_006233-T1	364	0.0004	8	34	28	55	0.684210526315789
CBM18.hmm	38	EC935|EC935_006275-T1	388	2.8e-08	7	35	25	54	0.736842105263158
CBM18.hmm	38	EC935|EC935_006275-T1	388	7.1e-09	7	35	86	115	0.736842105263158
CBM18.hmm	38	EC935|EC935_012093-T1	358	0.00039	8	34	28	55	0.684210526315789
CBM18.hmm	38	EC935|EC935_014676-T1	388	3.9e-05	9	35	38	65	0.684210526315789
CBM19.hmm	45	EC935|EC935_000689-T1	457	2.5e-10	2	44	390	429	0.933333333333333
CBM19.hmm	45	EC935|EC935_000920-T1	307	1.3e-05	11	43	264	296	0.711111111111111
CBM19.hmm	45	EC935|EC935_002396-T1	453	1.6e-11	2	44	394	433	0.933333333333333
CBM19.hmm	45	EC935|EC935_003010-T1	362	4.4e-06	9	44	312	349	0.777777777777778
CBM19.hmm	45	EC935|EC935_004197-T1	202	0.00019	10	43	154	188	0.733333333333333
CBM19.hmm	45	EC935|EC935_005056-T1	97	0.00069	10	44	52	85	0.755555555555556
CBM19.hmm	45	EC935|EC935_005057-T1	83	0.00041	6	44	34	71	0.844444444444444
CBM19.hmm	45	EC935|EC935_005058-T1	157	0.00081	9	44	111	145	0.777777777777778
CBM19.hmm	45	EC935|EC935_006683-T1	432	2.1e-11	2	43	355	395	0.911111111111111
CBM19.hmm	45	EC935|EC935_006741-T1	148	1.3e-05	8	45	101	139	0.822222222222222
CBM19.hmm	45	EC935|EC935_006742-T1	136	3.1e-05	11	45	87	123	0.755555555555556
CBM19.hmm	45	EC935|EC935_008972-T1	131	0.00045	10	45	86	122	0.777777777777778
CBM19.hmm	45	EC935|EC935_009245-T1	169	2.4e-09	9	43	43	76	0.755555555555556
CBM19.hmm	45	EC935|EC935_010454-T1	451	2e-11	2	44	384	423	0.933333333333333
CBM19.hmm	45	EC935|EC935_010537-T1	307	9.5e-06	11	43	264	296	0.711111111111111
CBM19.hmm	45	EC935|EC935_010965-T1	148	0.00056	10	45	103	139	0.777777777777778
CBM19.hmm	45	EC935|EC935_010966-T1	131	0.00045	10	45	86	122	0.777777777777778
CBM19.hmm	45	EC935|EC935_010967-T1	131	0.00045	10	45	86	122	0.777777777777778
CBM19.hmm	45	EC935|EC935_011010-T1	254	8.7e-06	10	45	210	247	0.777777777777778
CBM19.hmm	45	EC935|EC935_011148-T1	170	8.7e-10	9	43	43	76	0.755555555555556
CBM19.hmm	45	EC935|EC935_011177-T1	458	0.00044	23	45	426	448	0.488888888888889
CBM19.hmm	45	EC935|EC935_011202-T1	432	2.1e-12	2	43	355	395	0.911111111111111
CBM19.hmm	45	EC935|EC935_012139-T1	81	0.00065	6	44	34	71	0.844444444444444
CBM19.hmm	45	EC935|EC935_012140-T1	101	1.1e-05	6	43	34	70	0.822222222222222
CBM19.hmm	45	EC935|EC935_012472-T1	406	2.8e-06	9	44	356	393	0.777777777777778
CBM19.hmm	45	EC935|EC935_012642-T1	69	2.9e-07	11	43	26	58	0.711111111111111
CBM19.hmm	45	EC935|EC935_013245-T1	103	0.00027	11	45	47	83	0.755555555555556
CBM19.hmm	45	EC935|EC935_013361-T1	110	0.00011	8	45	62	100	0.822222222222222
CBM19.hmm	45	EC935|EC935_013694-T1	119	7.3e-05	7	45	78	117	0.844444444444444
CBM19.hmm	45	EC935|EC935_013740-T1	435	2.4e-11	2	44	376	415	0.933333333333333
CBM19.hmm	45	EC935|EC935_013958-T1	506	2.4e-08	11	45	376	409	0.755555555555556
CBM19.hmm	45	EC935|EC935_014135-T1	136	0.00011	11	45	80	116	0.755555555555556
CBM19.hmm	45	EC935|EC935_015227-T1	258	6.7e-09	11	45	127	160	0.755555555555556
CBM21.hmm	107	EC935|EC935_003072-T1	377	1.5e-28	4	106	118	226	0.953271028037383
CBM21.hmm	107	EC935|EC935_003073-T1	346	6.5e-29	3	107	118	228	0.97196261682243
CBM21.hmm	107	EC935|EC935_003074-T1	326	1.7e-28	4	107	100	207	0.962616822429907
CBM21.hmm	107	EC935|EC935_012195-T1	331	8e-29	4	107	109	215	0.962616822429907
CBM21.hmm	107	EC935|EC935_012196-T1	346	2.9e-29	3	107	118	228	0.97196261682243
CBM21.hmm	107	EC935|EC935_012197-T1	376	9.1e-29	4	107	118	227	0.962616822429907
CBM32.hmm	124	EC935|EC935_012585-T1	156	1.3e-08	10	79	18	91	0.556451612903226
CBM32.hmm	124	EC935|EC935_015315-T1	124	1.1e-07	10	56	18	68	0.370967741935484
CBM43.hmm	83	EC935|EC935_002279-T1	460	0.00067	9	78	375	444	0.831325301204819
CBM43.hmm	83	EC935|EC935_002280-T1	523	0.00011	7	78	373	444	0.855421686746988
CBM43.hmm	83	EC935|EC935_003397-T1	500	2.1e-10	2	77	373	457	0.903614457831325
CBM43.hmm	83	EC935|EC935_004375-T1	332	4.7e-08	2	82	120	206	0.963855421686747
CBM43.hmm	83	EC935|EC935_007832-T1	490	2.3e-09	2	82	362	448	0.963855421686747
CBM43.hmm	83	EC935|EC935_014736-T1	230	1.1e-10	2	77	103	187	0.903614457831325
CBM48.hmm	76	EC935|EC935_004650-T1	724	3.7e-06	3	45	75	127	0.552631578947368
CBM48.hmm	76	EC935|EC935_009793-T1	724	3.8e-07	3	45	75	127	0.552631578947368
CBM50.hmm	40	EC935|EC935_000243-T1	893	0.0007	6	40	58	95	0.85
CBM63.hmm	78	EC935|EC935_001212-T1	355	2.3e-19	2	75	129	201	0.935897435897436
CBM63.hmm	78	EC935|EC935_002371-T1	80	0.00017	21	75	13	66	0.692307692307692
CBM63.hmm	78	EC935|EC935_002372-T1	224	2.1e-11	5	75	93	162	0.897435897435897
CBM63.hmm	78	EC935|EC935_006193-T1	656	3.7e-19	2	75	412	484	0.935897435897436
CBM63.hmm	78	EC935|EC935_010460-T1	204	7.8e-11	2	74	124	195	0.923076923076923
CBM63.hmm	78	EC935|EC935_013746-T1	217	4.9e-05	6	54	145	194	0.615384615384615
CBM63.hmm	78	EC935|EC935_013927-T1	215	9.1e-19	2	71	128	197	0.884615384615385
CBM63.hmm	78	EC935|EC935_014088-T1	215	3.5e-18	2	71	128	197	0.884615384615385
CE12.hmm	210	EC935|EC935_007993-T1	226	1e-10	2	155	7	171	0.728571428571429
CE14.hmm	124	EC935|EC935_001117-T1	296	2.3e-13	3	123	65	175	0.967741935483871
CE14.hmm	124	EC935|EC935_007184-T1	283	2.1e-13	3	123	52	162	0.967741935483871
CE16.hmm	267	EC935|EC935_000233-T1	300	5.2e-21	3	266	28	292	0.98501872659176
CE16.hmm	267	EC935|EC935_000573-T1	281	6.1e-18	2	261	2	268	0.970037453183521
CE16.hmm	267	EC935|EC935_004049-T1	295	2.8e-09	33	266	52	280	0.872659176029963
CE16.hmm	267	EC935|EC935_004575-T1	301	2.3e-21	4	264	29	292	0.973782771535581
CE16.hmm	267	EC935|EC935_005102-T1	1081	6.6e-08	3	208	12	199	0.767790262172285
CE16.hmm	267	EC935|EC935_007019-T1	302	1.5e-16	4	266	31	296	0.9812734082397
CE16.hmm	267	EC935|EC935_007751-T1	284	2e-10	33	266	41	269	0.872659176029963
CE16.hmm	267	EC935|EC935_008801-T1	336	6.3e-19	2	260	55	320	0.966292134831461
CE16.hmm	267	EC935|EC935_010657-T1	302	3.2e-17	4	266	31	296	0.9812734082397
CE16.hmm	267	EC935|EC935_014215-T1	336	3e-18	2	261	55	321	0.970037453183521
CE1.hmm	227	EC935|EC935_000561-T1	746	1.4e-06	70	197	551	698	0.559471365638767
CE1.hmm	227	EC935|EC935_002812-T1	747	1.8e-06	51	196	530	698	0.638766519823789
CE1.hmm	227	EC935|EC935_002840-T1	300	1.4e-06	19	125	39	135	0.466960352422908
CE1.hmm	227	EC935|EC935_004157-T1	746	1.3e-06	70	197	551	698	0.559471365638767
CE1.hmm	227	EC935|EC935_005000-T1	452	4.1e-09	20	179	224	390	0.700440528634361
CE1.hmm	227	EC935|EC935_005198-T1	747	1.8e-06	51	196	530	698	0.638766519823789
CE1.hmm	227	EC935|EC935_005277-T1	219	6.8e-06	53	159	67	194	0.466960352422908
CE1.hmm	227	EC935|EC935_005346-T1	278	3e-09	25	208	26	267	0.806167400881057
CE1.hmm	227	EC935|EC935_005603-T1	701	1.2e-11	21	141	535	665	0.52863436123348
CE1.hmm	227	EC935|EC935_006095-T1	227	6.1e-11	20	208	12	206	0.828193832599119
CE1.hmm	227	EC935|EC935_006237-T1	798	5.8e-11	14	194	562	758	0.79295154185022
CE1.hmm	227	EC935|EC935_006610-T1	982	3.1e-06	24	207	757	959	0.806167400881057
CE1.hmm	227	EC935|EC935_007117-T1	297	8.3e-40	1	224	24	284	0.982378854625551
CE1.hmm	227	EC935|EC935_007118-T1	292	9.5e-48	1	224	24	285	0.982378854625551
CE1.hmm	227	EC935|EC935_007311-T1	277	4.1e-08	21	208	42	254	0.823788546255507
CE1.hmm	227	EC935|EC935_007984-T1	521	2.1e-23	66	224	328	518	0.696035242290749
CE1.hmm	227	EC935|EC935_007984-T1	521	4.8e-44	8	224	1	255	0.951541850220264
CE1.hmm	227	EC935|EC935_008092-T1	244	5.1e-06	41	143	51	177	0.449339207048458
CE1.hmm	227	EC935|EC935_008094-T1	244	1.3e-07	41	143	51	179	0.449339207048458
CE1.hmm	227	EC935|EC935_008469-T1	321	4.2e-06	107	216	123	292	0.480176211453745
CE1.hmm	227	EC935|EC935_009001-T1	329	6.5e-08	81	222	127	324	0.621145374449339
CE1.hmm	227	EC935|EC935_009490-T1	316	5.9e-16	3	208	67	284	0.903083700440529
CE1.hmm	227	EC935|EC935_009883-T1	382	9.1e-07	105	188	170	332	0.365638766519824
CE1.hmm	227	EC935|EC935_011308-T1	644	4.5e-07	67	197	446	596	0.572687224669604
CE1.hmm	227	EC935|EC935_011345-T1	695	4e-06	25	143	459	604	0.519823788546256
CE1.hmm	227	EC935|EC935_012008-T1	737	2.5e-08	12	174	463	654	0.713656387665198
CE1.hmm	227	EC935|EC935_012208-T1	296	5e-08	80	197	130	266	0.515418502202643
CE1.hmm	227	EC935|EC935_012227-T1	261	1.5e-09	27	217	27	231	0.837004405286344
CE1.hmm	227	EC935|EC935_012438-T1	798	8e-11	14	193	562	757	0.788546255506608
CE1.hmm	227	EC935|EC935_012723-T1	642	2e-08	11	207	397	613	0.863436123348018
CE1.hmm	227	EC935|EC935_014031-T1	747	5.6e-06	67	196	549	698	0.568281938325991
CE1.hmm	227	EC935|EC935_014102-T1	227	4.1e-11	20	208	12	206	0.828193832599119
CE1.hmm	227	EC935|EC935_014223-T1	288	5.1e-06	9	124	25	137	0.506607929515419
CE1.hmm	227	EC935|EC935_014542-T1	176	1.4e-06	9	124	3	114	0.506607929515419
CE1.hmm	227	EC935|EC935_014570-T1	279	2.4e-06	22	143	32	161	0.533039647577093
CE1.hmm	227	EC935|EC935_014919-T1	344	5.5e-06	20	143	30	181	0.541850220264317
CE1.hmm	227	EC935|EC935_015928-T1	235	4.8e-07	105	193	54	191	0.387665198237885
CE3.hmm	194	EC935|EC935_011460-T1	198	1.9e-07	54	189	46	186	0.695876288659794
CE4.hmm	130	EC935|EC935_001422-T1	234	1.7e-31	6	125	38	160	0.915384615384615
CE4.hmm	130	EC935|EC935_001962-T1	414	1.1e-29	7	122	28	146	0.884615384615385
CE4.hmm	130	EC935|EC935_004393-T1	262	1.4e-09	10	124	5	124	0.876923076923077
CE4.hmm	130	EC935|EC935_007977-T1	330	8.7e-32	8	123	59	177	0.884615384615385
CE4.hmm	130	EC935|EC935_008206-T1	304	1.8e-26	9	122	30	146	0.869230769230769
CE4.hmm	130	EC935|EC935_010094-T1	321	2.5e-32	8	123	50	168	0.884615384615385
CE4.hmm	130	EC935|EC935_011672-T1	314	4.8e-30	7	122	28	146	0.884615384615385
CE4.hmm	130	EC935|EC935_011778-T1	234	5.8e-32	6	125	38	160	0.915384615384615
CE4.hmm	130	EC935|EC935_012798-T1	264	1.3e-10	11	124	6	124	0.869230769230769
CE4.hmm	130	EC935|EC935_013466-T1	307	4.4e-28	11	122	32	146	0.853846153846154
CE5.hmm	189	EC935|EC935_008281-T1	319	0.00031	56	116	162	218	0.317460317460317
CE5.hmm	189	EC935|EC935_009297-T1	319	0.00069	56	113	162	215	0.301587301587302
CE5.hmm	189	EC935|EC935_009298-T1	318	0.00015	42	103	147	208	0.322751322751323
CE6.hmm	99	EC935|EC935_014021-T1	113	0.00022	30	92	21	82	0.626262626262626
CE6.hmm	99	EC935|EC935_016219-T1	114	0.00066	30	92	22	83	0.626262626262626
CE9.hmm	373	EC935|EC935_014644-T1	245	7.4e-80	150	373	12	239	0.597855227882037
CE9.hmm	373	EC935|EC935_016072-T1	135	2.3e-35	15	140	2	133	0.335120643431635
GH109.hmm	126	EC935|EC935_003730-T1	429	2.1e-11	1	119	6	120	0.936507936507937
GH13_25.hmm	434	EC935|EC935_015356-T1	592	3.1e-66	254	433	358	546	0.412442396313364
GH13_25.hmm	434	EC935|EC935_015356-T1	592	7.8e-65	4	165	197	357	0.370967741935484
GH13_25.hmm	434	EC935|EC935_016094-T1	182	3.1e-72	163	335	1	182	0.3963133640553
GH132.hmm	303	EC935|EC935_002643-T1	269	5.3e-69	47	299	20	264	0.831683168316832
GH132.hmm	303	EC935|EC935_003841-T1	269	5.8e-69	47	301	20	266	0.838283828382838
GH132.hmm	303	EC935|EC935_006498-T1	398	7.3e-23	52	279	141	364	0.749174917491749
GH132.hmm	303	EC935|EC935_008054-T1	406	5.9e-68	24	301	130	402	0.914191419141914
GH132.hmm	303	EC935|EC935_009146-T1	277	2.2e-56	66	303	51	277	0.782178217821782
GH132.hmm	303	EC935|EC935_009827-T1	405	2.9e-67	22	301	127	401	0.920792079207921
GH132.hmm	303	EC935|EC935_011562-T1	374	1.2e-63	32	302	85	372	0.891089108910891
GH132.hmm	303	EC935|EC935_012686-T1	413	6.7e-65	32	302	128	411	0.891089108910891
GH132.hmm	303	EC935|EC935_013756-T1	277	3e-56	68	303	53	277	0.775577557755776
GH132.hmm	303	EC935|EC935_014497-T1	340	1.5e-23	51	254	138	332	0.66996699669967
GH13_3.hmm	210	EC935|EC935_016158-T1	176	5.4e-06	95	184	74	168	0.423809523809524
GH13_5.hmm	342	EC935|EC935_010139-T1	322	2.5e-120	1	293	30	322	0.853801169590643
GH13_5.hmm	342	EC935|EC935_014085-T1	318	2.1e-91	1	268	52	318	0.780701754385965
GH13_8.hmm	293	EC935|EC935_004650-T1	724	4.4e-149	1	293	255	548	0.996587030716723
GH13_8.hmm	293	EC935|EC935_009793-T1	724	1.2e-148	1	293	255	548	0.996587030716723
GH15.hmm	361	EC935|EC935_006243-T1	665	6.4e-84	2	360	281	657	0.991689750692521
GH15.hmm	361	EC935|EC935_009989-T1	665	2.5e-83	2	360	281	657	0.991689750692521
GH16_19.hmm	174	EC935|EC935_000804-T1	221	4.3e-52	21	174	53	198	0.879310344827586
GH16_19.hmm	174	EC935|EC935_001815-T1	388	5.5e-49	19	174	211	364	0.890804597701149
GH16_19.hmm	174	EC935|EC935_002369-T1	278	2.3e-64	4	174	23	189	0.977011494252874
GH16_19.hmm	174	EC935|EC935_003648-T1	389	1.6e-50	4	174	114	276	0.977011494252874
GH16_19.hmm	174	EC935|EC935_005116-T1	223	1.9e-54	22	174	56	200	0.873563218390805
GH16_19.hmm	174	EC935|EC935_005964-T1	357	4.8e-64	4	174	102	268	0.977011494252874
GH16_19.hmm	174	EC935|EC935_006233-T1	364	1e-59	3	174	112	280	0.982758620689655
GH16_19.hmm	174	EC935|EC935_006275-T1	388	1.1e-48	19	174	211	364	0.890804597701149
GH16_19.hmm	174	EC935|EC935_009293-T1	241	5.4e-52	22	174	74	218	0.873563218390805
GH16_19.hmm	174	EC935|EC935_012093-T1	358	4.3e-60	3	174	112	280	0.982758620689655
GH16_19.hmm	174	EC935|EC935_013064-T1	223	1.3e-53	22	174	56	200	0.873563218390805
GH16_19.hmm	174	EC935|EC935_014676-T1	388	1.9e-50	4	174	114	276	0.977011494252874
GH16_2.hmm	326	EC935|EC935_011535-T1	445	2.7e-135	1	326	72	393	0.996932515337423
GH16_3.hmm	230	EC935|EC935_003637-T1	419	1.7e-66	1	230	147	416	0.995652173913044
GH16_3.hmm	230	EC935|EC935_009166-T1	419	1.7e-66	1	230	147	416	0.995652173913044
GH16_3.hmm	230	EC935|EC935_009922-T1	295	1.5e-59	2	230	30	293	0.991304347826087
GH16_3.hmm	230	EC935|EC935_013224-T1	347	1.2e-56	2	230	82	345	0.991304347826087
GH16_4.hmm	316	EC935|EC935_001952-T1	368	9e-120	1	316	41	365	0.996835443037975
GH16_4.hmm	316	EC935|EC935_005679-T1	375	4.4e-125	1	316	52	372	0.996835443037975
GH16_4.hmm	316	EC935|EC935_005681-T1	382	7.5e-126	1	316	60	380	0.996835443037975
GH16_4.hmm	316	EC935|EC935_006982-T1	368	4.5e-120	1	316	41	365	0.996835443037975
GH16_4.hmm	316	EC935|EC935_015340-T1	116	2.7e-37	203	313	1	110	0.348101265822785
GH17.hmm	311	EC935|EC935_005348-T1	240	8.5e-28	31	306	3	229	0.884244372990354
GH17.hmm	311	EC935|EC935_005349-T1	318	6.4e-27	2	306	36	308	0.977491961414791
GH17.hmm	311	EC935|EC935_008039-T1	462	2.5e-27	5	306	192	453	0.967845659163987
GH17.hmm	311	EC935|EC935_008052-T1	345	1.9e-30	5	310	71	336	0.980707395498392
GH17.hmm	311	EC935|EC935_009825-T1	345	2.9e-31	5	311	71	337	0.983922829581994
GH17.hmm	311	EC935|EC935_010389-T1	305	2.9e-32	2	304	36	292	0.971061093247588
GH17.hmm	311	EC935|EC935_010390-T1	111	1.6e-06	185	282	16	110	0.311897106109325
GH17.hmm	311	EC935|EC935_011073-T1	426	8.9e-28	5	306	156	417	0.967845659163987
GH17.hmm	311	EC935|EC935_012305-T1	343	1.3e-28	12	306	82	334	0.945337620578778
GH17.hmm	311	EC935|EC935_013246-T1	279	1.3e-25	14	306	21	269	0.938906752411576
GH17.hmm	311	EC935|EC935_014193-T1	343	4.4e-29	12	306	82	334	0.945337620578778
GH18.hmm	296	EC935|EC935_000689-T1	457	9.5e-25	4	276	28	307	0.918918918918919
GH18.hmm	296	EC935|EC935_001173-T1	316	7.6e-17	4	216	20	245	0.716216216216216
GH18.hmm	296	EC935|EC935_001703-T1	316	1.5e-15	4	202	20	241	0.668918918918919
GH18.hmm	296	EC935|EC935_002396-T1	453	2.7e-24	4	255	29	289	0.847972972972973
GH18.hmm	296	EC935|EC935_003445-T1	466	3.1e-75	2	285	24	365	0.956081081081081
GH18.hmm	296	EC935|EC935_004316-T1	384	1.9e-78	3	289	2	378	0.966216216216216
GH18.hmm	296	EC935|EC935_004693-T1	902	5.7e-21	3	223	29	288	0.743243243243243
GH18.hmm	296	EC935|EC935_005189-T1	433	2.2e-77	2	284	21	355	0.952702702702703
GH18.hmm	296	EC935|EC935_005434-T1	389	8.7e-74	2	284	9	340	0.952702702702703
GH18.hmm	296	EC935|EC935_005601-T1	449	1.1e-75	2	284	21	353	0.952702702702703
GH18.hmm	296	EC935|EC935_006230-T1	527	7.4e-77	2	285	23	365	0.956081081081081
GH18.hmm	296	EC935|EC935_006534-T1	209	1.1e-32	163	284	5	154	0.408783783783784
GH18.hmm	296	EC935|EC935_006683-T1	432	3.1e-23	3	203	26	267	0.675675675675676
GH18.hmm	296	EC935|EC935_006860-T1	214	2.2e-24	172	284	10	141	0.378378378378378
GH18.hmm	296	EC935|EC935_006864-T1	950	1.2e-57	5	284	102	465	0.942567567567568
GH18.hmm	296	EC935|EC935_006865-T1	437	4e-77	2	284	21	353	0.952702702702703
GH18.hmm	296	EC935|EC935_007706-T1	889	5.4e-20	4	222	2	252	0.736486486486487
GH18.hmm	296	EC935|EC935_009675-T1	154	8.6e-19	15	104	23	144	0.300675675675676
GH18.hmm	296	EC935|EC935_010454-T1	451	2.6e-24	4	275	28	306	0.915540540540541
GH18.hmm	296	EC935|EC935_010697-T1	518	6.7e-16	5	259	21	337	0.858108108108108
GH18.hmm	296	EC935|EC935_011010-T1	254	3.9e-30	152	288	1	166	0.459459459459459
GH18.hmm	296	EC935|EC935_011177-T1	458	1.1e-76	2	287	24	366	0.962837837837838
GH18.hmm	296	EC935|EC935_011202-T1	432	4.9e-24	3	284	26	305	0.949324324324324
GH18.hmm	296	EC935|EC935_011398-T1	579	2.9e-14	96	211	256	357	0.388513513513513
GH18.hmm	296	EC935|EC935_012004-T1	425	2.2e-77	2	285	21	415	0.956081081081081
GH18.hmm	296	EC935|EC935_012032-T1	520	9.3e-75	2	285	21	406	0.956081081081081
GH18.hmm	296	EC935|EC935_012545-T1	512	2.1e-75	2	285	21	406	0.956081081081081
GH18.hmm	296	EC935|EC935_012563-T1	531	6.1e-57	5	284	92	455	0.942567567567568
GH18.hmm	296	EC935|EC935_012786-T1	433	1.1e-78	2	284	20	402	0.952702702702703
GH18.hmm	296	EC935|EC935_012789-T1	622	4.1e-13	5	222	21	301	0.733108108108108
GH18.hmm	296	EC935|EC935_013740-T1	435	3e-24	4	275	29	307	0.915540540540541
GH18.hmm	296	EC935|EC935_013958-T1	506	6.9e-23	4	200	20	262	0.662162162162162
GH18.hmm	296	EC935|EC935_015865-T1	255	1.7e-39	108	286	12	214	0.601351351351351
GH20.hmm	337	EC935|EC935_000036-T1	545	7.7e-89	13	334	160	495	0.952522255192878
GH20.hmm	337	EC935|EC935_003502-T1	564	1.6e-96	7	336	161	500	0.976261127596439
GH20.hmm	337	EC935|EC935_007290-T1	787	2.5e-32	10	316	157	458	0.908011869436202
GH20.hmm	337	EC935|EC935_008242-T1	781	6.2e-31	18	316	159	452	0.884272997032641
GH24.hmm	137	EC935|EC935_000267-T1	171	3.4e-35	2	137	24	161	0.985401459854015
GH24.hmm	137	EC935|EC935_000750-T1	126	8.7e-27	25	137	2	116	0.817518248175182
GH31.hmm	427	EC935|EC935_001408-T1	736	2e-69	198	427	358	590	0.536299765807963
GH31.hmm	427	EC935|EC935_002115-T1	1030	1.2e-70	198	427	662	894	0.536299765807963
GH31.hmm	427	EC935|EC935_002183-T1	712	1.1e-134	2	366	330	712	0.852459016393443
GH31.hmm	427	EC935|EC935_004903-T1	733	6.5e-73	197	427	355	588	0.53864168618267
GH31.hmm	427	EC935|EC935_006548-T1	745	2.1e-69	198	427	367	599	0.536299765807963
GH31.hmm	427	EC935|EC935_010360-T1	583	1.4e-42	197	427	267	468	0.53864168618267
GH31.hmm	427	EC935|EC935_011222-T1	849	3e-159	2	427	250	693	0.995316159250585
GH37.hmm	491	EC935|EC935_000661-T1	604	2.5e-151	1	490	48	589	0.995926680244399
GH37.hmm	491	EC935|EC935_002777-T1	604	4.9e-151	1	490	48	589	0.995926680244399
GH37.hmm	491	EC935|EC935_011046-T1	948	4.5e-143	3	489	158	714	0.989816700610998
GH38.hmm	269	EC935|EC935_001215-T1	1089	9.5e-84	2	255	266	518	0.940520446096654
GH38.hmm	269	EC935|EC935_004898-T1	1067	5e-80	2	255	265	517	0.940520446096654
GH3.hmm	216	EC935|EC935_002961-T1	768	1e-57	2	215	118	349	0.986111111111111
GH3.hmm	216	EC935|EC935_007824-T1	768	2.2e-57	2	215	118	349	0.986111111111111
GH47.hmm	446	EC935|EC935_002743-T1	699	4.4e-112	2	446	226	695	0.995515695067265
GH47.hmm	446	EC935|EC935_003171-T1	472	5.9e-127	2	446	41	470	0.995515695067265
GH47.hmm	446	EC935|EC935_004013-T1	386	6.1e-118	48	446	1	384	0.89237668161435
GH47.hmm	446	EC935|EC935_004715-T1	718	8.3e-139	1	445	33	468	0.995515695067265
GH47.hmm	446	EC935|EC935_005158-T1	472	6.8e-126	2	446	41	470	0.995515695067265
GH47.hmm	446	EC935|EC935_007892-T1	718	1.2e-138	1	445	33	468	0.995515695067265
GH47.hmm	446	EC935|EC935_007949-T1	386	1.4e-117	48	446	1	384	0.89237668161435
GH47.hmm	446	EC935|EC935_012801-T1	833	2.5e-116	2	435	42	460	0.97085201793722
GH47.hmm	446	EC935|EC935_012997-T1	833	2.3e-116	2	435	42	460	0.97085201793722
GH47.hmm	446	EC935|EC935_013527-T1	699	6.6e-112	2	445	226	694	0.993273542600897
GH47.hmm	446	EC935|EC935_014130-T1	470	9.4e-122	1	409	72	469	0.914798206278027
GH47.hmm	446	EC935|EC935_014201-T1	479	1.2e-95	1	338	133	472	0.755605381165919
GH47.hmm	446	EC935|EC935_014310-T1	492	3.2e-134	1	429	72	488	0.959641255605381
GH5_12.hmm	539	EC935|EC935_007221-T1	748	4.7e-180	3	539	25	558	0.99443413729128
GH5_12.hmm	539	EC935|EC935_007225-T1	748	2.8e-181	3	539	25	558	0.99443413729128
GH5_12.hmm	539	EC935|EC935_016004-T1	206	3.4e-84	17	222	2	205	0.380333951762523
GH5_9.hmm	303	EC935|EC935_004515-T1	498	4.4e-107	1	303	156	469	0.996699669966997
GH5_9.hmm	303	EC935|EC935_006231-T1	408	7.2e-113	1	303	77	382	0.996699669966997
GH5_9.hmm	303	EC935|EC935_010038-T1	449	2.4e-107	1	303	107	420	0.996699669966997
GH5_9.hmm	303	EC935|EC935_010040-T1	505	5.2e-109	1	303	163	471	0.996699669966997
GH5_9.hmm	303	EC935|EC935_014035-T1	408	6.5e-112	1	303	77	382	0.996699669966997
GH5_9.hmm	303	EC935|EC935_016127-T1	202	1.3e-50	138	303	4	174	0.544554455445545
GH5_9.hmm	303	EC935|EC935_016306-T1	172	7.5e-46	57	215	1	164	0.521452145214521
GH63.hmm	570	EC935|EC935_006189-T1	777	3e-29	363	567	393	775	0.357894736842105
GH72.hmm	312	EC935|EC935_002279-T1	460	1.5e-119	4	311	17	313	0.983974358974359
GH72.hmm	312	EC935|EC935_002280-T1	523	1.3e-117	4	311	17	313	0.983974358974359
GH72.hmm	312	EC935|EC935_003397-T1	500	7.4e-123	4	311	17	322	0.983974358974359
GH72.hmm	312	EC935|EC935_007832-T1	490	5.7e-110	4	311	10	310	0.983974358974359
GH72.hmm	312	EC935|EC935_008518-T1	522	4.7e-52	7	293	31	321	0.916666666666667
GH72.hmm	312	EC935|EC935_010778-T1	513	5.7e-52	7	307	31	334	0.961538461538462
GH72.hmm	312	EC935|EC935_014211-T1	452	8.2e-103	4	302	17	302	0.955128205128205
GH74.hmm	233	EC935|EC935_000883-T1	2163	6.8e-07	13	145	1385	1569	0.566523605150215
GH74.hmm	233	EC935|EC935_000883-T1	2163	6.8e-11	24	117	44	132	0.399141630901288
GH74.hmm	233	EC935|EC935_004240-T1	2160	3.1e-11	24	117	44	132	0.399141630901288
GH74.hmm	233	EC935|EC935_004240-T1	2160	4e-06	12	116	751	860	0.446351931330472
GH74.hmm	233	EC935|EC935_004240-T1	2160	8.4e-08	6	144	1374	1564	0.592274678111588
GH81.hmm	622	EC935|EC935_001635-T1	687	5e-176	12	622	60	681	0.980707395498392
GT15.hmm	273	EC935|EC935_001743-T1	438	2.9e-119	1	272	124	394	0.992673992673993
GT15.hmm	273	EC935|EC935_001745-T1	467	6.9e-120	1	272	153	423	0.992673992673993
GT15.hmm	273	EC935|EC935_001746-T1	392	3.7e-121	1	272	77	347	0.992673992673993
GT15.hmm	273	EC935|EC935_001824-T1	288	3.9e-74	3	268	42	287	0.970695970695971
GT15.hmm	273	EC935|EC935_003426-T1	357	1.5e-88	3	272	42	326	0.985347985347985
GT15.hmm	273	EC935|EC935_004012-T1	373	5.1e-118	1	273	59	330	0.996336996336996
GT15.hmm	273	EC935|EC935_005379-T1	392	3.7e-121	1	272	77	347	0.992673992673993
GT15.hmm	273	EC935|EC935_005380-T1	757	2.4e-120	1	272	160	430	0.992673992673993
GT15.hmm	273	EC935|EC935_005382-T1	172	7.3e-37	98	272	3	139	0.637362637362637
GT15.hmm	273	EC935|EC935_006202-T1	312	5.6e-104	10	272	1	261	0.95970695970696
GT15.hmm	273	EC935|EC935_006203-T1	375	9.1e-113	1	272	58	327	0.992673992673993
GT15.hmm	273	EC935|EC935_007060-T1	238	1.1e-78	84	272	2	188	0.688644688644689
GT15.hmm	273	EC935|EC935_007061-T1	381	5.7e-114	1	272	64	333	0.992673992673993
GT15.hmm	273	EC935|EC935_007066-T1	381	9.6e-114	1	272	64	333	0.992673992673993
GT15.hmm	273	EC935|EC935_007067-T1	325	5.3e-114	1	272	6	275	0.992673992673993
GT15.hmm	273	EC935|EC935_007068-T1	385	2.2e-114	1	272	64	333	0.992673992673993
GT15.hmm	273	EC935|EC935_007069-T1	384	2.7e-115	1	272	64	334	0.992673992673993
GT15.hmm	273	EC935|EC935_007948-T1	373	7.2e-118	2	272	60	329	0.989010989010989
GT15.hmm	273	EC935|EC935_009740-T1	378	6.2e-118	1	272	63	333	0.992673992673993
GT15.hmm	273	EC935|EC935_009742-T1	319	4.8e-118	1	272	4	274	0.992673992673993
GT15.hmm	273	EC935|EC935_012312-T1	363	1.4e-76	13	271	67	315	0.945054945054945
GT15.hmm	273	EC935|EC935_014709-T1	238	6.1e-78	86	272	4	188	0.681318681318681
GT15.hmm	273	EC935|EC935_014799-T1	146	6e-39	174	272	2	98	0.358974358974359
GT15.hmm	273	EC935|EC935_015160-T1	397	4.2e-78	13	272	101	350	0.948717948717949
GT15.hmm	273	EC935|EC935_015204-T1	377	6.8e-119	1	272	63	333	0.992673992673993
GT1.hmm	382	EC935|EC935_000171-T1	560	1.3e-21	198	327	253	418	0.337696335078534
GT1.hmm	382	EC935|EC935_002304-T1	554	9.5e-27	156	351	208	438	0.510471204188482
GT1.hmm	382	EC935|EC935_003325-T1	568	9.7e-25	207	352	274	453	0.379581151832461
GT1.hmm	382	EC935|EC935_003928-T1	534	4.1e-22	215	352	258	432	0.358638743455497
GT1.hmm	382	EC935|EC935_003970-T1	534	5.5e-21	215	351	258	431	0.356020942408377
GT1.hmm	382	EC935|EC935_004135-T1	567	2.3e-27	194	352	263	454	0.413612565445026
GT1.hmm	382	EC935|EC935_004188-T1	546	4.2e-22	191	350	239	441	0.416230366492147
GT1.hmm	382	EC935|EC935_004198-T1	1203	8.6e-53	4	377	747	1154	0.976439790575916
GT1.hmm	382	EC935|EC935_004448-T1	508	4e-21	208	364	259	445	0.408376963350785
GT1.hmm	382	EC935|EC935_005073-T1	522	4.5e-27	180	352	236	440	0.450261780104712
GT1.hmm	382	EC935|EC935_005523-T1	501	1.9e-21	207	364	258	445	0.410994764397906
GT1.hmm	382	EC935|EC935_006399-T1	711	2.8e-21	225	351	247	412	0.329842931937173
GT1.hmm	382	EC935|EC935_006937-T1	546	2.6e-22	173	349	221	440	0.460732984293194
GT1.hmm	382	EC935|EC935_007082-T1	568	1.5e-26	220	351	262	451	0.342931937172775
GT1.hmm	382	EC935|EC935_007083-T1	568	1.1e-25	220	351	280	451	0.342931937172775
GT1.hmm	382	EC935|EC935_007084-T1	555	8.5e-26	199	351	253	439	0.397905759162304
GT1.hmm	382	EC935|EC935_007145-T1	567	3.5e-26	194	351	260	451	0.410994764397906
GT1.hmm	382	EC935|EC935_007179-T1	463	3.8e-21	178	346	161	375	0.43979057591623
GT1.hmm	382	EC935|EC935_007298-T1	526	1.1e-26	221	350	242	411	0.337696335078534
GT1.hmm	382	EC935|EC935_007299-T1	548	7.6e-24	206	350	255	432	0.37696335078534
GT1.hmm	382	EC935|EC935_007353-T1	562	3.1e-20	179	335	222	438	0.408376963350785
GT1.hmm	382	EC935|EC935_008011-T1	1200	3.2e-53	4	377	745	1152	0.976439790575916
GT1.hmm	382	EC935|EC935_009440-T1	568	1.3e-25	149	351	191	451	0.528795811518325
GT1.hmm	382	EC935|EC935_010634-T1	561	9.9e-20	231	351	290	449	0.31413612565445
GT1.hmm	382	EC935|EC935_010994-T1	567	1.6e-26	210	351	252	451	0.369109947643979
GT1.hmm	382	EC935|EC935_010995-T1	569	3.2e-27	204	351	271	452	0.384816753926702
GT1.hmm	382	EC935|EC935_012626-T1	527	2.8e-18	181	336	237	425	0.405759162303665
GT1.hmm	382	EC935|EC935_013623-T1	566	3.1e-25	220	346	268	446	0.329842931937173
GT1.hmm	382	EC935|EC935_014109-T1	538	4.5e-25	192	345	244	428	0.400523560209424
GT1.hmm	382	EC935|EC935_014797-T1	566	1.5e-24	195	351	259	449	0.408376963350785
GT1.hmm	382	EC935|EC935_015074-T1	572	1.6e-24	190	351	256	451	0.421465968586387
GT1.hmm	382	EC935|EC935_015432-T1	528	3.8e-22	229	347	278	433	0.308900523560209
GT20.hmm	475	EC935|EC935_000350-T1	765	3.1e-163	13	475	14	488	0.972631578947368
GT20.hmm	475	EC935|EC935_000403-T1	765	8.2e-163	13	474	14	487	0.970526315789474
GT20.hmm	475	EC935|EC935_003350-T1	472	9.7e-194	12	474	7	471	0.972631578947368
GT21.hmm	233	EC935|EC935_000039-T1	494	8.4e-87	1	233	55	286	0.995708154506438
GT21.hmm	233	EC935|EC935_000582-T1	491	1.5e-86	1	233	55	286	0.995708154506438
GT21.hmm	233	EC935|EC935_001498-T1	487	1.2e-88	1	233	56	287	0.995708154506438
GT22.hmm	389	EC935|EC935_000293-T1	570	2.5e-84	2	388	45	461	0.992287917737789
GT22.hmm	389	EC935|EC935_007521-T1	446	6.3e-67	75	388	14	323	0.804627249357326
GT22.hmm	389	EC935|EC935_008162-T1	573	1.3e-35	196	358	222	410	0.416452442159383
GT22.hmm	389	EC935|EC935_008688-T1	379	2.6e-29	111	360	2	264	0.640102827763496
GT24.hmm	248	EC935|EC935_001876-T1	1467	2e-130	1	248	1154	1401	0.995967741935484
GT24.hmm	248	EC935|EC935_005631-T1	1470	4.4e-130	1	248	1157	1404	0.995967741935484
GT28.hmm	157	EC935|EC935_015719-T1	172	3.5e-14	3	125	8	140	0.777070063694268
GT2_Chitin_synth_1.hmm	163	EC935|EC935_014368-T1	807	1.1e-79	1	163	157	319	0.993865030674847
GT2_Chitin_synth_2.hmm	527	EC935|EC935_000894-T1	1215	1.3e-20	15	489	364	844	0.899430740037951
GT2_Chitin_synth_2.hmm	527	EC935|EC935_001126-T1	1895	1.4e-233	4	527	1137	1646	0.992409867172676
GT2_Chitin_synth_2.hmm	527	EC935|EC935_001445-T1	1146	6.2e-284	13	527	573	1085	0.975332068311195
GT2_Chitin_synth_2.hmm	527	EC935|EC935_001932-T1	1211	2.4e-267	18	527	540	1051	0.96584440227704
GT2_Chitin_synth_2.hmm	527	EC935|EC935_003628-T1	1896	1.4e-233	4	527	1138	1647	0.992409867172676
GT2_Chitin_synth_2.hmm	527	EC935|EC935_004044-T1	1211	8.5e-266	18	527	540	1051	0.96584440227704
GT2_Chitin_synth_2.hmm	527	EC935|EC935_005411-T1	650	1e-144	60	367	1	298	0.582542694497154
GT2_Chitin_synth_2.hmm	527	EC935|EC935_005547-T1	1146	2e-63	24	492	341	782	0.888045540796964
GT2_Chitin_synth_2.hmm	527	EC935|EC935_006637-T1	1144	4.9e-284	13	527	571	1083	0.975332068311195
GT2_Chitin_synth_2.hmm	527	EC935|EC935_006738-T1	1783	1.9e-228	6	526	1178	1679	0.986717267552182
GT2_Chitin_synth_2.hmm	527	EC935|EC935_008973-T1	486	8.4e-84	231	481	247	486	0.47438330170778
GT2_Chitin_synth_2.hmm	527	EC935|EC935_009070-T1	365	7.6e-81	335	527	1	195	0.364326375711575
GT2_Chitin_synth_2.hmm	527	EC935|EC935_010890-T1	1273	2.1e-23	15	486	427	905	0.893738140417457
GT2_Chitin_synth_2.hmm	527	EC935|EC935_012036-T1	1226	6.1e-112	6	278	967	1226	0.516129032258065
GT2_Chitin_synth_2.hmm	527	EC935|EC935_012879-T1	852	9.1e-26	204	504	323	609	0.569259962049336
GT2_Chitin_synth_2.hmm	527	EC935|EC935_012918-T1	852	2.2e-25	204	502	323	607	0.565464895635674
GT2_Chitin_synth_2.hmm	527	EC935|EC935_014368-T1	807	3e-23	204	376	297	474	0.326375711574953
GT2_Chitin_synth_2.hmm	527	EC935|EC935_014513-T1	1052	1.7e-61	24	498	345	789	0.899430740037951
GT2_Chitin_synth_2.hmm	527	EC935|EC935_015407-T1	658	6.4e-240	22	496	193	658	0.899430740037951
GT2_Glycos_transf_2.hmm	170	EC935|EC935_000351-T1	238	1.1e-34	1	168	6	175	0.982352941176471
GT2_Glycos_transf_2.hmm	170	EC935|EC935_000402-T1	238	5.5e-35	1	168	6	175	0.982352941176471
GT2_Glycos_transf_2.hmm	170	EC935|EC935_007857-T1	313	2.1e-26	1	170	61	244	0.994117647058824
GT2_Glycos_transf_2.hmm	170	EC935|EC935_009518-T1	313	2.3e-27	1	170	61	244	0.994117647058824
GT2_Glyco_trans_2_3.hmm	197	EC935|EC935_003569-T1	204	0.00017	53	126	117	189	0.370558375634518
GT32.hmm	90	EC935|EC935_011651-T1	177	0.0005	40	82	25	69	0.466666666666667
GT33.hmm	425	EC935|EC935_008933-T1	1088	7.7e-124	102	424	747	1082	0.757647058823529
GT39.hmm	223	EC935|EC935_000199-T1	772	1.3e-69	2	223	79	316	0.991031390134529
GT39.hmm	223	EC935|EC935_002218-T1	853	2.7e-68	3	223	69	309	0.986547085201794
GT39.hmm	223	EC935|EC935_003333-T1	893	8e-22	2	210	31	255	0.932735426008969
GT39.hmm	223	EC935|EC935_003596-T1	1002	1.7e-67	2	223	68	306	0.991031390134529
GT39.hmm	223	EC935|EC935_005119-T1	739	2.8e-64	2	223	65	304	0.991031390134529
GT39.hmm	223	EC935|EC935_005554-T1	733	1.7e-65	3	223	56	297	0.986547085201794
GT39.hmm	223	EC935|EC935_010074-T1	904	9.1e-28	2	220	29	264	0.977578475336323
GT39.hmm	223	EC935|EC935_010935-T1	853	7.7e-68	3	223	69	309	0.986547085201794
GT39.hmm	223	EC935|EC935_012264-T1	175	8.6e-33	3	105	56	175	0.457399103139013
GT39.hmm	223	EC935|EC935_013339-T1	774	6e-67	2	223	79	318	0.991031390134529
GT39.hmm	223	EC935|EC935_014162-T1	183	9.2e-32	2	101	68	182	0.443946188340807
GT3.hmm	637	EC935|EC935_002265-T1	694	1.4e-295	1	624	17	636	0.978021978021978
GT41.hmm	705	EC935|EC935_002211-T1	1600	1.8e-49	305	543	1163	1496	0.337588652482269
GT41.hmm	705	EC935|EC935_008365-T1	1600	8.5e-50	305	547	1163	1500	0.343262411347518
GT48.hmm	739	EC935|EC935_003017-T1	1983	8.3e-295	3	726	904	1677	0.978349120433018
GT48.hmm	739	EC935|EC935_005100-T1	1912	3.3e-292	3	723	865	1633	0.974289580514208
GT48.hmm	739	EC935|EC935_008615-T1	1829	3e-287	3	723	800	1577	0.974289580514208
GT48.hmm	739	EC935|EC935_008818-T1	1981	3.1e-295	3	726	902	1675	0.978349120433018
GT48.hmm	739	EC935|EC935_010141-T1	1829	7.4e-287	3	722	800	1576	0.972936400541272
GT48.hmm	739	EC935|EC935_012240-T1	1912	3e-292	3	723	865	1633	0.974289580514208
GT4.hmm	160	EC935|EC935_002173-T1	446	2e-31	5	157	206	384	0.95
GT4.hmm	160	EC935|EC935_003099-T1	696	5.7e-33	6	148	166	310	0.8875
GT4.hmm	160	EC935|EC935_004203-T1	492	3.7e-20	3	124	281	420	0.75625
GT4.hmm	160	EC935|EC935_005325-T1	459	3e-21	3	125	249	391	0.7625
GT4.hmm	160	EC935|EC935_005637-T1	446	2e-31	7	157	208	384	0.9375
GT50.hmm	262	EC935|EC935_008748-T1	402	1.2e-79	1	262	116	375	0.99618320610687
GT50.hmm	262	EC935|EC935_009702-T1	418	8.8e-86	1	262	104	393	0.99618320610687
GT57.hmm	481	EC935|EC935_001999-T1	783	1e-155	14	480	316	773	0.968814968814969
GT57.hmm	481	EC935|EC935_004993-T1	426	9.6e-121	2	362	51	399	0.748440748440748
GT66.hmm	693	EC935|EC935_000555-T1	734	2.8e-183	10	632	14	731	0.897546897546898
GT66.hmm	693	EC935|EC935_004152-T1	730	3e-185	10	601	14	657	0.852813852813853
GT8.hmm	257	EC935|EC935_001443-T1	1410	4.2e-43	29	255	6	226	0.879377431906615
GT8.hmm	257	EC935|EC935_006635-T1	1439	3.8e-44	29	255	6	226	0.879377431906615
GT8.hmm	257	EC935|EC935_015480-T1	117	1e-10	29	137	15	117	0.420233463035019
PL10.hmm	287	EC935|EC935_014358-T1	320	4.8e-06	67	159	76	176	0.320557491289199
PL1_7.hmm	181	EC935|EC935_000364-T1	331	0.00049	23	103	10	89	0.441988950276243
