AA11.hmm	191	DFQ17|DFQ17_000117-T1	209	6e-34	14	162	45	182	0.774869109947644
AA11.hmm	191	DFQ17|DFQ17_000556-T1	209	1.1e-33	13	162	44	182	0.780104712041885
AA11.hmm	191	DFQ17|DFQ17_000702-T1	210	4.9e-30	14	163	45	184	0.780104712041885
AA11.hmm	191	DFQ17|DFQ17_001042-T1	331	8.7e-47	1	176	25	195	0.916230366492147
AA11.hmm	191	DFQ17|DFQ17_001465-T1	224	1.6e-38	12	169	30	172	0.821989528795812
AA11.hmm	191	DFQ17|DFQ17_001471-T1	222	1.3e-34	9	163	37	175	0.806282722513089
AA11.hmm	191	DFQ17|DFQ17_003636-T1	268	5.9e-30	25	161	114	240	0.712041884816754
AA11.hmm	191	DFQ17|DFQ17_003637-T1	232	8.6e-30	25	162	78	205	0.717277486910995
AA11.hmm	191	DFQ17|DFQ17_003638-T1	210	5.5e-30	25	162	56	183	0.717277486910995
AA11.hmm	191	DFQ17|DFQ17_004474-T1	248	2.1e-06	3	150	19	190	0.769633507853403
AA11.hmm	191	DFQ17|DFQ17_005001-T1	208	1e-33	12	163	42	182	0.790575916230366
AA11.hmm	191	DFQ17|DFQ17_005004-T1	263	5e-34	11	163	91	237	0.795811518324607
AA11.hmm	191	DFQ17|DFQ17_005133-T1	345	5.1e-45	2	163	23	175	0.842931937172775
AA11.hmm	191	DFQ17|DFQ17_005134-T1	303	1.2e-44	1	163	20	173	0.848167539267016
AA11.hmm	191	DFQ17|DFQ17_005136-T1	364	1.2e-42	1	163	21	176	0.848167539267016
AA11.hmm	191	DFQ17|DFQ17_005571-T1	214	6.9e-32	12	163	46	187	0.790575916230366
AA11.hmm	191	DFQ17|DFQ17_005719-T1	281	4.7e-07	43	168	62	212	0.654450261780105
AA11.hmm	191	DFQ17|DFQ17_005899-T1	209	2e-32	12	163	41	182	0.790575916230366
AA11.hmm	191	DFQ17|DFQ17_007607-T1	205	2.3e-32	12	163	39	179	0.790575916230366
AA11.hmm	191	DFQ17|DFQ17_009002-T1	224	2.1e-22	12	147	44	178	0.706806282722513
AA11.hmm	191	DFQ17|DFQ17_009979-T1	210	9.6e-30	25	161	56	182	0.712041884816754
AA11.hmm	191	DFQ17|DFQ17_009994-T1	320	8.7e-40	12	163	43	179	0.790575916230366
AA11.hmm	191	DFQ17|DFQ17_009997-T1	311	4.4e-40	11	162	39	178	0.790575916230366
AA11.hmm	191	DFQ17|DFQ17_010677-T1	340	1.3e-45	1	176	24	194	0.916230366492147
AA11.hmm	191	DFQ17|DFQ17_011807-T1	296	8e-43	1	163	22	175	0.848167539267016
AA11.hmm	191	DFQ17|DFQ17_011808-T1	293	5.7e-44	1	163	20	173	0.848167539267016
AA11.hmm	191	DFQ17|DFQ17_012195-T1	350	8.5e-40	1	163	21	176	0.848167539267016
AA1_2.hmm	337	DFQ17|DFQ17_013628-T1	192	1.9e-31	6	134	12	148	0.379821958456973
AA15.hmm	193	DFQ17|DFQ17_001071-T1	244	3.1e-07	66	173	56	166	0.55440414507772
AA15.hmm	193	DFQ17|DFQ17_002485-T1	321	3e-07	66	192	55	182	0.652849740932642
AA15.hmm	193	DFQ17|DFQ17_011166-T1	328	5.9e-06	64	192	53	182	0.663212435233161
AA1.hmm	943	DFQ17|DFQ17_005734-T1	584	3.1e-69	451	742	39	354	0.308589607635207
AA1.hmm	943	DFQ17|DFQ17_013904-T1	588	6.6e-66	452	737	43	352	0.302226935312831
AA1.hmm	943	DFQ17|DFQ17_014173-T1	588	4e-69	452	740	43	355	0.305408271474019
AA2.hmm	255	DFQ17|DFQ17_000485-T1	361	3e-54	16	253	108	345	0.929411764705882
AA2.hmm	255	DFQ17|DFQ17_003470-T1	363	3.3e-55	6	253	98	347	0.968627450980392
AA2.hmm	255	DFQ17|DFQ17_005657-T1	269	1.1e-46	14	253	23	261	0.937254901960784
AA3_2.hmm	568	DFQ17|DFQ17_001073-T1	584	9.9e-106	2	566	23	583	0.992957746478873
AA3_2.hmm	568	DFQ17|DFQ17_002389-T1	641	1.2e-96	1	567	33	640	0.996478873239437
AA3_2.hmm	568	DFQ17|DFQ17_002980-T1	591	3e-104	2	567	21	587	0.994718309859155
AA3_2.hmm	568	DFQ17|DFQ17_002981-T1	592	4.7e-107	2	567	21	588	0.994718309859155
AA3_2.hmm	568	DFQ17|DFQ17_004494-T1	595	1.8e-102	2	568	23	592	0.996478873239437
AA3_2.hmm	568	DFQ17|DFQ17_004849-T1	453	1.5e-43	186	471	152	436	0.501760563380282
AA3_2.hmm	568	DFQ17|DFQ17_005096-T1	301	1.8e-60	257	548	7	289	0.512323943661972
AA3_2.hmm	568	DFQ17|DFQ17_005566-T1	638	8.3e-100	2	567	44	636	0.994718309859155
AA3_2.hmm	568	DFQ17|DFQ17_005722-T1	635	8.2e-100	2	566	42	632	0.992957746478873
AA3_2.hmm	568	DFQ17|DFQ17_005766-T1	637	5.6e-103	3	566	75	634	0.991197183098592
AA3_2.hmm	568	DFQ17|DFQ17_006475-T1	589	1e-101	2	566	27	586	0.992957746478873
AA3_2.hmm	568	DFQ17|DFQ17_009539-T1	602	1.6e-99	2	567	30	597	0.994718309859155
AA3_2.hmm	568	DFQ17|DFQ17_010112-T1	589	2.3e-100	3	566	28	586	0.991197183098592
AA3_2.hmm	568	DFQ17|DFQ17_010352-T1	626	1.4e-103	2	566	62	625	0.992957746478873
AA3_2.hmm	568	DFQ17|DFQ17_010552-T1	609	1.2e-100	2	566	33	606	0.992957746478873
AA3_2.hmm	568	DFQ17|DFQ17_011420-T1	588	2.7e-102	3	566	26	585	0.991197183098592
AA3_2.hmm	568	DFQ17|DFQ17_011722-T1	592	3e-110	2	567	21	588	0.994718309859155
AA3_2.hmm	568	DFQ17|DFQ17_012201-T1	592	1.4e-106	2	567	21	588	0.994718309859155
AA3_2.hmm	568	DFQ17|DFQ17_012441-T1	282	2.7e-46	278	567	1	281	0.508802816901408
AA3_2.hmm	568	DFQ17|DFQ17_012739-T1	598	1.8e-98	2	567	28	595	0.994718309859155
AA3_2.hmm	568	DFQ17|DFQ17_014240-T1	263	2.3e-23	2	208	31	242	0.362676056338028
AA3.hmm	618	DFQ17|DFQ17_004996-T1	563	2e-76	82	398	18	560	0.511326860841424
AA3.hmm	618	DFQ17|DFQ17_012590-T1	592	1.1e-29	87	398	13	438	0.503236245954693
AA4.hmm	522	DFQ17|DFQ17_013268-T1	521	1.6e-19	18	252	45	270	0.448275862068966
AA6.hmm	195	DFQ17|DFQ17_002260-T1	271	6.1e-76	1	193	8	200	0.984615384615385
AA6.hmm	195	DFQ17|DFQ17_008142-T1	683	9e-59	1	193	17	208	0.984615384615385
AA6.hmm	195	DFQ17|DFQ17_009001-T1	382	5.7e-73	1	193	6	198	0.984615384615385
AA7.hmm	458	DFQ17|DFQ17_001671-T1	493	1.2e-95	5	458	54	491	0.989082969432314
AA7.hmm	458	DFQ17|DFQ17_001809-T1	487	9e-80	5	231	51	281	0.493449781659389
AA7.hmm	458	DFQ17|DFQ17_005247-T1	229	3.5e-35	26	217	2	178	0.417030567685589
AA7.hmm	458	DFQ17|DFQ17_008003-T1	509	1.7e-91	5	458	69	505	0.989082969432314
AA7.hmm	458	DFQ17|DFQ17_008201-T1	482	3.3e-67	6	458	48	478	0.986899563318777
AA7.hmm	458	DFQ17|DFQ17_013544-T1	313	1e-28	88	298	81	282	0.458515283842795
AA7.hmm	458	DFQ17|DFQ17_014146-T1	503	1.9e-92	4	458	52	491	0.991266375545852
CBM14.hmm	54	DFQ17|DFQ17_012571-T1	127	0.0001	13	50	87	125	0.685185185185185
CBM14.hmm	54	DFQ17|DFQ17_014046-T1	69	2.4e-06	11	47	29	64	0.666666666666667
CBM14.hmm	54	DFQ17|DFQ17_014065-T1	76	2.7e-05	12	47	35	69	0.648148148148148
CBM14.hmm	54	DFQ17|DFQ17_014066-T1	117	0.00013	15	47	75	108	0.592592592592593
CBM14.hmm	54	DFQ17|DFQ17_014468-T1	141	5.6e-05	13	48	100	135	0.648148148148148
CBM18.hmm	38	DFQ17|DFQ17_000965-T1	640	1.3e-07	7	35	150	179	0.736842105263158
CBM18.hmm	38	DFQ17|DFQ17_000965-T1	640	1.7e-07	7	35	97	126	0.736842105263158
CBM18.hmm	38	DFQ17|DFQ17_000965-T1	640	1.9e-07	7	35	36	65	0.736842105263158
CBM18.hmm	38	DFQ17|DFQ17_002447-T1	384	0.00034	2	35	28	60	0.868421052631579
CBM18.hmm	38	DFQ17|DFQ17_003398-T1	635	1.5e-07	7	35	139	168	0.736842105263158
CBM18.hmm	38	DFQ17|DFQ17_003398-T1	635	1.9e-07	7	35	25	54	0.736842105263158
CBM18.hmm	38	DFQ17|DFQ17_003398-T1	635	5.5e-08	7	36	86	116	0.763157894736842
CBM18.hmm	38	DFQ17|DFQ17_004683-T1	419	1e-05	2	36	69	102	0.894736842105263
CBM18.hmm	38	DFQ17|DFQ17_007226-T1	373	1.7e-05	2	36	23	56	0.894736842105263
CBM18.hmm	38	DFQ17|DFQ17_008727-T1	374	0.00034	6	36	29	61	0.789473684210526
CBM18.hmm	38	DFQ17|DFQ17_008728-T1	360	0.00026	6	36	29	61	0.789473684210526
CBM18.hmm	38	DFQ17|DFQ17_008729-T1	418	1.2e-05	6	36	62	94	0.789473684210526
CBM18.hmm	38	DFQ17|DFQ17_013137-T1	381	9.6e-05	6	36	32	63	0.789473684210526
CBM19.hmm	45	DFQ17|DFQ17_001248-T1	463	1.4e-10	1	44	403	443	0.955555555555556
CBM19.hmm	45	DFQ17|DFQ17_001329-T1	136	0.00015	2	44	75	115	0.933333333333333
CBM19.hmm	45	DFQ17|DFQ17_002802-T1	456	1.2e-09	1	44	395	436	0.955555555555556
CBM19.hmm	45	DFQ17|DFQ17_002812-T1	484	5.4e-10	1	44	426	466	0.955555555555556
CBM19.hmm	45	DFQ17|DFQ17_004752-T1	517	0.00064	10	43	469	505	0.733333333333333
CBM19.hmm	45	DFQ17|DFQ17_005663-T1	515	0.00013	10	43	467	503	0.733333333333333
CBM19.hmm	45	DFQ17|DFQ17_007566-T1	500	6.5e-06	10	45	449	486	0.777777777777778
CBM19.hmm	45	DFQ17|DFQ17_007712-T1	450	3.3e-11	1	44	389	430	0.955555555555556
CBM19.hmm	45	DFQ17|DFQ17_008100-T1	430	4.1e-11	3	43	358	397	0.888888888888889
CBM19.hmm	45	DFQ17|DFQ17_010046-T1	130	0.00081	11	43	84	117	0.711111111111111
CBM19.hmm	45	DFQ17|DFQ17_010953-T1	444	6.8e-10	3	43	372	411	0.888888888888889
CBM19.hmm	45	DFQ17|DFQ17_011149-T1	102	1.6e-05	10	43	41	77	0.733333333333333
CBM19.hmm	45	DFQ17|DFQ17_011334-T1	433	3.6e-08	3	43	374	411	0.888888888888889
CBM19.hmm	45	DFQ17|DFQ17_012617-T1	504	0.00082	10	43	456	492	0.733333333333333
CBM19.hmm	45	DFQ17|DFQ17_012775-T1	356	5.7e-05	9	43	309	345	0.755555555555556
CBM19.hmm	45	DFQ17|DFQ17_012950-T1	518	1.7e-05	10	43	470	506	0.733333333333333
CBM21.hmm	107	DFQ17|DFQ17_003561-T1	297	3.8e-27	3	107	102	213	0.97196261682243
CBM21.hmm	107	DFQ17|DFQ17_003563-T1	454	5e-30	3	106	119	230	0.962616822429907
CBM21.hmm	107	DFQ17|DFQ17_009326-T1	434	2.6e-29	3	107	120	232	0.97196261682243
CBM21.hmm	107	DFQ17|DFQ17_011226-T1	294	3.9e-29	2	107	98	210	0.981308411214953
CBM43.hmm	83	DFQ17|DFQ17_000721-T1	502	6.1e-10	2	75	372	453	0.879518072289157
CBM43.hmm	83	DFQ17|DFQ17_004657-T1	500	3e-07	2	65	374	446	0.759036144578313
CBM43.hmm	83	DFQ17|DFQ17_010231-T1	533	5.1e-09	9	82	379	453	0.879518072289157
CBM43.hmm	83	DFQ17|DFQ17_010237-T1	496	3.8e-07	2	68	370	445	0.795180722891566
CBM43.hmm	83	DFQ17|DFQ17_011884-T1	511	3.5e-08	2	75	367	447	0.879518072289157
CBM43.hmm	83	DFQ17|DFQ17_011937-T1	504	3.1e-10	2	77	372	455	0.903614457831325
CBM43.hmm	83	DFQ17|DFQ17_012824-T1	517	1.5e-08	2	75	371	451	0.879518072289157
CBM43.hmm	83	DFQ17|DFQ17_013044-T1	533	1.4e-08	8	82	378	453	0.891566265060241
CBM44.hmm	64	DFQ17|DFQ17_006744-T1	354	0.00037	8	32	256	280	0.375
CBM48.hmm	76	DFQ17|DFQ17_001543-T1	778	1.7e-08	3	46	125	178	0.565789473684211
CBM48.hmm	76	DFQ17|DFQ17_007363-T1	779	1e-08	3	45	126	178	0.552631578947368
CBM52.hmm	52	DFQ17|DFQ17_005694-T1	314	1.3e-05	2	45	247	287	0.826923076923077
CBM63.hmm	78	DFQ17|DFQ17_004952-T1	214	3.8e-20	2	72	127	197	0.897435897435897
CBM63.hmm	78	DFQ17|DFQ17_007827-T1	214	6.2e-20	2	72	127	197	0.897435897435897
CBM65.hmm	114	DFQ17|DFQ17_014721-T1	228	0.0005	10	66	68	126	0.491228070175439
CBM82.hmm	127	DFQ17|DFQ17_009425-T1	196	0.00045	2	74	52	119	0.566929133858268
CE14.hmm	124	DFQ17|DFQ17_010599-T1	179	2.3e-11	1	123	41	147	0.983870967741935
CE16.hmm	267	DFQ17|DFQ17_000466-T1	329	6.4e-11	3	266	53	319	0.98501872659176
CE16.hmm	267	DFQ17|DFQ17_001861-T1	353	1.9e-15	2	264	70	342	0.9812734082397
CE16.hmm	267	DFQ17|DFQ17_002669-T1	332	1.1e-18	2	266	54	319	0.98876404494382
CE16.hmm	267	DFQ17|DFQ17_002775-T1	328	1.2e-15	28	266	75	319	0.891385767790262
CE16.hmm	267	DFQ17|DFQ17_002776-T1	325	2.4e-16	31	266	78	316	0.880149812734082
CE16.hmm	267	DFQ17|DFQ17_003729-T1	310	2.1e-19	2	265	45	303	0.98501872659176
CE16.hmm	267	DFQ17|DFQ17_004063-T1	322	3.7e-12	3	264	45	311	0.97752808988764
CE16.hmm	267	DFQ17|DFQ17_004920-T1	329	1.8e-09	2	264	57	320	0.9812734082397
CE16.hmm	267	DFQ17|DFQ17_006714-T1	353	3.4e-19	2	264	70	342	0.9812734082397
CE16.hmm	267	DFQ17|DFQ17_008763-T1	325	1.9e-08	3	264	52	315	0.97752808988764
CE16.hmm	267	DFQ17|DFQ17_014560-T1	282	8.3e-21	2	264	13	276	0.9812734082397
CE1.hmm	227	DFQ17|DFQ17_000774-T1	692	7.1e-06	3	199	447	661	0.863436123348018
CE1.hmm	227	DFQ17|DFQ17_001089-T1	292	5.5e-40	1	224	24	285	0.982378854625551
CE1.hmm	227	DFQ17|DFQ17_001138-T1	466	5.5e-06	37	143	131	284	0.466960352422908
CE1.hmm	227	DFQ17|DFQ17_001461-T1	336	3.1e-06	85	180	139	283	0.418502202643172
CE1.hmm	227	DFQ17|DFQ17_001540-T1	821	7e-11	11	149	473	639	0.607929515418502
CE1.hmm	227	DFQ17|DFQ17_002512-T1	684	5.2e-14	12	208	439	654	0.863436123348018
CE1.hmm	227	DFQ17|DFQ17_002534-T1	297	2.7e-08	12	208	22	268	0.863436123348018
CE1.hmm	227	DFQ17|DFQ17_005087-T1	762	7.8e-07	23	189	513	709	0.731277533039648
CE1.hmm	227	DFQ17|DFQ17_005312-T1	224	1e-08	25	207	16	204	0.801762114537445
CE1.hmm	227	DFQ17|DFQ17_005640-T1	313	5e-32	5	224	55	308	0.964757709251101
CE1.hmm	227	DFQ17|DFQ17_006817-T1	746	1.6e-09	11	154	457	627	0.629955947136564
CE1.hmm	227	DFQ17|DFQ17_007514-T1	312	3.5e-34	7	224	56	307	0.955947136563877
CE1.hmm	227	DFQ17|DFQ17_007684-T1	800	7e-10	11	143	461	621	0.581497797356828
CE1.hmm	227	DFQ17|DFQ17_009270-T1	307	5.1e-39	7	224	51	302	0.955947136563877
CE1.hmm	227	DFQ17|DFQ17_012643-T1	330	2.2e-07	26	143	105	234	0.515418502202643
CE1.hmm	227	DFQ17|DFQ17_014633-T1	176	2.2e-07	13	129	38	139	0.511013215859031
CE1.hmm	227	DFQ17|DFQ17_014740-T1	241	8.8e-30	8	212	2	240	0.898678414096916
CE2.hmm	209	DFQ17|DFQ17_001390-T1	296	8e-06	3	209	47	285	0.985645933014354
CE3.hmm	194	DFQ17|DFQ17_001199-T1	294	5.1e-11	53	192	106	266	0.716494845360825
CE3.hmm	194	DFQ17|DFQ17_007646-T1	230	1.2e-12	53	192	42	202	0.716494845360825
CE3.hmm	194	DFQ17|DFQ17_009574-T1	160	1.1e-06	77	192	21	139	0.592783505154639
CE4.hmm	130	DFQ17|DFQ17_002772-T1	692	8.1e-14	4	125	20	145	0.930769230769231
CE4.hmm	130	DFQ17|DFQ17_004755-T1	348	8.7e-29	6	125	79	201	0.915384615384615
CE4.hmm	130	DFQ17|DFQ17_005758-T1	260	6e-33	9	126	66	186	0.9
CE4.hmm	130	DFQ17|DFQ17_006712-T1	338	1.4e-30	6	125	73	195	0.915384615384615
CE4.hmm	130	DFQ17|DFQ17_010016-T1	308	1.3e-13	15	107	72	166	0.707692307692308
CE4.hmm	130	DFQ17|DFQ17_013727-T1	179	3.7e-31	9	117	65	176	0.830769230769231
CE9.hmm	373	DFQ17|DFQ17_007725-T1	402	2.6e-123	1	373	13	397	0.997319034852547
CE9.hmm	373	DFQ17|DFQ17_009864-T1	402	1.8e-123	1	373	13	397	0.997319034852547
GH13_25.hmm	434	DFQ17|DFQ17_006579-T1	1606	2.5e-194	3	434	1072	1520	0.993087557603687
GH13_25.hmm	434	DFQ17|DFQ17_006704-T1	1584	5.7e-193	3	434	1051	1499	0.993087557603687
GH132.hmm	303	DFQ17|DFQ17_000334-T1	303	2.5e-60	34	292	46	291	0.851485148514851
GH132.hmm	303	DFQ17|DFQ17_000505-T1	307	1.4e-60	32	294	48	297	0.864686468646865
GH132.hmm	303	DFQ17|DFQ17_002918-T1	403	1.2e-43	51	299	154	397	0.818481848184819
GH132.hmm	303	DFQ17|DFQ17_002919-T1	402	4.3e-68	51	301	153	398	0.825082508250825
GH132.hmm	303	DFQ17|DFQ17_008494-T1	269	2.3e-67	52	298	24	262	0.811881188118812
GH132.hmm	303	DFQ17|DFQ17_008831-T1	292	1.9e-62	32	293	24	281	0.861386138613861
GH132.hmm	303	DFQ17|DFQ17_008849-T1	445	9.5e-67	47	301	192	441	0.838283828382838
GH13_40.hmm	359	DFQ17|DFQ17_007891-T1	322	8.8e-06	199	339	80	228	0.389972144846797
GH13_5.hmm	342	DFQ17|DFQ17_001205-T1	490	1.7e-123	2	340	32	379	0.988304093567251
GH13_5.hmm	342	DFQ17|DFQ17_010212-T1	482	2.8e-151	2	342	31	370	0.994152046783626
GH13_8.hmm	293	DFQ17|DFQ17_001543-T1	778	9.2e-150	1	293	306	599	0.996587030716723
GH13_8.hmm	293	DFQ17|DFQ17_007363-T1	779	3.8e-151	1	293	307	600	0.996587030716723
GH15.hmm	361	DFQ17|DFQ17_006267-T1	671	6.2e-82	3	360	288	663	0.988919667590028
GH15.hmm	361	DFQ17|DFQ17_006318-T1	697	8.2e-82	2	360	313	689	0.991689750692521
GH15.hmm	361	DFQ17|DFQ17_007204-T1	1420	4.1e-15	4	208	36	264	0.565096952908587
GH15.hmm	361	DFQ17|DFQ17_011227-T1	1398	6.8e-15	4	178	16	217	0.481994459833795
GH16_19.hmm	174	DFQ17|DFQ17_001550-T1	383	1.3e-48	5	172	108	264	0.959770114942529
GH16_19.hmm	174	DFQ17|DFQ17_001733-T1	363	2.2e-59	3	174	117	285	0.982758620689655
GH16_19.hmm	174	DFQ17|DFQ17_002445-T1	394	1.2e-51	4	172	115	277	0.96551724137931
GH16_19.hmm	174	DFQ17|DFQ17_002447-T1	384	5e-48	6	172	109	267	0.954022988505747
GH16_19.hmm	174	DFQ17|DFQ17_004024-T1	868	2.7e-46	3	173	53	215	0.977011494252874
GH16_19.hmm	174	DFQ17|DFQ17_004683-T1	419	2.5e-59	3	174	151	320	0.982758620689655
GH16_19.hmm	174	DFQ17|DFQ17_007226-T1	373	6.8e-60	4	174	106	274	0.977011494252874
GH16_19.hmm	174	DFQ17|DFQ17_007676-T1	385	6e-46	2	174	106	270	0.988505747126437
GH16_19.hmm	174	DFQ17|DFQ17_007708-T1	274	6.5e-49	22	174	109	253	0.873563218390805
GH16_19.hmm	174	DFQ17|DFQ17_008727-T1	374	1.7e-44	6	174	109	266	0.96551724137931
GH16_19.hmm	174	DFQ17|DFQ17_008728-T1	360	1e-50	4	174	107	269	0.977011494252874
GH16_19.hmm	174	DFQ17|DFQ17_008729-T1	418	2.3e-51	6	174	142	302	0.96551724137931
GH16_19.hmm	174	DFQ17|DFQ17_010258-T1	293	7.7e-47	3	174	63	226	0.982758620689655
GH16_19.hmm	174	DFQ17|DFQ17_012364-T1	397	1.8e-53	3	172	117	280	0.971264367816092
GH16_19.hmm	174	DFQ17|DFQ17_013137-T1	381	3.1e-54	5	172	110	267	0.959770114942529
GH16_19.hmm	174	DFQ17|DFQ17_013182-T1	362	3e-47	6	172	110	268	0.954022988505747
GH16_2.hmm	326	DFQ17|DFQ17_000403-T1	487	1.1e-130	1	326	116	435	0.996932515337423
GH16_2.hmm	326	DFQ17|DFQ17_009850-T1	490	6.6e-131	1	326	116	438	0.996932515337423
GH16_2.hmm	326	DFQ17|DFQ17_010578-T1	488	9.8e-129	1	326	116	436	0.996932515337423
GH16_3.hmm	230	DFQ17|DFQ17_005607-T1	397	7.4e-70	1	230	127	395	0.995652173913044
GH16_3.hmm	230	DFQ17|DFQ17_013340-T1	295	1.1e-55	2	230	32	294	0.991304347826087
GH16_4.hmm	316	DFQ17|DFQ17_003218-T1	399	2.2e-109	1	316	53	393	0.996835443037975
GH16_4.hmm	316	DFQ17|DFQ17_006660-T1	380	6.5e-124	1	316	57	377	0.996835443037975
GH16_4.hmm	316	DFQ17|DFQ17_007968-T1	379	1.2e-123	1	316	56	376	0.996835443037975
GH17.hmm	311	DFQ17|DFQ17_000668-T1	339	4.2e-30	2	306	63	330	0.977491961414791
GH17.hmm	311	DFQ17|DFQ17_003441-T1	341	1.5e-29	11	302	80	328	0.935691318327974
GH17.hmm	311	DFQ17|DFQ17_004173-T1	345	1.7e-26	2	305	69	335	0.97427652733119
GH17.hmm	311	DFQ17|DFQ17_005836-T1	350	2.9e-31	12	301	90	336	0.929260450160772
GH17.hmm	311	DFQ17|DFQ17_006850-T1	419	5.7e-33	14	306	162	412	0.938906752411576
GH17.hmm	311	DFQ17|DFQ17_009132-T1	351	3.3e-20	1	305	78	343	0.977491961414791
GH17.hmm	311	DFQ17|DFQ17_010833-T1	317	2.6e-30	12	310	45	313	0.958199356913183
GH17.hmm	311	DFQ17|DFQ17_013068-T1	447	3.2e-31	11	306	194	447	0.948553054662379
GH18.hmm	296	DFQ17|DFQ17_000377-T1	431	5.3e-61	18	282	33	357	0.891891891891892
GH18.hmm	296	DFQ17|DFQ17_000912-T1	466	4.1e-54	2	285	30	395	0.956081081081081
GH18.hmm	296	DFQ17|DFQ17_001248-T1	463	7.4e-26	5	201	55	303	0.662162162162162
GH18.hmm	296	DFQ17|DFQ17_001596-T1	501	1.4e-74	4	282	21	361	0.939189189189189
GH18.hmm	296	DFQ17|DFQ17_001597-T1	655	1.4e-72	5	282	31	365	0.935810810810811
GH18.hmm	296	DFQ17|DFQ17_002802-T1	456	3.4e-25	4	199	39	286	0.658783783783784
GH18.hmm	296	DFQ17|DFQ17_002812-T1	484	4.3e-25	4	201	52	301	0.665540540540541
GH18.hmm	296	DFQ17|DFQ17_002909-T1	486	4.6e-75	3	285	25	366	0.952702702702703
GH18.hmm	296	DFQ17|DFQ17_003086-T1	432	1.8e-61	19	286	34	360	0.902027027027027
GH18.hmm	296	DFQ17|DFQ17_003486-T1	492	4e-76	5	284	28	364	0.942567567567568
GH18.hmm	296	DFQ17|DFQ17_003560-T1	387	1.5e-81	4	283	5	375	0.942567567567568
GH18.hmm	296	DFQ17|DFQ17_003956-T1	485	1e-68	4	286	105	458	0.952702702702703
GH18.hmm	296	DFQ17|DFQ17_004467-T1	568	3e-24	3	283	52	342	0.945945945945946
GH18.hmm	296	DFQ17|DFQ17_004752-T1	517	4.2e-75	2	284	21	404	0.952702702702703
GH18.hmm	296	DFQ17|DFQ17_005663-T1	515	8.7e-77	2	284	21	404	0.952702702702703
GH18.hmm	296	DFQ17|DFQ17_006167-T1	315	1.2e-17	3	204	18	242	0.679054054054054
GH18.hmm	296	DFQ17|DFQ17_006314-T1	440	2.5e-78	2	285	46	431	0.956081081081081
GH18.hmm	296	DFQ17|DFQ17_007566-T1	500	7.1e-76	3	284	44	384	0.949324324324324
GH18.hmm	296	DFQ17|DFQ17_007689-T1	486	5.6e-75	2	285	24	366	0.956081081081081
GH18.hmm	296	DFQ17|DFQ17_007697-T1	550	2.4e-74	3	284	53	437	0.949324324324324
GH18.hmm	296	DFQ17|DFQ17_007712-T1	450	7.5e-17	5	201	30	259	0.662162162162162
GH18.hmm	296	DFQ17|DFQ17_008100-T1	430	1.7e-24	3	282	25	302	0.942567567567568
GH18.hmm	296	DFQ17|DFQ17_008626-T1	494	2.3e-56	5	285	39	411	0.945945945945946
GH18.hmm	296	DFQ17|DFQ17_008820-T1	501	6.3e-74	5	282	28	363	0.935810810810811
GH18.hmm	296	DFQ17|DFQ17_008822-T1	484	2.6e-74	5	282	134	469	0.935810810810811
GH18.hmm	296	DFQ17|DFQ17_009829-T1	553	8.4e-21	3	198	29	274	0.658783783783784
GH18.hmm	296	DFQ17|DFQ17_009856-T1	485	2.8e-24	3	270	43	286	0.902027027027027
GH18.hmm	296	DFQ17|DFQ17_010591-T1	295	1.5e-46	99	286	30	251	0.631756756756757
GH18.hmm	296	DFQ17|DFQ17_010953-T1	444	5.1e-23	3	279	39	313	0.932432432432432
GH18.hmm	296	DFQ17|DFQ17_011334-T1	433	4.8e-26	4	199	33	280	0.658783783783784
GH18.hmm	296	DFQ17|DFQ17_011686-T1	424	3.3e-79	2	284	32	414	0.952702702702703
GH18.hmm	296	DFQ17|DFQ17_011833-T1	330	6.8e-19	3	204	34	257	0.679054054054054
GH18.hmm	296	DFQ17|DFQ17_012617-T1	504	1.6e-78	2	284	21	405	0.952702702702703
GH18.hmm	296	DFQ17|DFQ17_012950-T1	518	2.2e-78	2	284	21	405	0.952702702702703
GH18.hmm	296	DFQ17|DFQ17_013161-T1	460	3.1e-76	3	285	25	365	0.952702702702703
GH18.hmm	296	DFQ17|DFQ17_013260-T1	402	3.1e-24	3	224	21	253	0.746621621621622
GH18.hmm	296	DFQ17|DFQ17_014784-T1	208	2.2e-31	2	134	21	197	0.445945945945946
GH20.hmm	337	DFQ17|DFQ17_000889-T1	1090	5e-98	6	336	702	1040	0.979228486646884
GH20.hmm	337	DFQ17|DFQ17_000889-T1	1090	8.3e-97	7	336	172	509	0.976261127596439
GH20.hmm	337	DFQ17|DFQ17_001763-T1	661	2.7e-90	6	336	272	611	0.979228486646884
GH20.hmm	337	DFQ17|DFQ17_006366-T1	644	5.3e-100	7	336	257	594	0.976261127596439
GH20.hmm	337	DFQ17|DFQ17_009105-T1	468	2e-32	9	312	167	464	0.899109792284866
GH20.hmm	337	DFQ17|DFQ17_009660-T1	565	6.5e-101	6	336	160	500	0.979228486646884
GH20.hmm	337	DFQ17|DFQ17_010923-T1	565	3.1e-100	7	336	161	500	0.976261127596439
GH20.hmm	337	DFQ17|DFQ17_013052-T1	490	1.7e-91	3	336	98	440	0.98813056379822
GH20.hmm	337	DFQ17|DFQ17_013555-T1	568	1.3e-97	7	336	165	503	0.976261127596439
GH24.hmm	137	DFQ17|DFQ17_000709-T1	171	3.7e-28	3	137	25	159	0.978102189781022
GH24.hmm	137	DFQ17|DFQ17_002040-T1	169	1.1e-41	2	137	24	159	0.985401459854015
GH24.hmm	137	DFQ17|DFQ17_003744-T1	184	5.8e-39	1	137	38	174	0.992700729927007
GH24.hmm	137	DFQ17|DFQ17_003911-T1	169	9.4e-41	1	137	23	159	0.992700729927007
GH24.hmm	137	DFQ17|DFQ17_003912-T1	117	1.1e-14	75	137	47	107	0.452554744525547
GH24.hmm	137	DFQ17|DFQ17_008162-T1	153	8.2e-34	2	137	5	143	0.985401459854015
GH24.hmm	137	DFQ17|DFQ17_010236-T1	179	3.3e-34	3	137	33	170	0.978102189781022
GH31.hmm	427	DFQ17|DFQ17_000767-T1	852	2e-146	3	427	248	730	0.992974238875878
GH31.hmm	427	DFQ17|DFQ17_000769-T1	867	3e-147	3	427	251	733	0.992974238875878
GH31.hmm	427	DFQ17|DFQ17_001922-T1	723	3.5e-70	197	427	350	583	0.53864168618267
GH31.hmm	427	DFQ17|DFQ17_003019-T1	722	1.5e-70	197	427	350	583	0.53864168618267
GH31.hmm	427	DFQ17|DFQ17_003600-T1	323	4.9e-63	251	425	1	175	0.407494145199063
GH31.hmm	427	DFQ17|DFQ17_006816-T1	861	1.4e-142	3	427	247	729	0.992974238875878
GH31.hmm	427	DFQ17|DFQ17_010319-T1	882	3.1e-150	3	427	244	738	0.992974238875878
GH31.hmm	427	DFQ17|DFQ17_010666-T1	928	1.3e-150	2	426	337	781	0.992974238875878
GH31.hmm	427	DFQ17|DFQ17_010697-T1	724	6.5e-70	197	427	351	584	0.53864168618267
GH31.hmm	427	DFQ17|DFQ17_011792-T1	727	4.5e-62	200	427	361	590	0.531615925058548
GH31.hmm	427	DFQ17|DFQ17_014886-T1	173	8.1e-44	83	235	1	173	0.355971896955504
GH35.hmm	307	DFQ17|DFQ17_006968-T1	914	1.4e-16	15	181	5	177	0.54071661237785
GH35.hmm	307	DFQ17|DFQ17_010397-T1	890	5.6e-12	35	181	2	153	0.47557003257329
GH35.hmm	307	DFQ17|DFQ17_014485-T1	394	1.4e-77	1	243	41	285	0.788273615635179
GH37.hmm	491	DFQ17|DFQ17_001380-T1	639	1.1e-142	1	490	61	622	0.995926680244399
GH37.hmm	491	DFQ17|DFQ17_004649-T1	639	4.7e-145	1	490	61	622	0.995926680244399
GH37.hmm	491	DFQ17|DFQ17_007152-T1	979	1.7e-143	4	490	164	720	0.989816700610998
GH37.hmm	491	DFQ17|DFQ17_010568-T1	975	7.8e-143	4	490	162	718	0.989816700610998
GH38.hmm	269	DFQ17|DFQ17_003789-T1	1082	1.3e-82	2	255	270	522	0.940520446096654
GH38.hmm	269	DFQ17|DFQ17_004079-T1	1195	2.7e-84	2	255	387	639	0.940520446096654
GH3.hmm	216	DFQ17|DFQ17_000160-T1	780	6.7e-56	4	215	127	356	0.976851851851852
GH3.hmm	216	DFQ17|DFQ17_000278-T1	755	7.7e-57	3	208	104	328	0.949074074074074
GH3.hmm	216	DFQ17|DFQ17_009975-T1	780	1.8e-57	3	215	126	356	0.981481481481482
GH47.hmm	446	DFQ17|DFQ17_001141-T1	459	2.6e-115	48	445	1	377	0.890134529147982
GH47.hmm	446	DFQ17|DFQ17_001259-T1	261	5.5e-32	252	445	11	185	0.432735426008969
GH47.hmm	446	DFQ17|DFQ17_001260-T1	187	3.3e-34	1	164	16	187	0.365470852017937
GH47.hmm	446	DFQ17|DFQ17_001389-T1	555	1e-158	1	446	98	553	0.997757847533632
GH47.hmm	446	DFQ17|DFQ17_002684-T1	488	1.5e-123	2	446	60	486	0.995515695067265
GH47.hmm	446	DFQ17|DFQ17_003261-T1	482	3.2e-141	2	446	50	480	0.995515695067265
GH47.hmm	446	DFQ17|DFQ17_007849-T1	488	2.9e-119	2	446	60	486	0.995515695067265
GH47.hmm	446	DFQ17|DFQ17_009611-T1	481	2e-123	2	446	49	479	0.995515695067265
GH47.hmm	446	DFQ17|DFQ17_011243-T1	499	3.2e-131	1	409	79	499	0.914798206278027
GH47.hmm	446	DFQ17|DFQ17_012258-T1	265	1.8e-53	198	436	1	231	0.533632286995516
GH5_12.hmm	539	DFQ17|DFQ17_002693-T1	1361	3.4e-174	1	539	646	1154	0.998144712430427
GH5_12.hmm	539	DFQ17|DFQ17_004640-T1	388	4.3e-44	359	539	3	181	0.333951762523191
GH5_12.hmm	539	DFQ17|DFQ17_006578-T1	751	3.7e-187	3	539	24	555	0.99443413729128
GH5_12.hmm	539	DFQ17|DFQ17_006703-T1	751	4.4e-190	3	539	24	555	0.99443413729128
GH5_2.hmm	237	DFQ17|DFQ17_008864-T1	1052	8.8e-07	7	125	394	527	0.49789029535865
GH5_9.hmm	303	DFQ17|DFQ17_000730-T1	534	1.4e-97	1	303	185	503	0.996699669966997
GH5_9.hmm	303	DFQ17|DFQ17_001388-T1	499	7.7e-106	1	303	149	463	0.996699669966997
GH5_9.hmm	303	DFQ17|DFQ17_004276-T1	534	6.2e-97	1	303	184	503	0.996699669966997
GH5_9.hmm	303	DFQ17|DFQ17_004980-T1	459	3.6e-81	1	303	59	340	0.996699669966997
GH5_9.hmm	303	DFQ17|DFQ17_006561-T1	419	1.5e-104	1	303	83	388	0.996699669966997
GH5_9.hmm	303	DFQ17|DFQ17_009077-T1	484	1.5e-108	1	303	147	453	0.996699669966997
GH5_9.hmm	303	DFQ17|DFQ17_011242-T1	525	2.2e-107	1	303	175	489	0.996699669966997
GH63.hmm	570	DFQ17|DFQ17_006310-T1	820	9.6e-27	291	567	569	818	0.484210526315789
GH72.hmm	312	DFQ17|DFQ17_000721-T1	502	2.3e-116	4	311	17	320	0.983974358974359
GH72.hmm	312	DFQ17|DFQ17_002195-T1	487	2.5e-47	6	294	24	291	0.923076923076923
GH72.hmm	312	DFQ17|DFQ17_004657-T1	500	8.6e-114	5	311	21	322	0.980769230769231
GH72.hmm	312	DFQ17|DFQ17_009449-T1	494	3.5e-46	6	293	24	290	0.919871794871795
GH72.hmm	312	DFQ17|DFQ17_010231-T1	533	1.2e-122	4	311	18	317	0.983974358974359
GH72.hmm	312	DFQ17|DFQ17_010237-T1	496	1.5e-114	5	311	18	318	0.980769230769231
GH72.hmm	312	DFQ17|DFQ17_011884-T1	511	3.1e-113	5	310	14	314	0.977564102564103
GH72.hmm	312	DFQ17|DFQ17_011937-T1	504	2.3e-117	4	311	17	320	0.983974358974359
GH72.hmm	312	DFQ17|DFQ17_012824-T1	517	9.5e-111	5	310	18	318	0.977564102564103
GH72.hmm	312	DFQ17|DFQ17_013044-T1	533	1.8e-121	4	311	18	317	0.983974358974359
GH74.hmm	233	DFQ17|DFQ17_009670-T1	2209	0.00031	39	112	470	536	0.313304721030043
GH74.hmm	233	DFQ17|DFQ17_009670-T1	2209	0.00092	39	111	1834	1899	0.309012875536481
GH74.hmm	233	DFQ17|DFQ17_009670-T1	2209	9.9e-11	26	167	61	198	0.605150214592275
GH74.hmm	233	DFQ17|DFQ17_011764-T1	2210	3.4e-10	26	157	61	187	0.562231759656652
GH81.hmm	622	DFQ17|DFQ17_002747-T1	712	1.5e-173	14	622	82	707	0.977491961414791
GH81.hmm	622	DFQ17|DFQ17_006718-T1	715	2.2e-174	15	622	86	710	0.97588424437299
GH81.hmm	622	DFQ17|DFQ17_009532-T1	703	1.6e-175	7	622	74	698	0.988745980707395
GH81.hmm	622	DFQ17|DFQ17_012657-T1	703	2e-178	9	622	76	698	0.985530546623794
GT15.hmm	273	DFQ17|DFQ17_002178-T1	378	8.7e-119	1	272	65	337	0.992673992673993
GT15.hmm	273	DFQ17|DFQ17_006230-T1	345	1.8e-92	1	236	64	299	0.860805860805861
GT15.hmm	273	DFQ17|DFQ17_006359-T1	413	3.5e-122	1	272	98	371	0.992673992673993
GT15.hmm	273	DFQ17|DFQ17_006650-T1	398	3e-85	1	269	81	353	0.981684981684982
GT15.hmm	273	DFQ17|DFQ17_007962-T1	344	4.7e-62	66	270	92	300	0.747252747252747
GT15.hmm	273	DFQ17|DFQ17_008143-T1	361	6.1e-109	1	272	45	316	0.992673992673993
GT15.hmm	273	DFQ17|DFQ17_008522-T1	434	2.1e-121	1	272	119	392	0.992673992673993
GT15.hmm	273	DFQ17|DFQ17_009683-T1	392	1.6e-97	2	272	44	333	0.989010989010989
GT15.hmm	273	DFQ17|DFQ17_010383-T1	431	2.4e-115	1	272	110	382	0.992673992673993
GT15.hmm	273	DFQ17|DFQ17_011761-T1	270	5.6e-65	1	158	111	268	0.575091575091575
GT15.hmm	273	DFQ17|DFQ17_012497-T1	361	1.2e-119	1	272	60	332	0.992673992673993
GT1.hmm	382	DFQ17|DFQ17_000295-T1	562	2.1e-26	220	352	269	446	0.345549738219895
GT1.hmm	382	DFQ17|DFQ17_000302-T1	584	2.9e-26	99	352	151	466	0.662303664921466
GT1.hmm	382	DFQ17|DFQ17_000574-T1	565	2.6e-27	126	351	171	446	0.589005235602094
GT1.hmm	382	DFQ17|DFQ17_000722-T1	592	6.7e-20	187	328	245	431	0.369109947643979
GT1.hmm	382	DFQ17|DFQ17_001334-T1	591	1.9e-27	214	351	295	477	0.358638743455497
GT1.hmm	382	DFQ17|DFQ17_001335-T1	496	5.4e-31	197	352	254	442	0.405759162303665
GT1.hmm	382	DFQ17|DFQ17_001353-T1	652	7e-17	220	350	329	513	0.340314136125654
GT1.hmm	382	DFQ17|DFQ17_001472-T1	560	1.7e-25	214	352	274	445	0.361256544502618
GT1.hmm	382	DFQ17|DFQ17_001964-T1	566	4e-21	195	352	221	409	0.410994764397906
GT1.hmm	382	DFQ17|DFQ17_002205-T1	558	2.8e-25	220	351	268	444	0.342931937172775
GT1.hmm	382	DFQ17|DFQ17_002206-T1	558	5.4e-24	222	351	278	444	0.337696335078534
GT1.hmm	382	DFQ17|DFQ17_003286-T1	522	3.9e-28	220	350	232	406	0.340314136125654
GT1.hmm	382	DFQ17|DFQ17_003995-T1	498	8.6e-21	91	349	110	402	0.675392670157068
GT1.hmm	382	DFQ17|DFQ17_004563-T1	532	1.8e-20	228	350	301	459	0.319371727748691
GT1.hmm	382	DFQ17|DFQ17_005351-T1	563	2.8e-26	220	352	267	448	0.345549738219895
GT1.hmm	382	DFQ17|DFQ17_005436-T1	563	2.9e-16	175	322	228	420	0.384816753926702
GT1.hmm	382	DFQ17|DFQ17_005594-T1	556	8.3e-30	174	352	220	443	0.465968586387435
GT1.hmm	382	DFQ17|DFQ17_005630-T1	561	1e-28	221	353	277	446	0.345549738219895
GT1.hmm	382	DFQ17|DFQ17_005672-T1	560	1.6e-27	220	352	262	444	0.345549738219895
GT1.hmm	382	DFQ17|DFQ17_005673-T1	513	1.3e-25	220	352	216	398	0.345549738219895
GT1.hmm	382	DFQ17|DFQ17_005674-T1	511	4.5e-27	191	352	202	396	0.421465968586387
GT1.hmm	382	DFQ17|DFQ17_005675-T1	565	4.7e-27	221	352	279	447	0.342931937172775
GT1.hmm	382	DFQ17|DFQ17_005710-T1	635	4.2e-26	101	352	153	466	0.657068062827225
GT1.hmm	382	DFQ17|DFQ17_005953-T1	496	1.2e-17	197	334	233	403	0.358638743455497
GT1.hmm	382	DFQ17|DFQ17_006363-T1	1240	8.5e-54	4	378	774	1181	0.979057591623037
GT1.hmm	382	DFQ17|DFQ17_007679-T1	1227	6.5e-56	4	377	761	1167	0.976439790575916
GT1.hmm	382	DFQ17|DFQ17_009318-T1	520	8.8e-17	197	342	244	399	0.379581151832461
GT1.hmm	382	DFQ17|DFQ17_009742-T1	562	1.1e-27	223	351	281	446	0.335078534031414
GT1.hmm	382	DFQ17|DFQ17_009762-T1	493	9.5e-25	192	353	218	410	0.421465968586387
GT1.hmm	382	DFQ17|DFQ17_010089-T1	549	5.6e-27	220	352	256	433	0.345549738219895
GT1.hmm	382	DFQ17|DFQ17_011352-T1	566	6.4e-22	183	327	219	408	0.37696335078534
GT1.hmm	382	DFQ17|DFQ17_011466-T1	566	2.4e-21	204	330	240	411	0.329842931937173
GT1.hmm	382	DFQ17|DFQ17_011670-T1	565	1.5e-20	224	351	287	453	0.332460732984293
GT20.hmm	475	DFQ17|DFQ17_000340-T1	505	3.6e-191	10	473	37	502	0.974736842105263
GT20.hmm	475	DFQ17|DFQ17_000500-T1	471	4.1e-193	11	474	5	469	0.974736842105263
GT20.hmm	475	DFQ17|DFQ17_002220-T1	795	2.3e-157	12	474	37	511	0.972631578947368
GT20.hmm	475	DFQ17|DFQ17_004346-T1	807	4.1e-158	12	474	49	523	0.972631578947368
GT21.hmm	233	DFQ17|DFQ17_004325-T1	509	2.5e-88	1	233	63	295	0.995708154506438
GT21.hmm	233	DFQ17|DFQ17_006408-T1	477	9.5e-86	1	233	30	262	0.995708154506438
GT21.hmm	233	DFQ17|DFQ17_006461-T1	501	3.8e-89	1	233	56	287	0.995708154506438
GT21.hmm	233	DFQ17|DFQ17_008222-T1	501	1.3e-85	1	233	61	292	0.995708154506438
GT21.hmm	233	DFQ17|DFQ17_010317-T1	479	8.4e-88	1	233	34	265	0.995708154506438
GT22.hmm	389	DFQ17|DFQ17_003125-T1	527	3.4e-53	4	378	8	386	0.961439588688946
GT22.hmm	389	DFQ17|DFQ17_004014-T1	603	8.8e-71	2	389	54	484	0.994858611825193
GT22.hmm	389	DFQ17|DFQ17_009859-T1	331	2.1e-41	8	356	2	295	0.894601542416452
GT24.hmm	248	DFQ17|DFQ17_009771-T1	1459	2.4e-126	1	248	1173	1420	0.995967741935484
GT28.hmm	157	DFQ17|DFQ17_007407-T1	173	6.8e-11	29	125	37	140	0.611464968152866
GT2_Chitin_synth_1.hmm	163	DFQ17|DFQ17_002993-T1	820	5.3e-79	1	163	149	311	0.993865030674847
GT2_Chitin_synth_1.hmm	163	DFQ17|DFQ17_007745-T1	821	7e-79	1	163	149	311	0.993865030674847
GT2_Chitin_synth_1.hmm	163	DFQ17|DFQ17_010756-T1	818	5.1e-77	1	163	148	309	0.993865030674847
GT2_Chitin_synth_2.hmm	527	DFQ17|DFQ17_000016-T1	1278	8.1e-267	19	527	575	1093	0.963946869070209
GT2_Chitin_synth_2.hmm	527	DFQ17|DFQ17_000441-T1	1190	1.1e-81	24	491	361	800	0.886148007590133
GT2_Chitin_synth_2.hmm	527	DFQ17|DFQ17_000927-T1	1870	7e-233	4	527	1148	1655	0.992409867172676
GT2_Chitin_synth_2.hmm	527	DFQ17|DFQ17_001625-T1	1819	2.7e-229	5	526	1141	1649	0.988614800759013
GT2_Chitin_synth_2.hmm	527	DFQ17|DFQ17_002704-T1	1286	2.1e-265	19	527	583	1101	0.963946869070209
GT2_Chitin_synth_2.hmm	527	DFQ17|DFQ17_002993-T1	820	4.3e-22	204	374	289	464	0.32258064516129
GT2_Chitin_synth_2.hmm	527	DFQ17|DFQ17_003237-T1	867	8.5e-26	203	524	313	621	0.609108159392789
GT2_Chitin_synth_2.hmm	527	DFQ17|DFQ17_003998-T1	1686	3.4e-234	17	526	844	1345	0.96584440227704
GT2_Chitin_synth_2.hmm	527	DFQ17|DFQ17_004224-T1	978	1.2e-250	18	526	365	863	0.963946869070209
GT2_Chitin_synth_2.hmm	527	DFQ17|DFQ17_005097-T1	1256	2.8e-21	22	390	432	808	0.698292220113852
GT2_Chitin_synth_2.hmm	527	DFQ17|DFQ17_005420-T1	1875	8.7e-232	4	527	1148	1655	0.992409867172676
GT2_Chitin_synth_2.hmm	527	DFQ17|DFQ17_005731-T1	805	2.9e-21	204	494	315	591	0.550284629981025
GT2_Chitin_synth_2.hmm	527	DFQ17|DFQ17_006384-T1	603	1.5e-87	345	526	1	183	0.343453510436433
GT2_Chitin_synth_2.hmm	527	DFQ17|DFQ17_007641-T1	1244	1.1e-280	15	527	665	1176	0.971537001897533
GT2_Chitin_synth_2.hmm	527	DFQ17|DFQ17_007745-T1	821	2.3e-22	204	374	289	464	0.32258064516129
GT2_Chitin_synth_2.hmm	527	DFQ17|DFQ17_008047-T1	1231	6.4e-281	15	527	653	1164	0.971537001897533
GT2_Chitin_synth_2.hmm	527	DFQ17|DFQ17_008228-T1	894	2.4e-25	203	524	340	648	0.609108159392789
GT2_Chitin_synth_2.hmm	527	DFQ17|DFQ17_009941-T1	425	2.3e-126	254	526	17	283	0.516129032258065
GT2_Chitin_synth_2.hmm	527	DFQ17|DFQ17_010722-T1	987	2.5e-250	20	526	384	880	0.960151802656547
GT2_Chitin_synth_2.hmm	527	DFQ17|DFQ17_010747-T1	986	3.4e-252	20	526	384	880	0.960151802656547
GT2_Chitin_synth_2.hmm	527	DFQ17|DFQ17_010756-T1	818	1.7e-21	204	374	287	462	0.32258064516129
GT2_Chitin_synth_2.hmm	527	DFQ17|DFQ17_010898-T1	872	1.1e-233	16	526	20	522	0.967741935483871
GT2_Chitin_synth_2.hmm	527	DFQ17|DFQ17_011372-T1	965	1.7e-16	19	228	404	610	0.396584440227704
GT2_Chitin_synth_2.hmm	527	DFQ17|DFQ17_012296-T1	466	3.6e-114	251	526	1	253	0.521821631878558
GT2_Chitin_synth_2.hmm	527	DFQ17|DFQ17_013104-T1	470	9.8e-151	207	526	1	314	0.605313092979127
GT2_Chitin_synth_2.hmm	527	DFQ17|DFQ17_013824-T1	481	2.1e-103	283	527	1	244	0.462998102466793
GT2_Chitin_synth_2.hmm	527	DFQ17|DFQ17_014084-T1	637	6.7e-193	112	527	1	404	0.787476280834915
GT2_Glycos_transf_2.hmm	170	DFQ17|DFQ17_000237-T1	237	2.3e-35	1	169	5	175	0.988235294117647
GT2_Glycos_transf_2.hmm	170	DFQ17|DFQ17_005434-T1	315	4e-25	1	170	61	244	0.994117647058824
GT2_Glycos_transf_2.hmm	170	DFQ17|DFQ17_009361-T1	237	3.3e-34	1	169	5	175	0.988235294117647
GT2_Glycos_transf_2.hmm	170	DFQ17|DFQ17_010694-T1	316	3.1e-26	1	170	61	244	0.994117647058824
GT2_Glycos_transf_2.hmm	170	DFQ17|DFQ17_013388-T1	242	0.00021	3	61	60	116	0.341176470588235
GT2_Glyco_trans_2_3.hmm	197	DFQ17|DFQ17_000507-T1	807	5.4e-21	3	196	317	541	0.979695431472081
GT32.hmm	90	DFQ17|DFQ17_004264-T1	828	3.7e-21	9	87	54	127	0.866666666666667
GT32.hmm	90	DFQ17|DFQ17_006194-T1	299	9.9e-18	9	86	71	143	0.855555555555556
GT32.hmm	90	DFQ17|DFQ17_006856-T1	286	2.8e-18	8	87	70	144	0.877777777777778
GT32.hmm	90	DFQ17|DFQ17_011690-T1	291	8.9e-20	8	86	70	143	0.866666666666667
GT32.hmm	90	DFQ17|DFQ17_012855-T1	289	8.3e-22	7	87	69	144	0.888888888888889
GT32.hmm	90	DFQ17|DFQ17_013552-T1	292	2e-19	6	86	70	145	0.888888888888889
GT32.hmm	90	DFQ17|DFQ17_013589-T1	275	6.6e-21	5	87	66	144	0.911111111111111
GT32.hmm	90	DFQ17|DFQ17_013675-T1	292	1.6e-19	8	86	70	143	0.866666666666667
GT32.hmm	90	DFQ17|DFQ17_014077-T1	289	1.4e-21	7	87	69	144	0.888888888888889
GT33.hmm	425	DFQ17|DFQ17_008856-T1	446	4.7e-142	3	423	2	441	0.988235294117647
GT33.hmm	425	DFQ17|DFQ17_009255-T1	445	2.9e-142	3	423	2	440	0.988235294117647
GT35.hmm	674	DFQ17|DFQ17_008359-T1	903	1.2e-270	3	673	164	879	0.99406528189911
GT35.hmm	674	DFQ17|DFQ17_011251-T1	916	1.8e-268	3	673	177	892	0.99406528189911
GT39.hmm	223	DFQ17|DFQ17_002807-T1	717	1.1e-50	2	223	63	281	0.991031390134529
GT39.hmm	223	DFQ17|DFQ17_004405-T1	821	9.4e-50	10	223	53	264	0.955156950672646
GT39.hmm	223	DFQ17|DFQ17_004565-T1	751	2.7e-62	25	223	89	302	0.887892376681614
GT39.hmm	223	DFQ17|DFQ17_005631-T1	939	1.5e-67	2	223	79	317	0.991031390134529
GT39.hmm	223	DFQ17|DFQ17_005676-T1	940	1.4e-67	2	223	79	317	0.991031390134529
GT39.hmm	223	DFQ17|DFQ17_010168-T1	859	1.1e-68	2	223	61	302	0.991031390134529
GT39.hmm	223	DFQ17|DFQ17_010427-T1	773	1.5e-59	2	223	93	332	0.991031390134529
GT39.hmm	223	DFQ17|DFQ17_013823-T1	784	5e-71	2	223	91	327	0.991031390134529
GT3.hmm	637	DFQ17|DFQ17_000528-T1	697	9.8e-295	1	623	17	635	0.976452119309262
GT3.hmm	637	DFQ17|DFQ17_004769-T1	695	1e-296	1	623	17	633	0.976452119309262
GT41.hmm	705	DFQ17|DFQ17_007874-T1	1255	3.9e-51	307	569	813	1167	0.371631205673759
GT41.hmm	705	DFQ17|DFQ17_012128-T1	374	4e-47	329	562	7	280	0.330496453900709
GT48.hmm	739	DFQ17|DFQ17_002339-T1	1973	9.1e-293	1	725	887	1667	0.979702300405954
GT48.hmm	739	DFQ17|DFQ17_005103-T1	1849	8.8e-284	1	725	814	1596	0.979702300405954
GT48.hmm	739	DFQ17|DFQ17_006789-T1	2268	8.4e-291	3	725	921	1698	0.976995940460081
GT48.hmm	739	DFQ17|DFQ17_008336-T1	1976	1.2e-293	3	725	922	1699	0.976995940460081
GT48.hmm	739	DFQ17|DFQ17_010445-T1	1381	6.3e-217	1	448	885	1381	0.604871447902571
GT48.hmm	739	DFQ17|DFQ17_011060-T1	592	1.7e-66	449	725	1	284	0.373477672530447
GT4.hmm	160	DFQ17|DFQ17_002053-T1	475	8.5e-20	11	151	277	433	0.875
GT4.hmm	160	DFQ17|DFQ17_003274-T1	420	1.8e-24	9	145	186	309	0.85
GT4.hmm	160	DFQ17|DFQ17_003275-T1	410	3.8e-19	9	139	183	300	0.8125
GT4.hmm	160	DFQ17|DFQ17_003277-T1	421	2e-21	9	146	188	312	0.85625
GT4.hmm	160	DFQ17|DFQ17_004481-T1	475	3.4e-22	12	150	278	432	0.8625
GT4.hmm	160	DFQ17|DFQ17_005041-T1	422	3.4e-21	8	143	192	314	0.84375
GT4.hmm	160	DFQ17|DFQ17_005042-T1	415	2.4e-22	8	147	185	311	0.86875
GT4.hmm	160	DFQ17|DFQ17_005043-T1	425	3.3e-22	8	145	195	319	0.85625
GT4.hmm	160	DFQ17|DFQ17_005047-T1	414	2.7e-22	9	150	187	313	0.88125
GT4.hmm	160	DFQ17|DFQ17_005815-T1	455	3e-33	6	158	207	386	0.95
GT4.hmm	160	DFQ17|DFQ17_006020-T1	394	1.6e-21	8	136	163	283	0.8
GT4.hmm	160	DFQ17|DFQ17_009263-T1	363	2.3e-34	3	124	109	230	0.75625
GT50.hmm	262	DFQ17|DFQ17_007425-T1	420	5.6e-72	1	262	127	404	0.99618320610687
GT57.hmm	481	DFQ17|DFQ17_000976-T1	576	7.7e-65	146	465	1	284	0.663201663201663
GT57.hmm	481	DFQ17|DFQ17_010294-T1	498	7.3e-108	4	479	52	479	0.987525987525988
GT57.hmm	481	DFQ17|DFQ17_010626-T1	430	3e-116	40	480	2	423	0.914760914760915
GT58.hmm	364	DFQ17|DFQ17_009343-T1	404	1e-109	15	364	33	375	0.958791208791209
GT66.hmm	693	DFQ17|DFQ17_001004-T1	730	1.4e-183	10	599	14	658	0.84992784992785
GT66.hmm	693	DFQ17|DFQ17_002104-T1	730	1.4e-184	10	600	14	659	0.851370851370851
GT69.hmm	239	DFQ17|DFQ17_007103-T1	335	1.3e-42	2	231	26	282	0.9581589958159
GT8.hmm	257	DFQ17|DFQ17_000736-T1	344	4.1e-40	18	256	9	306	0.926070038910506
