AA11.hmm	191	DFQ18|DFQ18_000109-T1	206	1.1e-37	13	164	41	181	0.790575916230366
AA11.hmm	191	DFQ18|DFQ18_000814-T1	208	2.3e-37	12	163	42	182	0.790575916230366
AA11.hmm	191	DFQ18|DFQ18_000818-T1	190	7.6e-37	18	164	30	165	0.764397905759162
AA11.hmm	191	DFQ18|DFQ18_001641-T1	303	3.7e-45	11	173	41	188	0.848167539267016
AA11.hmm	191	DFQ18|DFQ18_001642-T1	309	2.2e-46	1	172	19	183	0.895287958115183
AA11.hmm	191	DFQ18|DFQ18_001850-T1	280	0.00098	80	154	144	222	0.387434554973822
AA11.hmm	191	DFQ18|DFQ18_002891-T1	206	1.8e-37	14	164	42	181	0.785340314136126
AA11.hmm	191	DFQ18|DFQ18_003795-T1	219	7.6e-35	12	163	52	193	0.790575916230366
AA11.hmm	191	DFQ18|DFQ18_005136-T1	307	3.3e-46	1	173	19	184	0.900523560209424
AA11.hmm	191	DFQ18|DFQ18_005137-T1	361	5.2e-45	11	175	99	248	0.858638743455497
AA11.hmm	191	DFQ18|DFQ18_005139-T1	308	8.9e-43	12	163	42	177	0.790575916230366
AA11.hmm	191	DFQ18|DFQ18_005841-T1	225	5.3e-07	40	168	38	192	0.670157068062827
AA11.hmm	191	DFQ18|DFQ18_006063-T1	327	1.7e-44	12	163	44	177	0.790575916230366
AA11.hmm	191	DFQ18|DFQ18_007121-T1	162	7.1e-33	26	163	5	128	0.717277486910995
AA11.hmm	191	DFQ18|DFQ18_008274-T1	340	1.6e-33	13	163	22	163	0.785340314136126
AA11.hmm	191	DFQ18|DFQ18_008785-T1	208	2e-35	15	163	44	182	0.774869109947644
AA11.hmm	191	DFQ18|DFQ18_008846-T1	211	1.2e-33	13	163	42	185	0.785340314136126
AA11.hmm	191	DFQ18|DFQ18_008990-T1	343	0.0007	92	161	147	224	0.361256544502618
AA11.hmm	191	DFQ18|DFQ18_009412-T1	207	1.8e-37	12	163	41	181	0.790575916230366
AA11.hmm	191	DFQ18|DFQ18_009565-T1	208	3.7e-35	15	163	44	182	0.774869109947644
AA11.hmm	191	DFQ18|DFQ18_009812-T1	194	5.1e-36	13	165	23	167	0.795811518324607
AA11.hmm	191	DFQ18|DFQ18_011287-T1	223	8.5e-15	102	163	11	71	0.319371727748691
AA11.hmm	191	DFQ18|DFQ18_012299-T1	208	8.1e-35	12	163	41	182	0.790575916230366
AA11.hmm	191	DFQ18|DFQ18_012527-T1	165	7.4e-36	11	144	43	163	0.696335078534031
AA11.hmm	191	DFQ18|DFQ18_012612-T1	211	1e-33	13	163	42	185	0.785340314136126
AA11.hmm	191	DFQ18|DFQ18_012780-T1	102	2.2e-12	12	76	41	102	0.335078534031414
AA11.hmm	191	DFQ18|DFQ18_012788-T1	226	4.3e-07	24	143	44	187	0.62303664921466
AA11.hmm	191	DFQ18|DFQ18_013046-T1	149	7.3e-26	17	130	45	149	0.591623036649215
AA1_2.hmm	337	DFQ18|DFQ18_003310-T1	490	4.6e-45	39	286	1	269	0.732937685459941
AA1_2.hmm	337	DFQ18|DFQ18_013946-T1	231	7e-32	69	261	3	214	0.56973293768546
AA15.hmm	193	DFQ18|DFQ18_006154-T1	308	3.3e-06	67	172	36	144	0.544041450777202
AA1.hmm	943	DFQ18|DFQ18_006021-T1	559	8.6e-72	452	736	38	344	0.301166489925769
AA1.hmm	943	DFQ18|DFQ18_006369-T1	530	2.5e-71	452	742	19	324	0.307529162248144
AA1.hmm	943	DFQ18|DFQ18_011505-T1	561	1.3e-68	451	737	37	345	0.303287380699894
AA2.hmm	255	DFQ18|DFQ18_002082-T1	178	9.1e-35	84	253	1	170	0.662745098039216
AA2.hmm	255	DFQ18|DFQ18_007797-T1	269	5.6e-49	15	253	24	261	0.933333333333333
AA2.hmm	255	DFQ18|DFQ18_011600-T1	370	1.3e-60	14	253	114	353	0.937254901960784
AA2.hmm	255	DFQ18|DFQ18_014446-T1	199	2.5e-44	14	182	31	199	0.658823529411765
AA3_2.hmm	568	DFQ18|DFQ18_002686-T1	644	6.8e-93	2	568	38	609	0.996478873239437
AA3_2.hmm	568	DFQ18|DFQ18_002827-T1	644	7e-88	1	568	36	608	0.998239436619718
AA3_2.hmm	568	DFQ18|DFQ18_006814-T1	644	2.2e-91	2	568	38	609	0.996478873239437
AA3_2.hmm	568	DFQ18|DFQ18_009859-T1	752	1.1e-91	3	568	43	613	0.994718309859155
AA3_2.hmm	568	DFQ18|DFQ18_010627-T1	629	1.1e-97	2	566	34	623	0.992957746478873
AA3_2.hmm	568	DFQ18|DFQ18_011241-T1	747	3e-92	3	568	43	612	0.994718309859155
AA4.hmm	522	DFQ18|DFQ18_003112-T1	516	1.3e-18	18	191	44	219	0.331417624521073
AA6.hmm	195	DFQ18|DFQ18_003974-T1	208	7.5e-81	2	194	7	200	0.984615384615385
AA6.hmm	195	DFQ18|DFQ18_006637-T1	253	9.4e-72	1	193	8	200	0.984615384615385
AA6.hmm	195	DFQ18|DFQ18_006974-T1	256	1.4e-72	2	194	9	201	0.984615384615385
AA6.hmm	195	DFQ18|DFQ18_007048-T1	208	4.8e-81	2	194	7	200	0.984615384615385
AA6.hmm	195	DFQ18|DFQ18_007813-T1	927	6.8e-70	1	194	50	243	0.98974358974359
AA6.hmm	195	DFQ18|DFQ18_008020-T1	208	6.8e-80	1	194	6	199	0.98974358974359
AA6.hmm	195	DFQ18|DFQ18_010499-T1	208	1.2e-79	1	194	6	199	0.98974358974359
AA6.hmm	195	DFQ18|DFQ18_011496-T1	233	2.7e-61	1	193	8	183	0.984615384615385
AA6.hmm	195	DFQ18|DFQ18_015287-T1	104	8.6e-30	26	116	3	104	0.461538461538462
AA7.hmm	458	DFQ18|DFQ18_004622-T1	452	1.5e-74	21	223	32	240	0.441048034934498
AA7.hmm	458	DFQ18|DFQ18_004624-T1	279	6.5e-79	6	220	50	270	0.467248908296943
AA7.hmm	458	DFQ18|DFQ18_005718-T1	312	9.4e-71	6	221	52	271	0.46943231441048
CBM18.hmm	38	DFQ18|DFQ18_004508-T1	412	5.9e-10	7	35	92	121	0.736842105263158
CBM18.hmm	38	DFQ18|DFQ18_004508-T1	412	7.2e-08	7	35	23	52	0.736842105263158
CBM18.hmm	38	DFQ18|DFQ18_004671-T1	338	1.1e-05	8	37	1	31	0.763157894736842
CBM18.hmm	38	DFQ18|DFQ18_015223-T1	167	2.6e-08	15	35	3	23	0.526315789473684
CBM19.hmm	45	DFQ18|DFQ18_000559-T1	178	4.4e-05	8	45	104	142	0.822222222222222
CBM19.hmm	45	DFQ18|DFQ18_001642-T1	309	0.00023	3	43	259	299	0.888888888888889
CBM19.hmm	45	DFQ18|DFQ18_002037-T1	162	3.8e-05	8	45	113	151	0.822222222222222
CBM19.hmm	45	DFQ18|DFQ18_002038-T1	162	3.8e-05	8	45	113	151	0.822222222222222
CBM19.hmm	45	DFQ18|DFQ18_003095-T1	194	2.2e-05	10	44	149	182	0.755555555555556
CBM19.hmm	45	DFQ18|DFQ18_003319-T1	474	1.7e-10	3	44	381	420	0.911111111111111
CBM19.hmm	45	DFQ18|DFQ18_004437-T1	440	8.6e-15	2	43	363	403	0.911111111111111
CBM19.hmm	45	DFQ18|DFQ18_005126-T1	164	1.8e-08	10	43	45	77	0.733333333333333
CBM19.hmm	45	DFQ18|DFQ18_005422-T1	435	1.1e-06	10	44	386	422	0.755555555555556
CBM19.hmm	45	DFQ18|DFQ18_005458-T1	440	4e-14	2	43	363	403	0.911111111111111
CBM19.hmm	45	DFQ18|DFQ18_006538-T1	207	2.3e-12	3	44	144	182	0.911111111111111
CBM19.hmm	45	DFQ18|DFQ18_006852-T1	476	1.7e-10	3	44	383	422	0.911111111111111
CBM19.hmm	45	DFQ18|DFQ18_006853-T1	467	6.1e-10	3	44	401	439	0.911111111111111
CBM19.hmm	45	DFQ18|DFQ18_008762-T1	431	6.2e-08	10	44	382	418	0.755555555555556
CBM19.hmm	45	DFQ18|DFQ18_010161-T1	466	1.9e-06	9	43	416	452	0.755555555555556
CBM19.hmm	45	DFQ18|DFQ18_010162-T1	133	1.1e-05	10	43	69	104	0.733333333333333
CBM19.hmm	45	DFQ18|DFQ18_011054-T1	517	0.00014	10	43	453	488	0.733333333333333
CBM19.hmm	45	DFQ18|DFQ18_011970-T1	466	1.5e-06	9	43	416	452	0.755555555555556
CBM19.hmm	45	DFQ18|DFQ18_012082-T1	120	3.6e-06	2	43	67	108	0.911111111111111
CBM19.hmm	45	DFQ18|DFQ18_013340-T1	107	7.6e-06	10	44	71	104	0.755555555555556
CBM21.hmm	107	DFQ18|DFQ18_010189-T1	379	1.3e-28	3	106	117	226	0.962616822429907
CBM21.hmm	107	DFQ18|DFQ18_011655-T1	326	1.1e-31	4	107	123	229	0.962616822429907
CBM21.hmm	107	DFQ18|DFQ18_012308-T1	375	2.1e-30	3	106	111	217	0.962616822429907
CBM32.hmm	124	DFQ18|DFQ18_013770-T1	99	0.00042	14	78	22	90	0.516129032258065
CBM43.hmm	83	DFQ18|DFQ18_003422-T1	503	4.6e-10	2	82	372	461	0.963855421686747
CBM43.hmm	83	DFQ18|DFQ18_007349-T1	503	6e-10	2	82	372	461	0.963855421686747
CBM43.hmm	83	DFQ18|DFQ18_008662-T1	74	0.00057	44	82	1	40	0.457831325301205
CBM43.hmm	83	DFQ18|DFQ18_009536-T1	501	9.3e-09	2	78	372	455	0.91566265060241
CBM43.hmm	83	DFQ18|DFQ18_013873-T1	236	0.00038	2	29	190	220	0.325301204819277
CBM48.hmm	76	DFQ18|DFQ18_003988-T1	739	2.2e-09	2	44	85	135	0.552631578947368
CBM48.hmm	76	DFQ18|DFQ18_010710-T1	517	1.9e-08	3	45	87	139	0.552631578947368
CBM52.hmm	52	DFQ18|DFQ18_008285-T1	264	1.3e-05	3	50	191	234	0.903846153846154
CBM63.hmm	78	DFQ18|DFQ18_003228-T1	254	6.3e-21	2	72	156	225	0.897435897435897
CBM63.hmm	78	DFQ18|DFQ18_003729-T1	216	1.9e-07	11	72	139	199	0.782051282051282
CBM63.hmm	78	DFQ18|DFQ18_005655-T1	216	1.1e-05	15	71	143	198	0.717948717948718
CBM63.hmm	78	DFQ18|DFQ18_008632-T1	218	5.8e-18	2	71	130	200	0.884615384615385
CBM78.hmm	130	DFQ18|DFQ18_013147-T1	187	0.0007	68	129	68	129	0.469230769230769
CE12.hmm	210	DFQ18|DFQ18_006572-T1	231	4.3e-11	2	156	7	176	0.733333333333333
CE12.hmm	210	DFQ18|DFQ18_011071-T1	272	7.4e-11	2	158	48	219	0.742857142857143
CE14.hmm	124	DFQ18|DFQ18_008997-T1	285	6.6e-16	1	123	52	164	0.983870967741935
CE14.hmm	124	DFQ18|DFQ18_009751-T1	285	5.8e-16	1	123	52	164	0.983870967741935
CE16.hmm	267	DFQ18|DFQ18_003141-T1	314	6.9e-17	4	264	33	297	0.973782771535581
CE16.hmm	267	DFQ18|DFQ18_007524-T1	362	2.1e-20	2	264	60	350	0.9812734082397
CE16.hmm	267	DFQ18|DFQ18_007971-T1	305	1e-17	3	266	33	300	0.98501872659176
CE16.hmm	267	DFQ18|DFQ18_008212-T1	308	4.9e-12	2	266	30	292	0.98876404494382
CE16.hmm	267	DFQ18|DFQ18_008796-T1	292	4.1e-09	136	266	140	287	0.48689138576779
CE16.hmm	267	DFQ18|DFQ18_012968-T1	310	2e-10	31	266	56	294	0.880149812734082
CE1.hmm	227	DFQ18|DFQ18_000771-T1	388	6.8e-10	27	161	102	236	0.590308370044053
CE1.hmm	227	DFQ18|DFQ18_001111-T1	286	2.3e-44	1	224	24	279	0.982378854625551
CE1.hmm	227	DFQ18|DFQ18_001251-T1	323	3.2e-08	20	143	33	233	0.541850220264317
CE1.hmm	227	DFQ18|DFQ18_001313-T1	458	1.1e-06	29	143	113	268	0.502202643171806
CE1.hmm	227	DFQ18|DFQ18_001379-T1	307	1.9e-08	9	198	39	269	0.832599118942731
CE1.hmm	227	DFQ18|DFQ18_001935-T1	285	4.5e-42	1	224	24	278	0.982378854625551
CE1.hmm	227	DFQ18|DFQ18_002306-T1	226	1.1e-10	28	211	20	209	0.806167400881057
CE1.hmm	227	DFQ18|DFQ18_002375-T1	682	1.7e-11	6	143	427	594	0.60352422907489
CE1.hmm	227	DFQ18|DFQ18_003072-T1	305	3.4e-08	20	220	52	299	0.881057268722467
CE1.hmm	227	DFQ18|DFQ18_003235-T1	286	1e-08	20	220	33	280	0.881057268722467
CE1.hmm	227	DFQ18|DFQ18_003242-T1	989	1e-09	26	211	553	761	0.814977973568282
CE1.hmm	227	DFQ18|DFQ18_003346-T1	766	1.4e-11	7	184	458	663	0.779735682819383
CE1.hmm	227	DFQ18|DFQ18_003647-T1	344	5.9e-06	10	126	84	196	0.511013215859031
CE1.hmm	227	DFQ18|DFQ18_003822-T1	316	1.6e-11	21	124	59	154	0.45374449339207
CE1.hmm	227	DFQ18|DFQ18_004145-T1	682	1.5e-11	6	143	427	594	0.60352422907489
CE1.hmm	227	DFQ18|DFQ18_004762-T1	255	8.1e-12	24	221	26	233	0.86784140969163
CE1.hmm	227	DFQ18|DFQ18_005274-T1	350	8e-07	11	209	61	313	0.872246696035242
CE1.hmm	227	DFQ18|DFQ18_005354-T1	319	1.1e-08	90	212	126	304	0.537444933920705
CE1.hmm	227	DFQ18|DFQ18_005541-T1	319	5.6e-09	90	213	126	305	0.541850220264317
CE1.hmm	227	DFQ18|DFQ18_005561-T1	388	5.6e-10	27	161	102	236	0.590308370044053
CE1.hmm	227	DFQ18|DFQ18_006841-T1	339	4.4e-07	25	143	79	216	0.519823788546256
CE1.hmm	227	DFQ18|DFQ18_007068-T1	969	1.4e-08	24	210	537	746	0.819383259911894
CE1.hmm	227	DFQ18|DFQ18_007751-T1	757	2e-11	7	184	449	654	0.779735682819383
CE1.hmm	227	DFQ18|DFQ18_009436-T1	680	3.3e-09	5	174	427	623	0.744493392070485
CE1.hmm	227	DFQ18|DFQ18_009989-T1	384	3.9e-07	73	143	138	245	0.308370044052863
CE1.hmm	227	DFQ18|DFQ18_010272-T1	290	8.4e-08	8	143	21	196	0.594713656387665
CE1.hmm	227	DFQ18|DFQ18_011380-T1	716	6.2e-10	3	207	458	683	0.898678414096916
CE1.hmm	227	DFQ18|DFQ18_011507-T1	681	4.4e-11	8	175	428	616	0.73568281938326
CE1.hmm	227	DFQ18|DFQ18_011992-T1	316	3e-11	16	124	57	154	0.475770925110132
CE1.hmm	227	DFQ18|DFQ18_012273-T1	163	6.9e-06	25	115	79	162	0.39647577092511
CE1.hmm	227	DFQ18|DFQ18_012672-T1	323	1.9e-07	22	143	35	236	0.533039647577093
CE1.hmm	227	DFQ18|DFQ18_013175-T1	136	6.6e-06	28	122	20	130	0.414096916299559
CE1.hmm	227	DFQ18|DFQ18_014188-T1	179	6.1e-08	91	175	15	123	0.370044052863436
CE1.hmm	227	DFQ18|DFQ18_014343-T1	183	3e-09	96	221	42	165	0.550660792951542
CE3.hmm	194	DFQ18|DFQ18_003326-T1	212	2.5e-09	2	189	4	191	0.963917525773196
CE4.hmm	130	DFQ18|DFQ18_000531-T1	322	8e-30	7	127	51	174	0.923076923076923
CE4.hmm	130	DFQ18|DFQ18_000767-T1	309	7e-07	19	101	6	84	0.630769230769231
CE4.hmm	130	DFQ18|DFQ18_005483-T1	278	2.1e-10	7	122	29	145	0.884615384615385
CE4.hmm	130	DFQ18|DFQ18_005622-T1	321	2.3e-06	22	101	5	80	0.607692307692308
CE4.hmm	130	DFQ18|DFQ18_005879-T1	258	6.8e-05	8	65	29	83	0.438461538461538
CE4.hmm	130	DFQ18|DFQ18_006586-T1	277	4e-10	5	64	27	86	0.453846153846154
CE4.hmm	130	DFQ18|DFQ18_007299-T1	278	5.8e-10	7	65	29	87	0.446153846153846
CE4.hmm	130	DFQ18|DFQ18_007338-T1	318	2.1e-05	8	64	30	88	0.430769230769231
CE4.hmm	130	DFQ18|DFQ18_007715-T1	310	2.1e-05	7	64	29	88	0.438461538461538
CE4.hmm	130	DFQ18|DFQ18_008738-T1	314	7.7e-31	4	122	36	157	0.907692307692308
CE4.hmm	130	DFQ18|DFQ18_009318-T1	309	8.9e-31	4	122	36	157	0.907692307692308
CE4.hmm	130	DFQ18|DFQ18_009724-T1	237	9.4e-33	9	125	44	163	0.892307692307692
CE4.hmm	130	DFQ18|DFQ18_010329-T1	237	1.9e-33	9	125	44	163	0.892307692307692
CE4.hmm	130	DFQ18|DFQ18_011083-T1	277	1.6e-07	7	66	29	88	0.453846153846154
CE4.hmm	130	DFQ18|DFQ18_011944-T1	336	1.5e-29	7	127	65	188	0.923076923076923
CE4.hmm	130	DFQ18|DFQ18_012436-T1	209	2e-26	6	122	6	125	0.892307692307692
CE4.hmm	130	DFQ18|DFQ18_012602-T1	320	4.5e-12	7	125	27	150	0.907692307692308
CE7.hmm	313	DFQ18|DFQ18_008280-T1	294	3e-08	154	300	141	275	0.466453674121406
CE9.hmm	373	DFQ18|DFQ18_001258-T1	418	3.2e-123	2	373	29	412	0.994638069705094
CE9.hmm	373	DFQ18|DFQ18_014587-T1	162	1.6e-61	191	351	1	162	0.428954423592493
GH109.hmm	126	DFQ18|DFQ18_000054-T1	814	7.5e-11	1	114	5	114	0.896825396825397
GH109.hmm	126	DFQ18|DFQ18_002364-T1	295	1e-09	2	113	6	113	0.880952380952381
GH109.hmm	126	DFQ18|DFQ18_009432-T1	425	9.8e-10	2	114	6	114	0.888888888888889
GH13_25.hmm	434	DFQ18|DFQ18_006124-T1	1713	2.1e-185	3	434	1097	1545	0.993087557603687
GH13_25.hmm	434	DFQ18|DFQ18_007881-T1	1713	3.1e-185	3	434	1097	1545	0.993087557603687
GH132.hmm	303	DFQ18|DFQ18_000943-T1	552	2.9e-30	108	277	330	503	0.557755775577558
GH132.hmm	303	DFQ18|DFQ18_007678-T1	375	9.2e-69	18	302	93	373	0.937293729372937
GH132.hmm	303	DFQ18|DFQ18_009280-T1	551	1.5e-29	108	274	329	499	0.547854785478548
GH132.hmm	303	DFQ18|DFQ18_009396-T1	285	4.5e-57	68	298	59	279	0.759075907590759
GH132.hmm	303	DFQ18|DFQ18_011142-T1	419	3.6e-66	9	301	127	416	0.963696369636964
GH132.hmm	303	DFQ18|DFQ18_013803-T1	189	3.5e-53	49	223	22	189	0.574257425742574
GH13_5.hmm	342	DFQ18|DFQ18_002950-T1	497	1.3e-121	2	342	52	377	0.994152046783626
GH13_5.hmm	342	DFQ18|DFQ18_002952-T1	146	3.7e-50	1	115	33	146	0.333333333333333
GH13_5.hmm	342	DFQ18|DFQ18_006170-T1	487	4.8e-154	1	341	33	371	0.994152046783626
GH13_5.hmm	342	DFQ18|DFQ18_006172-T1	514	6.8e-131	2	342	53	392	0.994152046783626
GH13_8.hmm	293	DFQ18|DFQ18_003988-T1	739	6.5e-148	1	293	266	559	0.996587030716723
GH13_8.hmm	293	DFQ18|DFQ18_010710-T1	517	8.3e-128	1	251	267	517	0.853242320819113
GH15.hmm	361	DFQ18|DFQ18_000470-T1	674	6.4e-84	2	360	290	666	0.991689750692521
GH15.hmm	361	DFQ18|DFQ18_010598-T1	132	4.4e-24	238	360	2	124	0.337950138504155
GH16_14.hmm	224	DFQ18|DFQ18_002558-T1	169	0.0002	56	135	51	131	0.352678571428571
GH16_19.hmm	174	DFQ18|DFQ18_002174-T1	236	5.7e-52	22	174	69	213	0.873563218390805
GH16_19.hmm	174	DFQ18|DFQ18_002523-T1	392	1.9e-51	4	174	114	276	0.977011494252874
GH16_19.hmm	174	DFQ18|DFQ18_004508-T1	412	9.9e-50	23	174	238	387	0.867816091954023
GH16_19.hmm	174	DFQ18|DFQ18_004671-T1	338	3.6e-63	4	174	81	247	0.977011494252874
GH16_19.hmm	174	DFQ18|DFQ18_004829-T1	362	5.3e-57	3	174	112	280	0.982758620689655
GH16_19.hmm	174	DFQ18|DFQ18_005196-T1	253	4.6e-53	22	174	85	229	0.873563218390805
GH16_19.hmm	174	DFQ18|DFQ18_005197-T1	242	3.5e-46	24	172	77	217	0.850574712643678
GH16_19.hmm	174	DFQ18|DFQ18_005778-T1	253	1e-52	22	174	85	229	0.873563218390805
GH16_19.hmm	174	DFQ18|DFQ18_005779-T1	240	2.1e-48	23	172	74	215	0.85632183908046
GH16_19.hmm	174	DFQ18|DFQ18_006042-T1	392	1.1e-50	4	174	114	276	0.977011494252874
GH16_19.hmm	174	DFQ18|DFQ18_010900-T1	236	5.7e-52	22	174	69	213	0.873563218390805
GH16_2.hmm	326	DFQ18|DFQ18_004605-T1	493	3.6e-129	1	326	118	438	0.996932515337423
GH16_2.hmm	326	DFQ18|DFQ18_009076-T1	495	1.3e-127	1	326	118	438	0.996932515337423
GH16_2.hmm	326	DFQ18|DFQ18_014256-T1	158	1.5e-53	1	113	46	158	0.343558282208589
GH16_2.hmm	326	DFQ18|DFQ18_014480-T1	192	2.2e-64	132	324	4	192	0.588957055214724
GH16_3.hmm	230	DFQ18|DFQ18_000433-T1	510	3.2e-66	1	230	238	507	0.995652173913044
GH16_3.hmm	230	DFQ18|DFQ18_002432-T1	449	2.7e-65	1	230	181	448	0.995652173913044
GH16_3.hmm	230	DFQ18|DFQ18_003079-T1	512	4.4e-66	1	230	240	509	0.995652173913044
GH16_3.hmm	230	DFQ18|DFQ18_003261-T1	284	2.2e-60	3	230	19	283	0.98695652173913
GH16_3.hmm	230	DFQ18|DFQ18_004994-T1	581	2e-66	1	230	313	580	0.995652173913044
GH16_3.hmm	230	DFQ18|DFQ18_004995-T1	994	9.1e-66	1	230	726	993	0.995652173913044
GH16_3.hmm	230	DFQ18|DFQ18_007375-T1	449	4.1e-67	1	230	181	448	0.995652173913044
GH16_3.hmm	230	DFQ18|DFQ18_010495-T1	298	1.3e-60	3	230	33	297	0.98695652173913
GH16_4.hmm	316	DFQ18|DFQ18_003350-T1	379	6.4e-126	1	316	56	376	0.996835443037975
GH16_4.hmm	316	DFQ18|DFQ18_004415-T1	397	4.1e-117	1	316	58	394	0.996835443037975
GH16_4.hmm	316	DFQ18|DFQ18_006783-T1	398	4.6e-118	1	316	59	395	0.996835443037975
GH16_4.hmm	316	DFQ18|DFQ18_009841-T1	385	5.5e-122	1	316	60	381	0.996835443037975
GH16_4.hmm	316	DFQ18|DFQ18_010447-T1	385	7.4e-122	1	316	60	381	0.996835443037975
GH17.hmm	311	DFQ18|DFQ18_002336-T1	380	2.8e-23	4	307	88	353	0.97427652733119
GH17.hmm	311	DFQ18|DFQ18_005686-T1	342	2.2e-31	18	302	89	328	0.913183279742765
GH17.hmm	311	DFQ18|DFQ18_008369-T1	380	7.6e-24	4	305	88	351	0.967845659163987
GH17.hmm	311	DFQ18|DFQ18_010660-T1	373	1.5e-15	21	255	176	372	0.752411575562701
GH17.hmm	311	DFQ18|DFQ18_011746-T1	311	5.8e-31	23	306	58	302	0.909967845659164
GH17.hmm	311	DFQ18|DFQ18_011991-T1	423	2.1e-30	21	304	170	412	0.909967845659164
GH17.hmm	311	DFQ18|DFQ18_012649-T1	281	5e-22	2	306	9	271	0.977491961414791
GH18.hmm	296	DFQ18|DFQ18_000858-T1	420	2.8e-58	8	285	13	357	0.935810810810811
GH18.hmm	296	DFQ18|DFQ18_001237-T1	394	2.5e-74	2	284	6	380	0.952702702702703
GH18.hmm	296	DFQ18|DFQ18_001984-T1	545	3.4e-69	3	283	22	344	0.945945945945946
GH18.hmm	296	DFQ18|DFQ18_002123-T1	471	7.8e-77	3	287	24	366	0.959459459459459
GH18.hmm	296	DFQ18|DFQ18_002464-T1	330	5.2e-64	52	284	19	316	0.783783783783784
GH18.hmm	296	DFQ18|DFQ18_002994-T1	542	2.8e-69	3	283	22	344	0.945945945945946
GH18.hmm	296	DFQ18|DFQ18_003178-T1	409	9.1e-28	5	256	3	316	0.847972972972973
GH18.hmm	296	DFQ18|DFQ18_003319-T1	474	1.1e-26	4	251	30	359	0.834459459459459
GH18.hmm	296	DFQ18|DFQ18_003721-T1	800	6.4e-18	48	197	35	220	0.503378378378378
GH18.hmm	296	DFQ18|DFQ18_004437-T1	440	3e-24	2	283	25	304	0.949324324324324
GH18.hmm	296	DFQ18|DFQ18_004565-T1	316	4.5e-16	3	204	21	245	0.679054054054054
GH18.hmm	296	DFQ18|DFQ18_004905-T1	855	7.4e-20	3	197	32	273	0.655405405405405
GH18.hmm	296	DFQ18|DFQ18_005458-T1	440	8.5e-23	2	202	25	266	0.675675675675676
GH18.hmm	296	DFQ18|DFQ18_006116-T1	542	5.1e-56	5	282	88	460	0.935810810810811
GH18.hmm	296	DFQ18|DFQ18_006852-T1	476	2.8e-26	4	251	30	359	0.834459459459459
GH18.hmm	296	DFQ18|DFQ18_006853-T1	467	3.3e-24	3	279	27	310	0.932432432432432
GH18.hmm	296	DFQ18|DFQ18_007160-T1	316	5e-16	3	204	21	245	0.679054054054054
GH18.hmm	296	DFQ18|DFQ18_008994-T1	374	1.7e-51	25	291	8	310	0.898648648648649
GH18.hmm	296	DFQ18|DFQ18_010145-T1	378	9.9e-71	3	285	26	337	0.952702702702703
GH18.hmm	296	DFQ18|DFQ18_010161-T1	466	5.7e-77	2	284	21	405	0.952702702702703
GH18.hmm	296	DFQ18|DFQ18_010369-T1	420	4.3e-58	8	285	20	357	0.935810810810811
GH18.hmm	296	DFQ18|DFQ18_010760-T1	416	9.4e-26	5	211	3	276	0.695945945945946
GH18.hmm	296	DFQ18|DFQ18_011054-T1	517	1.9e-76	2	284	21	405	0.952702702702703
GH18.hmm	296	DFQ18|DFQ18_011100-T1	564	3.5e-24	4	203	42	291	0.672297297297297
GH18.hmm	296	DFQ18|DFQ18_011525-T1	567	2.3e-24	4	203	42	291	0.672297297297297
GH18.hmm	296	DFQ18|DFQ18_011970-T1	466	3e-78	2	284	21	405	0.952702702702703
GH18.hmm	296	DFQ18|DFQ18_012916-T1	508	9.7e-80	2	283	61	433	0.949324324324324
GH18.hmm	296	DFQ18|DFQ18_014708-T1	186	7e-36	89	208	2	156	0.402027027027027
GH20.hmm	337	DFQ18|DFQ18_000649-T1	821	1.1e-31	10	335	167	489	0.964391691394659
GH20.hmm	337	DFQ18|DFQ18_008187-T1	565	2.6e-98	4	336	158	499	0.985163204747775
GH20.hmm	337	DFQ18|DFQ18_009849-T1	812	1.8e-31	10	335	167	489	0.964391691394659
GH20.hmm	337	DFQ18|DFQ18_010041-T1	546	4.5e-97	10	336	162	496	0.967359050445104
GH20.hmm	337	DFQ18|DFQ18_015239-T1	158	3.7e-52	19	172	1	157	0.454005934718101
GH24.hmm	137	DFQ18|DFQ18_010974-T1	172	5.7e-33	2	137	25	162	0.985401459854015
GH24.hmm	137	DFQ18|DFQ18_011198-T1	172	9.7e-34	2	137	25	162	0.985401459854015
GH24.hmm	137	DFQ18|DFQ18_011470-T1	261	1.1e-26	2	137	26	163	0.985401459854015
GH24.hmm	137	DFQ18|DFQ18_013416-T1	174	8.2e-26	1	137	25	163	0.992700729927007
GH31.hmm	427	DFQ18|DFQ18_000630-T1	735	4.8e-71	198	427	354	586	0.536299765807963
GH31.hmm	427	DFQ18|DFQ18_000631-T1	735	2.8e-70	198	427	354	586	0.536299765807963
GH31.hmm	427	DFQ18|DFQ18_002276-T1	735	2.6e-71	200	427	356	586	0.531615925058548
GH31.hmm	427	DFQ18|DFQ18_002790-T1	894	1.2e-158	2	427	302	745	0.995316159250585
GH31.hmm	427	DFQ18|DFQ18_009839-T1	735	3.3e-71	198	427	354	586	0.536299765807963
GH31.hmm	427	DFQ18|DFQ18_011478-T1	550	3.6e-138	46	427	2	401	0.892271662763466
GH33.hmm	342	DFQ18|DFQ18_000535-T1	2185	5.8e-08	118	251	1070	1210	0.388888888888889
GH33.hmm	342	DFQ18|DFQ18_002252-T1	2097	1.2e-07	122	273	986	1143	0.441520467836257
GH35.hmm	307	DFQ18|DFQ18_004996-T1	379	3.9e-30	3	191	45	253	0.612377850162866
GH35.hmm	307	DFQ18|DFQ18_015288-T1	114	5.4e-14	82	175	3	111	0.302931596091205
GH37.hmm	491	DFQ18|DFQ18_007634-T1	619	5e-153	3	491	49	604	0.993890020366599
GH37.hmm	491	DFQ18|DFQ18_010825-T1	746	4.2e-143	4	489	158	714	0.987780040733198
GH38.hmm	269	DFQ18|DFQ18_010245-T1	1105	2e-84	3	255	271	522	0.936802973977695
GH38.hmm	269	DFQ18|DFQ18_012080-T1	813	1.6e-73	26	255	1	230	0.851301115241636
GH3.hmm	216	DFQ18|DFQ18_009223-T1	762	3e-58	3	215	107	338	0.981481481481482
GH3.hmm	216	DFQ18|DFQ18_010583-T1	774	1e-57	2	215	121	352	0.986111111111111
GH3.hmm	216	DFQ18|DFQ18_015221-T1	149	2.4e-39	12	150	2	149	0.638888888888889
GH3.hmm	216	DFQ18|DFQ18_015616-T1	152	1.3e-40	47	186	2	151	0.643518518518518
GH47.hmm	446	DFQ18|DFQ18_000423-T1	483	6e-133	2	446	50	481	0.995515695067265
GH47.hmm	446	DFQ18|DFQ18_000447-T1	781	2.3e-94	2	445	229	696	0.993273542600897
GH47.hmm	446	DFQ18|DFQ18_000899-T1	644	1.1e-151	1	446	193	641	0.997757847533632
GH47.hmm	446	DFQ18|DFQ18_002144-T1	554	5.2e-142	1	446	73	552	0.997757847533632
GH47.hmm	446	DFQ18|DFQ18_002395-T1	541	2.3e-139	1	446	88	536	0.997757847533632
GH47.hmm	446	DFQ18|DFQ18_004110-T1	582	3.4e-139	1	445	92	575	0.995515695067265
GH47.hmm	446	DFQ18|DFQ18_004728-T1	736	5.5e-134	1	445	35	485	0.995515695067265
GH47.hmm	446	DFQ18|DFQ18_005268-T1	470	8.6e-110	1	383	65	465	0.856502242152466
GH47.hmm	446	DFQ18|DFQ18_006722-T1	541	1.2e-143	1	446	88	536	0.997757847533632
GH47.hmm	446	DFQ18|DFQ18_007110-T1	582	6.2e-139	1	445	92	575	0.995515695067265
GH47.hmm	446	DFQ18|DFQ18_007143-T1	700	7.8e-95	2	445	229	696	0.993273542600897
GH47.hmm	446	DFQ18|DFQ18_008101-T1	470	4.7e-143	2	446	38	468	0.995515695067265
GH47.hmm	446	DFQ18|DFQ18_008726-T1	720	5.3e-141	1	445	35	469	0.995515695067265
GH47.hmm	446	DFQ18|DFQ18_011805-T1	625	9.1e-152	1	446	174	622	0.997757847533632
GH47.hmm	446	DFQ18|DFQ18_013836-T1	161	1.2e-32	236	400	1	153	0.367713004484305
GH5_12.hmm	539	DFQ18|DFQ18_001470-T1	752	6e-184	3	539	26	557	0.99443413729128
GH5_12.hmm	539	DFQ18|DFQ18_015154-T1	179	1.1e-52	166	334	1	179	0.311688311688312
GH5_9.hmm	303	DFQ18|DFQ18_000957-T1	516	5.3e-102	1	303	160	475	0.996699669966997
GH5_9.hmm	303	DFQ18|DFQ18_003101-T1	518	9.3e-106	1	303	169	485	0.996699669966997
GH5_9.hmm	303	DFQ18|DFQ18_003102-T1	530	2.6e-102	1	303	180	499	0.996699669966997
GH5_9.hmm	303	DFQ18|DFQ18_003589-T1	516	3.8e-105	1	303	167	485	0.996699669966997
GH5_9.hmm	303	DFQ18|DFQ18_003979-T1	516	1.8e-105	1	303	167	483	0.996699669966997
GH5_9.hmm	303	DFQ18|DFQ18_003980-T1	530	6.2e-103	1	303	180	499	0.996699669966997
GH5_9.hmm	303	DFQ18|DFQ18_004337-T1	516	1.4e-105	1	303	167	485	0.996699669966997
GH5_9.hmm	303	DFQ18|DFQ18_010779-T1	513	4.7e-102	1	303	161	476	0.996699669966997
GH5_9.hmm	303	DFQ18|DFQ18_011234-T1	525	2.1e-107	1	303	173	489	0.996699669966997
GH5_9.hmm	303	DFQ18|DFQ18_011641-T1	409	1.9e-114	1	303	78	383	0.996699669966997
GH63.hmm	570	DFQ18|DFQ18_010839-T1	814	1.2e-28	317	567	594	812	0.43859649122807
GH72.hmm	312	DFQ18|DFQ18_003164-T1	475	1.6e-120	3	309	16	313	0.980769230769231
GH72.hmm	312	DFQ18|DFQ18_003422-T1	503	3.4e-115	4	310	16	319	0.980769230769231
GH72.hmm	312	DFQ18|DFQ18_006937-T1	527	9.3e-51	7	308	34	340	0.96474358974359
GH72.hmm	312	DFQ18|DFQ18_007063-T1	528	4.2e-50	7	308	35	341	0.96474358974359
GH72.hmm	312	DFQ18|DFQ18_007349-T1	503	6.8e-115	4	310	16	319	0.980769230769231
GH72.hmm	312	DFQ18|DFQ18_009536-T1	501	4.2e-114	4	311	16	320	0.983974358974359
GH72.hmm	312	DFQ18|DFQ18_011440-T1	527	1.4e-120	4	310	17	313	0.980769230769231
GH72.hmm	312	DFQ18|DFQ18_011552-T1	475	3.1e-121	3	309	16	313	0.980769230769231
GH72.hmm	312	DFQ18|DFQ18_012482-T1	182	4.4e-65	4	171	17	182	0.53525641025641
GH72.hmm	312	DFQ18|DFQ18_012671-T1	345	2.1e-119	4	309	17	313	0.977564102564103
GH72.hmm	312	DFQ18|DFQ18_013873-T1	236	5.1e-55	175	311	2	140	0.435897435897436
GH74.hmm	233	DFQ18|DFQ18_000535-T1	2185	1.9e-06	39	115	460	529	0.32618025751073
GH74.hmm	233	DFQ18|DFQ18_002252-T1	2097	2.9e-06	39	117	372	443	0.334763948497854
GT15.hmm	273	DFQ18|DFQ18_000910-T1	407	2.5e-80	13	272	104	358	0.948717948717949
GT15.hmm	273	DFQ18|DFQ18_008102-T1	384	3.4e-117	1	273	72	343	0.996336996336996
GT1.hmm	382	DFQ18|DFQ18_000967-T1	565	1.1e-23	220	338	267	432	0.308900523560209
GT1.hmm	382	DFQ18|DFQ18_001259-T1	575	9.7e-26	221	352	287	451	0.342931937172775
GT1.hmm	382	DFQ18|DFQ18_001353-T1	571	5.7e-19	220	352	283	456	0.345549738219895
GT1.hmm	382	DFQ18|DFQ18_002358-T1	569	6.8e-26	187	352	258	457	0.431937172774869
GT1.hmm	382	DFQ18|DFQ18_002785-T1	575	1.1e-25	221	353	287	452	0.345549738219895
GT1.hmm	382	DFQ18|DFQ18_002880-T1	520	4.4e-24	200	350	203	405	0.392670157068063
GT1.hmm	382	DFQ18|DFQ18_004157-T1	1248	1.3e-55	4	376	768	1175	0.973821989528796
GT1.hmm	382	DFQ18|DFQ18_004234-T1	569	3.1e-20	153	352	198	454	0.520942408376963
GT1.hmm	382	DFQ18|DFQ18_004571-T1	562	3.3e-20	220	352	275	447	0.345549738219895
GT1.hmm	382	DFQ18|DFQ18_004747-T1	526	1.3e-19	211	351	263	453	0.366492146596859
GT1.hmm	382	DFQ18|DFQ18_005153-T1	564	9.9e-19	220	335	266	428	0.301047120418848
GT1.hmm	382	DFQ18|DFQ18_005746-T1	540	5.2e-25	197	354	245	421	0.410994764397906
GT1.hmm	382	DFQ18|DFQ18_005814-T1	578	1.2e-20	206	353	281	464	0.384816753926702
GT1.hmm	382	DFQ18|DFQ18_006521-T1	570	4e-27	184	352	254	456	0.43979057591623
GT1.hmm	382	DFQ18|DFQ18_006740-T1	570	1.2e-23	220	350	273	455	0.340314136125654
GT1.hmm	382	DFQ18|DFQ18_006972-T1	569	6.8e-29	182	352	251	455	0.445026178010471
GT1.hmm	382	DFQ18|DFQ18_008513-T1	500	1.7e-21	204	352	235	436	0.387434554973822
GT1.hmm	382	DFQ18|DFQ18_008884-T1	539	5.7e-22	203	355	255	438	0.397905759162304
GT1.hmm	382	DFQ18|DFQ18_009124-T1	517	7.3e-14	224	351	266	418	0.332460732984293
GT1.hmm	382	DFQ18|DFQ18_009220-T1	563	1e-20	209	334	255	427	0.327225130890052
GT1.hmm	382	DFQ18|DFQ18_009315-T1	569	8.8e-21	220	351	271	453	0.342931937172775
GT1.hmm	382	DFQ18|DFQ18_010126-T1	523	2.2e-25	169	350	195	408	0.473821989528796
GT1.hmm	382	DFQ18|DFQ18_010143-T1	571	9.5e-29	178	352	249	457	0.455497382198953
GT1.hmm	382	DFQ18|DFQ18_010491-T1	570	2.6e-24	201	351	266	455	0.392670157068063
GT1.hmm	382	DFQ18|DFQ18_011002-T1	517	1.1e-19	221	351	285	437	0.340314136125654
GT1.hmm	382	DFQ18|DFQ18_011353-T1	517	5.2e-13	224	352	266	419	0.335078534031414
GT1.hmm	382	DFQ18|DFQ18_011626-T1	514	1.2e-21	203	352	230	410	0.390052356020942
GT1.hmm	382	DFQ18|DFQ18_011722-T1	406	8.1e-14	220	338	253	405	0.308900523560209
GT1.hmm	382	DFQ18|DFQ18_011847-T1	558	4.1e-28	185	352	245	446	0.43717277486911
GT1.hmm	382	DFQ18|DFQ18_012049-T1	489	2.1e-24	197	352	267	455	0.405759162303665
GT1.hmm	382	DFQ18|DFQ18_012961-T1	403	3.9e-18	202	318	248	403	0.303664921465969
GT20.hmm	475	DFQ18|DFQ18_000566-T1	477	2.1e-194	10	474	6	472	0.976842105263158
GT20.hmm	475	DFQ18|DFQ18_003190-T1	228	4e-93	253	474	2	223	0.465263157894737
GT20.hmm	475	DFQ18|DFQ18_005712-T1	766	9.7e-160	8	474	9	487	0.981052631578947
GT20.hmm	475	DFQ18|DFQ18_006773-T1	766	8.4e-160	8	474	9	487	0.981052631578947
GT21.hmm	233	DFQ18|DFQ18_006752-T1	443	7.2e-91	1	233	78	309	0.995708154506438
GT21.hmm	233	DFQ18|DFQ18_008530-T1	411	4.5e-90	1	233	46	277	0.995708154506438
GT21.hmm	233	DFQ18|DFQ18_009002-T1	483	8.6e-89	1	233	28	259	0.995708154506438
GT22.hmm	389	DFQ18|DFQ18_001459-T1	531	1.3e-81	2	389	13	424	0.994858611825193
GT22.hmm	389	DFQ18|DFQ18_003732-T1	632	1e-44	2	262	25	374	0.668380462724936
GT22.hmm	389	DFQ18|DFQ18_005652-T1	637	1.8e-57	2	362	25	448	0.925449871465296
GT22.hmm	389	DFQ18|DFQ18_007409-T1	536	3.5e-80	2	389	13	429	0.994858611825193
GT24.hmm	248	DFQ18|DFQ18_008727-T1	1571	1.2e-130	1	248	1242	1489	0.995967741935484
GT24.hmm	248	DFQ18|DFQ18_009313-T1	1568	3e-131	1	248	1240	1487	0.995967741935484
GT28.hmm	157	DFQ18|DFQ18_005008-T1	176	5.2e-14	3	116	8	134	0.719745222929936
GT28.hmm	157	DFQ18|DFQ18_006969-T1	176	1.6e-14	2	118	7	136	0.738853503184713
GT2_Chitin_synth_1.hmm	163	DFQ18|DFQ18_000874-T1	828	1.6e-78	1	163	156	318	0.993865030674847
GT2_Chitin_synth_1.hmm	163	DFQ18|DFQ18_001336-T1	826	1.8e-78	1	163	156	318	0.993865030674847
GT2_Chitin_synth_2.hmm	527	DFQ18|DFQ18_000874-T1	828	1.7e-23	204	376	296	473	0.326375711574953
GT2_Chitin_synth_2.hmm	527	DFQ18|DFQ18_001336-T1	826	1.6e-23	204	376	296	473	0.326375711574953
GT2_Chitin_synth_2.hmm	527	DFQ18|DFQ18_001635-T1	1860	9.7e-230	5	526	1152	1657	0.988614800759013
GT2_Chitin_synth_2.hmm	527	DFQ18|DFQ18_001771-T1	1000	1.1e-252	22	526	391	886	0.956356736242884
GT2_Chitin_synth_2.hmm	527	DFQ18|DFQ18_002028-T1	1304	3.5e-261	19	527	576	1111	0.963946869070209
GT2_Chitin_synth_2.hmm	527	DFQ18|DFQ18_002309-T1	1348	6.3e-35	27	245	471	682	0.413662239089184
GT2_Chitin_synth_2.hmm	527	DFQ18|DFQ18_002518-T1	1175	7.1e-72	27	491	318	754	0.88045540796964
GT2_Chitin_synth_2.hmm	527	DFQ18|DFQ18_002758-T1	1203	4.4e-73	27	491	346	782	0.88045540796964
GT2_Chitin_synth_2.hmm	527	DFQ18|DFQ18_003898-T1	1833	4.8e-229	5	527	1142	1650	0.990512333965844
GT2_Chitin_synth_2.hmm	527	DFQ18|DFQ18_004941-T1	1264	1.3e-34	27	245	387	598	0.413662239089184
GT2_Chitin_synth_2.hmm	527	DFQ18|DFQ18_005711-T1	866	1.4e-236	4	527	132	641	0.992409867172676
GT2_Chitin_synth_2.hmm	527	DFQ18|DFQ18_007120-T1	1553	7.5e-233	26	526	774	1264	0.94876660341556
GT2_Chitin_synth_2.hmm	527	DFQ18|DFQ18_007198-T1	1812	2.2e-231	6	526	1184	1685	0.986717267552182
GT2_Chitin_synth_2.hmm	527	DFQ18|DFQ18_007773-T1	1547	7.4e-232	27	526	775	1264	0.946869070208729
GT2_Chitin_synth_2.hmm	527	DFQ18|DFQ18_007958-T1	1628	1e-163	174	527	1094	1445	0.669829222011385
GT2_Chitin_synth_2.hmm	527	DFQ18|DFQ18_009039-T1	1306	2.2e-261	19	527	577	1112	0.963946869070209
GT2_Chitin_synth_2.hmm	527	DFQ18|DFQ18_013098-T1	520	4.5e-26	204	518	152	451	0.595825426944972
GT2_Chitin_synth_2.hmm	527	DFQ18|DFQ18_013301-T1	425	5.4e-167	164	526	1	358	0.686907020872865
GT2_Chitin_synth_2.hmm	527	DFQ18|DFQ18_013711-T1	266	2.4e-77	13	193	87	266	0.341555977229602
GT2_Chitin_synth_2.hmm	527	DFQ18|DFQ18_014778-T1	193	3e-117	182	374	1	193	0.364326375711575
GT2_Glycos_transf_2.hmm	170	DFQ18|DFQ18_005487-T1	825	1.6e-22	1	165	560	738	0.964705882352941
GT2_Glycos_transf_2.hmm	170	DFQ18|DFQ18_007909-T1	238	2.2e-34	1	166	6	173	0.970588235294118
GT2_Glycos_transf_2.hmm	170	DFQ18|DFQ18_010171-T1	238	8.3e-35	1	166	6	173	0.970588235294118
GT32.hmm	90	DFQ18|DFQ18_001031-T1	290	5.6e-18	8	88	71	146	0.888888888888889
GT32.hmm	90	DFQ18|DFQ18_001853-T1	290	3.6e-21	5	87	50	128	0.911111111111111
GT32.hmm	90	DFQ18|DFQ18_001854-T1	298	2.7e-21	4	87	59	137	0.922222222222222
GT32.hmm	90	DFQ18|DFQ18_002724-T1	273	4e-21	4	87	33	112	0.922222222222222
GT32.hmm	90	DFQ18|DFQ18_003260-T1	252	1e-21	5	87	12	90	0.911111111111111
GT32.hmm	90	DFQ18|DFQ18_003266-T1	252	2.2e-21	6	87	13	90	0.9
GT32.hmm	90	DFQ18|DFQ18_004544-T1	229	2.9e-22	7	88	14	91	0.9
GT32.hmm	90	DFQ18|DFQ18_011740-T1	290	2.3e-18	8	88	71	146	0.888888888888889
GT32.hmm	90	DFQ18|DFQ18_012233-T1	300	5.6e-22	4	87	61	139	0.922222222222222
GT32.hmm	90	DFQ18|DFQ18_012264-T1	162	2.1e-21	7	88	76	153	0.9
GT32.hmm	90	DFQ18|DFQ18_012275-T1	241	1.6e-20	6	87	13	90	0.9
GT33.hmm	425	DFQ18|DFQ18_001213-T1	443	2.1e-142	2	423	2	439	0.990588235294118
GT33.hmm	425	DFQ18|DFQ18_004176-T1	448	4.8e-148	2	422	2	443	0.988235294117647
GT35.hmm	674	DFQ18|DFQ18_008900-T1	895	2.1e-271	3	674	157	873	0.995548961424332
GT39.hmm	223	DFQ18|DFQ18_002995-T1	629	4.8e-55	2	223	80	324	0.991031390134529
GT39.hmm	223	DFQ18|DFQ18_003459-T1	736	1.1e-37	2	223	81	313	0.991031390134529
GT39.hmm	223	DFQ18|DFQ18_003717-T1	1116	4.2e-23	4	220	44	276	0.968609865470852
GT39.hmm	223	DFQ18|DFQ18_003896-T1	900	3.9e-69	2	223	76	314	0.991031390134529
GT39.hmm	223	DFQ18|DFQ18_004512-T1	648	7.3e-54	2	223	80	324	0.991031390134529
GT39.hmm	223	DFQ18|DFQ18_004620-T1	676	9.7e-69	8	223	2	230	0.964125560538117
GT39.hmm	223	DFQ18|DFQ18_004632-T1	1112	3.2e-21	3	220	43	276	0.973094170403587
GT39.hmm	223	DFQ18|DFQ18_007339-T1	798	3.2e-69	2	223	76	314	0.991031390134529
GT39.hmm	223	DFQ18|DFQ18_008316-T1	876	6.6e-73	3	223	60	300	0.986547085201794
GT39.hmm	223	DFQ18|DFQ18_011034-T1	574	4.1e-33	93	223	5	137	0.582959641255605
GT39.hmm	223	DFQ18|DFQ18_011768-T1	656	1.8e-42	2	223	40	265	0.991031390134529
GT39.hmm	223	DFQ18|DFQ18_014084-T1	138	1.1e-24	122	223	3	106	0.452914798206278
GT39.hmm	223	DFQ18|DFQ18_014735-T1	124	1.9e-38	12	120	2	124	0.484304932735426
GT39.hmm	223	DFQ18|DFQ18_014848-T1	135	2.7e-32	51	165	1	135	0.511210762331839
GT3.hmm	637	DFQ18|DFQ18_001249-T1	638	6e-272	46	626	5	580	0.910518053375196
GT3.hmm	637	DFQ18|DFQ18_013146-T1	426	1.2e-200	221	626	1	407	0.635792778649921
GT41.hmm	705	DFQ18|DFQ18_003852-T1	1560	8.7e-50	297	521	1120	1438	0.317730496453901
GT41.hmm	705	DFQ18|DFQ18_004932-T1	1562	7.8e-50	294	521	1117	1440	0.321985815602837
GT48.hmm	739	DFQ18|DFQ18_002491-T1	1944	2.1e-296	3	729	879	1651	0.982408660351827
GT48.hmm	739	DFQ18|DFQ18_003483-T1	1648	9.7e-217	172	724	923	1491	0.746955345060893
GT48.hmm	739	DFQ18|DFQ18_009937-T1	1758	4.8e-290	3	724	732	1507	0.975642760487145
GT48.hmm	739	DFQ18|DFQ18_011972-T1	964	1e-267	3	621	290	963	0.836265223274696
GT4.hmm	160	DFQ18|DFQ18_003418-T1	807	3.7e-31	11	150	559	700	0.86875
GT4.hmm	160	DFQ18|DFQ18_007810-T1	804	3e-32	7	155	555	705	0.925
GT4.hmm	160	DFQ18|DFQ18_008159-T1	231	5.6e-17	3	152	18	191	0.93125
GT4.hmm	160	DFQ18|DFQ18_009270-T1	472	2.2e-35	8	160	234	414	0.95
GT57.hmm	481	DFQ18|DFQ18_002906-T1	541	2.7e-121	2	480	69	524	0.993762993762994
GT57.hmm	481	DFQ18|DFQ18_004361-T1	319	9.2e-73	201	479	29	311	0.577962577962578
GT57.hmm	481	DFQ18|DFQ18_005011-T1	524	8.8e-52	177	476	198	462	0.621621621621622
GT57.hmm	481	DFQ18|DFQ18_010652-T1	503	2.8e-151	11	479	2	495	0.972972972972973
GT58.hmm	364	DFQ18|DFQ18_001736-T1	380	4.4e-100	3	274	35	306	0.744505494505495
GT59.hmm	404	DFQ18|DFQ18_006747-T1	501	1.3e-47	2	183	98	269	0.448019801980198
GT59.hmm	404	DFQ18|DFQ18_006747-T1	501	3.4e-48	230	403	289	472	0.428217821782178
GT59.hmm	404	DFQ18|DFQ18_011755-T1	239	3.1e-51	226	403	1	188	0.438118811881188
GT66.hmm	693	DFQ18|DFQ18_004852-T1	726	7.8e-184	11	599	16	653	0.848484848484849
GT66.hmm	693	DFQ18|DFQ18_006086-T1	726	1.6e-183	11	599	16	653	0.848484848484849
GT69.hmm	239	DFQ18|DFQ18_002427-T1	416	1.1e-60	1	237	115	343	0.98744769874477
GT69.hmm	239	DFQ18|DFQ18_008818-T1	315	1e-60	1	237	14	242	0.98744769874477
GT76.hmm	407	DFQ18|DFQ18_000387-T1	437	3.6e-97	13	407	50	437	0.968058968058968
GT76.hmm	407	DFQ18|DFQ18_010827-T1	439	2.7e-98	5	407	56	439	0.987714987714988
GT8.hmm	257	DFQ18|DFQ18_003846-T1	1556	2e-47	24	255	5	231	0.898832684824903
GT8.hmm	257	DFQ18|DFQ18_006444-T1	1541	2.6e-47	22	255	3	231	0.906614785992218
GT8.hmm	257	DFQ18|DFQ18_006539-T1	326	9.2e-33	30	256	11	302	0.879377431906615
GT8.hmm	257	DFQ18|DFQ18_011929-T1	209	1.8e-16	30	167	11	139	0.533073929961089
