AA11.hmm	191	EC989|EC989_002065-T1	209	1.1e-33	13	162	44	182	0.780104712041885
AA11.hmm	191	EC989|EC989_002216-T1	209	2e-32	12	163	41	182	0.790575916230366
AA11.hmm	191	EC989|EC989_002238-T1	210	5.5e-30	25	162	56	183	0.717277486910995
AA11.hmm	191	EC989|EC989_002239-T1	248	1e-29	25	162	94	221	0.717277486910995
AA11.hmm	191	EC989|EC989_002240-T1	210	2.9e-30	25	161	56	182	0.712041884816754
AA11.hmm	191	EC989|EC989_002786-T1	195	2e-32	12	163	29	169	0.790575916230366
AA11.hmm	191	EC989|EC989_003122-T1	364	1.2e-42	1	163	21	176	0.848167539267016
AA11.hmm	191	EC989|EC989_004264-T1	190	9.2e-39	12	169	30	172	0.821989528795812
AA11.hmm	191	EC989|EC989_005683-T1	208	1e-33	12	163	42	182	0.790575916230366
AA11.hmm	191	EC989|EC989_005685-T1	263	5e-34	11	163	91	237	0.795811518324607
AA11.hmm	191	EC989|EC989_006610-T1	222	1.3e-34	9	163	37	175	0.806282722513089
AA11.hmm	191	EC989|EC989_007425-T1	224	2.1e-22	12	147	44	178	0.706806282722513
AA11.hmm	191	EC989|EC989_007699-T1	218	7.3e-32	12	163	50	191	0.790575916230366
AA11.hmm	191	EC989|EC989_008425-T1	320	8.7e-40	12	163	43	179	0.790575916230366
AA11.hmm	191	EC989|EC989_008427-T1	311	4.4e-40	11	162	39	178	0.790575916230366
AA11.hmm	191	EC989|EC989_008807-T1	340	1.3e-45	1	176	24	194	0.916230366492147
AA11.hmm	191	EC989|EC989_010484-T1	293	5.7e-44	1	163	20	173	0.848167539267016
AA11.hmm	191	EC989|EC989_010485-T1	296	8e-43	1	163	22	175	0.848167539267016
AA11.hmm	191	EC989|EC989_010682-T1	227	1.2e-29	25	161	73	199	0.712041884816754
AA11.hmm	191	EC989|EC989_010896-T1	168	5.1e-34	18	162	8	141	0.753926701570681
AA11.hmm	191	EC989|EC989_011785-T1	350	8.5e-40	1	163	21	176	0.848167539267016
AA11.hmm	191	EC989|EC989_012554-T1	248	2.1e-06	3	150	19	190	0.769633507853403
AA11.hmm	191	EC989|EC989_012886-T1	332	8.7e-47	1	176	26	196	0.916230366492147
AA11.hmm	191	EC989|EC989_013046-T1	303	1.2e-44	1	163	20	173	0.848167539267016
AA11.hmm	191	EC989|EC989_013047-T1	338	4.7e-45	2	163	16	168	0.842931937172775
AA11.hmm	191	EC989|EC989_013240-T1	281	4.7e-07	43	168	62	212	0.654450261780105
AA1_2.hmm	337	EC989|EC989_013294-T1	183	9.5e-37	6	137	12	151	0.388724035608309
AA1_3.hmm	312	EC989|EC989_010475-T1	219	6.4e-34	12	182	15	196	0.544871794871795
AA15.hmm	193	EC989|EC989_003092-T1	321	3e-07	66	192	55	182	0.652849740932642
AA15.hmm	193	EC989|EC989_004813-T1	328	5.9e-06	64	192	53	182	0.663212435233161
AA15.hmm	193	EC989|EC989_013538-T1	244	3.1e-07	66	173	56	166	0.55440414507772
AA1.hmm	943	EC989|EC989_001887-T1	584	3.1e-69	451	742	39	354	0.308589607635207
AA1.hmm	943	EC989|EC989_003956-T1	580	5.9e-61	451	764	42	383	0.331919406150583
AA1.hmm	943	EC989|EC989_004001-T1	588	4e-69	452	740	43	355	0.305408271474019
AA1.hmm	943	EC989|EC989_005542-T1	597	4.6e-66	451	737	51	361	0.303287380699894
AA1.hmm	943	EC989|EC989_009215-T1	585	8.5e-63	449	737	42	351	0.305408271474019
AA1.hmm	943	EC989|EC989_011912-T1	586	3.3e-70	447	743	37	357	0.31389183457052
AA1.hmm	943	EC989|EC989_014497-T1	636	6.7e-72	450	741	77	405	0.308589607635207
AA2.hmm	255	EC989|EC989_004120-T1	363	3.3e-55	6	253	98	347	0.968627450980392
AA2.hmm	255	EC989|EC989_005209-T1	269	1.1e-46	14	253	23	261	0.937254901960784
AA2.hmm	255	EC989|EC989_013297-T1	361	3e-54	16	253	108	345	0.929411764705882
AA3_2.hmm	568	EC989|EC989_000283-T1	454	2.1e-43	186	471	153	437	0.501760563380282
AA3_2.hmm	568	EC989|EC989_001014-T1	591	3e-104	2	567	21	587	0.994718309859155
AA3_2.hmm	568	EC989|EC989_002703-T1	602	1.6e-100	2	567	27	601	0.994718309859155
AA3_2.hmm	568	EC989|EC989_002841-T1	641	1.2e-96	1	567	33	640	0.996478873239437
AA3_2.hmm	568	EC989|EC989_004327-T1	602	1.6e-99	2	567	30	597	0.994718309859155
AA3_2.hmm	568	EC989|EC989_004558-T1	611	2.7e-100	3	566	50	608	0.991197183098592
AA3_2.hmm	568	EC989|EC989_004559-T1	584	9.9e-106	2	566	23	583	0.992957746478873
AA3_2.hmm	568	EC989|EC989_005889-T1	592	3e-110	2	567	21	588	0.994718309859155
AA3_2.hmm	568	EC989|EC989_006261-T1	595	1.8e-102	2	568	23	592	0.996478873239437
AA3_2.hmm	568	EC989|EC989_007573-T1	638	5.6e-103	3	566	76	635	0.991197183098592
AA3_2.hmm	568	EC989|EC989_008403-T1	635	8.2e-100	2	566	42	632	0.992957746478873
AA3_2.hmm	568	EC989|EC989_010174-T1	588	2.7e-102	3	566	26	585	0.991197183098592
AA3_2.hmm	568	EC989|EC989_010293-T1	574	3.9e-94	14	566	13	574	0.971830985915493
AA3_2.hmm	568	EC989|EC989_010792-T1	592	4.7e-107	2	567	21	588	0.994718309859155
AA3_2.hmm	568	EC989|EC989_010906-T1	638	8.3e-100	2	567	44	636	0.994718309859155
AA3_2.hmm	568	EC989|EC989_011443-T1	592	1.4e-106	2	567	21	588	0.994718309859155
AA3_2.hmm	568	EC989|EC989_011621-T1	614	1.3e-103	2	566	50	613	0.992957746478873
AA3_2.hmm	568	EC989|EC989_011885-T1	609	1.2e-100	2	566	33	606	0.992957746478873
AA3_2.hmm	568	EC989|EC989_012099-T1	598	1.8e-98	2	567	28	595	0.994718309859155
AA3_2.hmm	568	EC989|EC989_013479-T1	661	3.6e-95	2	567	28	595	0.994718309859155
AA3.hmm	618	EC989|EC989_011950-T1	563	2e-76	82	398	18	560	0.511326860841424
AA4.hmm	522	EC989|EC989_013246-T1	529	1.7e-19	18	252	45	270	0.448275862068966
AA6.hmm	195	EC989|EC989_001563-T1	271	1.2e-75	1	193	8	200	0.984615384615385
AA6.hmm	195	EC989|EC989_004954-T1	683	9e-59	1	193	17	208	0.984615384615385
AA6.hmm	195	EC989|EC989_007424-T1	384	3.1e-70	1	193	6	200	0.984615384615385
AA6.hmm	195	EC989|EC989_008574-T1	271	6.1e-76	1	193	8	200	0.984615384615385
AA7.hmm	458	EC989|EC989_001282-T1	493	1.2e-95	5	458	54	491	0.989082969432314
AA7.hmm	458	EC989|EC989_002108-T1	487	9e-80	5	231	51	281	0.493449781659389
AA7.hmm	458	EC989|EC989_002719-T1	482	3.3e-67	6	458	48	478	0.986899563318777
AA7.hmm	458	EC989|EC989_008616-T1	261	1.4e-32	29	217	40	213	0.410480349344978
AA7.hmm	458	EC989|EC989_013067-T1	506	7.5e-102	4	458	55	494	0.991266375545852
AA7.hmm	458	EC989|EC989_013414-T1	469	1.2e-41	15	300	89	359	0.622270742358079
AA7.hmm	458	EC989|EC989_013530-T1	509	1.7e-91	5	458	69	505	0.989082969432314
AA7.hmm	458	EC989|EC989_014360-T1	504	1.9e-92	4	458	52	491	0.991266375545852
AA7.hmm	458	EC989|EC989_014392-T1	506	9.5e-100	4	458	55	494	0.991266375545852
CBM14.hmm	54	EC989|EC989_012123-T1	127	0.0001	13	50	87	125	0.685185185185185
CBM14.hmm	54	EC989|EC989_014249-T1	77	3.5e-06	11	47	37	72	0.666666666666667
CBM14.hmm	54	EC989|EC989_014268-T1	117	0.00013	15	47	75	108	0.592592592592593
CBM14.hmm	54	EC989|EC989_014681-T1	141	5.6e-05	13	48	100	135	0.648148148148148
CBM18.hmm	38	EC989|EC989_000392-T1	635	1.5e-07	7	35	139	168	0.736842105263158
CBM18.hmm	38	EC989|EC989_000392-T1	635	1.9e-07	7	35	25	54	0.736842105263158
CBM18.hmm	38	EC989|EC989_000392-T1	635	5.5e-08	7	36	86	116	0.763157894736842
CBM18.hmm	38	EC989|EC989_003195-T1	373	8.7e-06	2	36	23	56	0.894736842105263
CBM18.hmm	38	EC989|EC989_005448-T1	373	1.7e-05	2	36	23	56	0.894736842105263
CBM18.hmm	38	EC989|EC989_007086-T1	374	0.00034	6	36	29	61	0.789473684210526
CBM18.hmm	38	EC989|EC989_007087-T1	360	0.00026	6	36	29	61	0.789473684210526
CBM18.hmm	38	EC989|EC989_007088-T1	386	1.1e-05	6	36	30	62	0.789473684210526
CBM18.hmm	38	EC989|EC989_007882-T1	638	1.3e-07	7	35	148	177	0.736842105263158
CBM18.hmm	38	EC989|EC989_007882-T1	638	1.7e-07	7	35	95	124	0.736842105263158
CBM18.hmm	38	EC989|EC989_007882-T1	638	1.9e-07	7	35	34	63	0.736842105263158
CBM18.hmm	38	EC989|EC989_010297-T1	409	0.00011	6	36	60	91	0.789473684210526
CBM19.hmm	45	EC989|EC989_001409-T1	515	0.00013	10	43	467	503	0.733333333333333
CBM19.hmm	45	EC989|EC989_004621-T1	136	0.00015	2	44	75	115	0.933333333333333
CBM19.hmm	45	EC989|EC989_005979-T1	449	7.3e-10	3	43	377	416	0.888888888888889
CBM19.hmm	45	EC989|EC989_007803-T1	130	0.00081	11	43	84	117	0.711111111111111
CBM19.hmm	45	EC989|EC989_007942-T1	450	3.3e-11	1	44	389	430	0.955555555555556
CBM19.hmm	45	EC989|EC989_008371-T1	430	4.1e-11	3	43	358	397	0.888888888888889
CBM19.hmm	45	EC989|EC989_009284-T1	500	6.5e-06	10	45	449	486	0.777777777777778
CBM19.hmm	45	EC989|EC989_010126-T1	466	5.1e-10	1	44	406	446	0.955555555555556
CBM19.hmm	45	EC989|EC989_011157-T1	433	3.6e-08	3	43	374	411	0.888888888888889
CBM19.hmm	45	EC989|EC989_011312-T1	544	1.8e-05	10	43	496	532	0.733333333333333
CBM19.hmm	45	EC989|EC989_011612-T1	441	1.3e-10	1	44	381	421	0.955555555555556
CBM19.hmm	45	EC989|EC989_012265-T1	504	0.00082	10	43	456	492	0.733333333333333
CBM19.hmm	45	EC989|EC989_012557-T1	356	5.7e-05	9	43	309	345	0.755555555555556
CBM19.hmm	45	EC989|EC989_012695-T1	456	1.2e-09	1	44	395	436	0.955555555555556
CBM19.hmm	45	EC989|EC989_014230-T1	530	6.3e-05	11	43	483	518	0.711111111111111
CBM21.hmm	107	EC989|EC989_002299-T1	395	3.9e-30	3	106	119	230	0.962616822429907
CBM21.hmm	107	EC989|EC989_002300-T1	297	3.8e-27	3	107	102	213	0.97196261682243
CBM21.hmm	107	EC989|EC989_003160-T1	311	1.3e-29	3	107	120	232	0.97196261682243
CBM21.hmm	107	EC989|EC989_009739-T1	294	3.9e-29	2	107	98	210	0.981308411214953
CBM43.hmm	83	EC989|EC989_001724-T1	497	3e-07	2	65	371	443	0.759036144578313
CBM43.hmm	83	EC989|EC989_005389-T1	517	1.5e-08	2	75	371	451	0.879518072289157
CBM43.hmm	83	EC989|EC989_007982-T1	502	6.1e-10	2	75	372	453	0.879518072289157
CBM43.hmm	83	EC989|EC989_009785-T1	533	1.4e-08	8	82	378	453	0.891566265060241
CBM43.hmm	83	EC989|EC989_010127-T1	533	5.1e-09	9	82	379	453	0.879518072289157
CBM43.hmm	83	EC989|EC989_010861-T1	880	1.7e-09	2	77	413	496	0.903614457831325
CBM43.hmm	83	EC989|EC989_011505-T1	496	3.8e-07	2	68	370	445	0.795180722891566
CBM43.hmm	83	EC989|EC989_011558-T1	510	3.5e-08	2	75	366	446	0.879518072289157
CBM44.hmm	64	EC989|EC989_011918-T1	354	0.00037	8	32	256	280	0.375
CBM48.hmm	76	EC989|EC989_004312-T1	779	1e-08	3	45	126	178	0.552631578947368
CBM48.hmm	76	EC989|EC989_006620-T1	778	1.7e-08	3	46	125	178	0.565789473684211
CBM52.hmm	52	EC989|EC989_008582-T1	314	1.3e-05	2	45	247	287	0.826923076923077
CBM63.hmm	78	EC989|EC989_003480-T1	214	3.8e-20	2	72	127	197	0.897435897435897
CBM63.hmm	78	EC989|EC989_010176-T1	214	6.2e-20	2	72	127	197	0.897435897435897
CBM82.hmm	127	EC989|EC989_007770-T1	196	0.00045	2	74	52	119	0.566929133858268
CE14.hmm	124	EC989|EC989_010301-T1	179	2.3e-11	1	123	41	147	0.983870967741935
CE16.hmm	267	EC989|EC989_000452-T1	353	1.9e-15	2	264	70	342	0.9812734082397
CE16.hmm	267	EC989|EC989_000579-T1	329	1.8e-09	2	264	57	320	0.9812734082397
CE16.hmm	267	EC989|EC989_001860-T1	393	4.8e-19	2	264	70	342	0.9812734082397
CE16.hmm	267	EC989|EC989_004652-T1	310	2.1e-19	2	265	45	303	0.98501872659176
CE16.hmm	267	EC989|EC989_005447-T1	329	6.4e-11	3	266	53	319	0.98501872659176
CE16.hmm	267	EC989|EC989_005906-T1	319	5.5e-09	3	264	45	308	0.97752808988764
CE16.hmm	267	EC989|EC989_008491-T1	364	1.9e-16	31	266	78	319	0.880149812734082
CE16.hmm	267	EC989|EC989_008492-T1	328	1.2e-15	28	266	75	319	0.891385767790262
CE16.hmm	267	EC989|EC989_008996-T1	325	1e-18	2	266	54	319	0.98876404494382
CE16.hmm	267	EC989|EC989_013595-T1	325	1.9e-08	3	264	52	315	0.97752808988764
CE16.hmm	267	EC989|EC989_014755-T1	257	1.3e-17	4	259	1	257	0.955056179775281
CE1.hmm	227	EC989|EC989_000138-T1	692	7.1e-06	3	199	447	661	0.863436123348018
CE1.hmm	227	EC989|EC989_001995-T1	466	5.5e-06	37	143	131	284	0.466960352422908
CE1.hmm	227	EC989|EC989_002439-T1	336	3.1e-06	85	180	139	283	0.418502202643172
CE1.hmm	227	EC989|EC989_002444-T1	300	6.8e-09	29	210	32	255	0.797356828193833
CE1.hmm	227	EC989|EC989_004644-T1	224	1e-08	25	207	16	204	0.801762114537445
CE1.hmm	227	EC989|EC989_004995-T1	292	5.5e-40	1	224	24	285	0.982378854625551
CE1.hmm	227	EC989|EC989_005052-T1	746	1.6e-09	11	154	457	627	0.629955947136564
CE1.hmm	227	EC989|EC989_005234-T1	330	2.2e-07	26	143	105	234	0.515418502202643
CE1.hmm	227	EC989|EC989_006524-T1	754	6.9e-06	25	194	509	707	0.744493392070485
CE1.hmm	227	EC989|EC989_006623-T1	821	7e-11	11	149	473	639	0.607929515418502
CE1.hmm	227	EC989|EC989_007129-T1	312	3.5e-34	7	224	56	307	0.955947136563877
CE1.hmm	227	EC989|EC989_007633-T1	762	7.8e-07	23	189	513	709	0.731277533039648
CE1.hmm	227	EC989|EC989_007985-T1	307	5.1e-39	7	224	51	302	0.955947136563877
CE1.hmm	227	EC989|EC989_011429-T1	684	5.2e-14	12	208	439	654	0.863436123348018
CE1.hmm	227	EC989|EC989_011797-T1	800	7e-10	11	143	461	621	0.581497797356828
CE1.hmm	227	EC989|EC989_013645-T1	313	5e-32	5	224	55	308	0.964757709251101
CE3.hmm	194	EC989|EC989_002404-T1	274	4.2e-11	53	192	86	246	0.716494845360825
CE3.hmm	194	EC989|EC989_009203-T1	230	1.2e-12	53	192	42	202	0.716494845360825
CE4.hmm	130	EC989|EC989_001413-T1	348	8.7e-29	6	125	79	201	0.915384615384615
CE4.hmm	130	EC989|EC989_006052-T1	259	6e-33	9	126	65	185	0.9
CE4.hmm	130	EC989|EC989_006712-T1	260	6e-33	9	126	66	186	0.9
CE4.hmm	130	EC989|EC989_008681-T1	313	1.4e-13	15	107	77	171	0.707692307692308
CE4.hmm	130	EC989|EC989_013439-T1	692	8.1e-14	4	125	20	145	0.930769230769231
CE4.hmm	130	EC989|EC989_014281-T1	135	7.9e-23	6	77	60	133	0.546153846153846
CE9.hmm	373	EC989|EC989_011608-T1	468	3.1e-123	1	373	79	463	0.997319034852547
CE9.hmm	373	EC989|EC989_012131-T1	421	8.6e-122	1	370	13	394	0.989276139410188
GH109.hmm	126	EC989|EC989_010763-T1	462	2.8e-07	2	121	9	123	0.944444444444444
GH13_25.hmm	434	EC989|EC989_004382-T1	1606	2.5e-194	3	434	1072	1520	0.993087557603687
GH13_25.hmm	434	EC989|EC989_005242-T1	1605	5.9e-193	3	434	1072	1520	0.993087557603687
GH132.hmm	303	EC989|EC989_000633-T1	402	4.3e-68	51	301	153	398	0.825082508250825
GH132.hmm	303	EC989|EC989_000634-T1	403	1.2e-43	51	299	154	397	0.818481848184819
GH132.hmm	303	EC989|EC989_001584-T1	307	1.4e-60	32	294	48	297	0.864686468646865
GH132.hmm	303	EC989|EC989_002513-T1	303	2.5e-60	34	292	46	291	0.851485148514851
GH132.hmm	303	EC989|EC989_010510-T1	445	9.5e-67	47	301	192	441	0.838283828382838
GH132.hmm	303	EC989|EC989_010683-T1	269	2.3e-67	52	298	24	262	0.811881188118812
GH132.hmm	303	EC989|EC989_014089-T1	292	1.9e-62	32	293	24	281	0.861386138613861
GH13_40.hmm	359	EC989|EC989_009151-T1	274	7.9e-06	199	339	32	180	0.389972144846797
GH13_5.hmm	342	EC989|EC989_001337-T1	482	2.8e-151	2	342	31	370	0.994152046783626
GH13_5.hmm	342	EC989|EC989_002398-T1	484	1.6e-123	2	340	26	373	0.988304093567251
GH13_8.hmm	293	EC989|EC989_004312-T1	779	3.8e-151	1	293	307	600	0.996587030716723
GH13_8.hmm	293	EC989|EC989_006620-T1	778	9.2e-150	1	293	306	599	0.996587030716723
GH15.hmm	361	EC989|EC989_002156-T1	671	6.2e-82	3	360	288	663	0.988919667590028
GH15.hmm	361	EC989|EC989_006745-T1	1418	6.9e-15	4	178	36	237	0.481994459833795
GH15.hmm	361	EC989|EC989_010130-T1	671	7.4e-82	2	360	287	663	0.991689750692521
GH15.hmm	361	EC989|EC989_011120-T1	1420	4.1e-15	4	208	36	264	0.565096952908587
GH16_19.hmm	174	EC989|EC989_000037-T1	939	1.3e-46	3	174	53	216	0.982758620689655
GH16_19.hmm	174	EC989|EC989_001740-T1	394	1.2e-51	4	172	115	277	0.96551724137931
GH16_19.hmm	174	EC989|EC989_001742-T1	288	2.4e-48	6	172	27	185	0.954022988505747
GH16_19.hmm	174	EC989|EC989_003007-T1	293	7.7e-47	3	174	63	226	0.982758620689655
GH16_19.hmm	174	EC989|EC989_003195-T1	373	1.9e-59	3	174	105	274	0.982758620689655
GH16_19.hmm	174	EC989|EC989_003501-T1	385	6e-46	2	174	106	270	0.988505747126437
GH16_19.hmm	174	EC989|EC989_004044-T1	358	1.5e-52	3	174	117	280	0.982758620689655
GH16_19.hmm	174	EC989|EC989_004442-T1	383	1.3e-48	5	172	108	264	0.959770114942529
GH16_19.hmm	174	EC989|EC989_005448-T1	373	6.8e-60	4	174	106	274	0.977011494252874
GH16_19.hmm	174	EC989|EC989_006032-T1	278	6.7e-49	22	174	109	253	0.873563218390805
GH16_19.hmm	174	EC989|EC989_007085-T1	303	3.1e-50	6	172	27	185	0.954022988505747
GH16_19.hmm	174	EC989|EC989_007086-T1	374	1.7e-44	6	174	109	266	0.96551724137931
GH16_19.hmm	174	EC989|EC989_007087-T1	360	1e-50	4	174	107	269	0.977011494252874
GH16_19.hmm	174	EC989|EC989_007088-T1	386	1.9e-51	6	174	110	270	0.96551724137931
GH16_19.hmm	174	EC989|EC989_010297-T1	409	3.6e-54	5	172	138	295	0.959770114942529
GH16_19.hmm	174	EC989|EC989_010298-T1	393	1.7e-53	3	172	113	276	0.971264367816092
GH16_19.hmm	174	EC989|EC989_011541-T1	536	7.6e-47	6	172	110	268	0.954022988505747
GH16_2.hmm	326	EC989|EC989_005991-T1	488	9.8e-129	1	326	116	436	0.996932515337423
GH16_2.hmm	326	EC989|EC989_006778-T1	487	9.6e-129	1	326	116	435	0.996932515337423
GH16_2.hmm	326	EC989|EC989_008288-T1	490	6.6e-131	1	326	116	438	0.996932515337423
GH16_3.hmm	230	EC989|EC989_004084-T1	397	7.4e-70	1	230	127	395	0.995652173913044
GH16_3.hmm	230	EC989|EC989_009813-T1	295	1.1e-55	2	230	32	294	0.991304347826087
GH16_4.hmm	316	EC989|EC989_001661-T1	379	1.2e-123	1	316	56	376	0.996835443037975
GH16_4.hmm	316	EC989|EC989_003556-T1	406	2.3e-109	1	316	60	400	0.996835443037975
GH16_4.hmm	316	EC989|EC989_012390-T1	385	6.9e-124	1	316	62	382	0.996835443037975
GH17.hmm	311	EC989|EC989_000047-T1	339	4.2e-30	2	306	63	330	0.977491961414791
GH17.hmm	311	EC989|EC989_002995-T1	365	4e-30	12	310	93	361	0.958199356913183
GH17.hmm	311	EC989|EC989_003535-T1	377	4e-20	1	305	104	369	0.977491961414791
GH17.hmm	311	EC989|EC989_004588-T1	419	5.7e-33	14	306	162	412	0.938906752411576
GH17.hmm	311	EC989|EC989_008078-T1	350	2.9e-31	12	301	90	336	0.929260450160772
GH17.hmm	311	EC989|EC989_010603-T1	345	1.7e-26	2	305	69	335	0.97427652733119
GH17.hmm	311	EC989|EC989_012576-T1	454	2.6e-31	11	306	194	447	0.948553054662379
GH17.hmm	311	EC989|EC989_013839-T1	341	1.5e-29	11	302	80	328	0.935691318327974
GH18.hmm	296	EC989|EC989_000582-T1	660	1.4e-72	5	282	29	363	0.935810810810811
GH18.hmm	296	EC989|EC989_000583-T1	501	1.4e-74	4	282	21	361	0.939189189189189
GH18.hmm	296	EC989|EC989_001156-T1	431	5.3e-61	18	282	33	357	0.891891891891892
GH18.hmm	296	EC989|EC989_001409-T1	515	5.7e-75	2	284	21	404	0.952702702702703
GH18.hmm	296	EC989|EC989_001648-T1	314	5.6e-19	3	204	18	241	0.679054054054054
GH18.hmm	296	EC989|EC989_001891-T1	292	2.1e-44	114	286	41	248	0.581081081081081
GH18.hmm	296	EC989|EC989_001910-T1	432	1.8e-61	19	286	34	360	0.902027027027027
GH18.hmm	296	EC989|EC989_001956-T1	486	4.6e-75	3	285	25	366	0.952702702702703
GH18.hmm	296	EC989|EC989_002022-T1	534	5.2e-76	5	284	70	406	0.942567567567568
GH18.hmm	296	EC989|EC989_002666-T1	387	1.5e-81	4	283	5	375	0.942567567567568
GH18.hmm	296	EC989|EC989_003999-T1	420	3.5e-24	3	224	21	253	0.746621621621622
GH18.hmm	296	EC989|EC989_004473-T1	485	1e-68	4	286	105	458	0.952702702702703
GH18.hmm	296	EC989|EC989_005723-T1	315	1.2e-17	3	204	18	242	0.679054054054054
GH18.hmm	296	EC989|EC989_005922-T1	550	2.4e-74	3	284	53	437	0.949324324324324
GH18.hmm	296	EC989|EC989_005979-T1	449	5.3e-23	3	279	44	318	0.932432432432432
GH18.hmm	296	EC989|EC989_006501-T1	559	4.7e-19	3	222	29	288	0.739864864864865
GH18.hmm	296	EC989|EC989_006550-T1	489	5.7e-75	2	285	27	369	0.956081081081081
GH18.hmm	296	EC989|EC989_006898-T1	494	2.3e-56	5	285	39	411	0.945945945945946
GH18.hmm	296	EC989|EC989_007206-T1	501	6.3e-74	5	282	28	363	0.935810810810811
GH18.hmm	296	EC989|EC989_007208-T1	493	2.6e-74	5	282	132	467	0.935810810810811
GH18.hmm	296	EC989|EC989_007942-T1	450	7.5e-17	5	201	30	259	0.662162162162162
GH18.hmm	296	EC989|EC989_008187-T1	491	2.9e-24	3	270	49	292	0.902027027027027
GH18.hmm	296	EC989|EC989_008305-T1	415	2e-78	2	285	21	406	0.956081081081081
GH18.hmm	296	EC989|EC989_008371-T1	430	1.7e-24	3	282	25	302	0.942567567567568
GH18.hmm	296	EC989|EC989_008383-T1	460	3.1e-76	3	285	25	365	0.952702702702703
GH18.hmm	296	EC989|EC989_009284-T1	500	7.1e-76	3	284	44	384	0.949324324324324
GH18.hmm	296	EC989|EC989_009856-T1	568	3e-24	3	283	52	342	0.945945945945946
GH18.hmm	296	EC989|EC989_009881-T1	531	1.1e-75	2	284	21	404	0.952702702702703
GH18.hmm	296	EC989|EC989_009991-T1	473	4.3e-54	2	285	37	402	0.956081081081081
GH18.hmm	296	EC989|EC989_010126-T1	466	3.9e-25	4	201	32	281	0.665540540540541
GH18.hmm	296	EC989|EC989_011157-T1	433	4.8e-26	4	199	33	280	0.658783783783784
GH18.hmm	296	EC989|EC989_011312-T1	544	2.6e-78	2	284	47	431	0.952702702702703
GH18.hmm	296	EC989|EC989_011612-T1	441	6.5e-26	5	201	33	281	0.662162162162162
GH18.hmm	296	EC989|EC989_012265-T1	504	1.6e-78	2	284	21	405	0.952702702702703
GH18.hmm	296	EC989|EC989_012695-T1	456	3.4e-25	4	199	39	286	0.658783783783784
GH18.hmm	296	EC989|EC989_013287-T1	424	3.3e-79	2	284	32	414	0.952702702702703
GH18.hmm	296	EC989|EC989_013623-T1	587	9.6e-21	3	198	29	274	0.658783783783784
GH18.hmm	296	EC989|EC989_014230-T1	530	3e-75	2	284	21	404	0.952702702702703
GH20.hmm	337	EC989|EC989_001608-T1	648	5.4e-100	7	336	261	598	0.976261127596439
GH20.hmm	337	EC989|EC989_007778-T1	565	3.1e-100	7	336	161	500	0.976261127596439
GH20.hmm	337	EC989|EC989_008098-T1	565	6.5e-101	6	336	160	500	0.979228486646884
GH20.hmm	337	EC989|EC989_009775-T1	568	1.3e-97	7	336	165	503	0.976261127596439
GH20.hmm	337	EC989|EC989_009958-T1	573	2.7e-91	3	336	181	523	0.98813056379822
GH20.hmm	337	EC989|EC989_010118-T1	529	1.7e-94	6	336	164	491	0.979228486646884
GH20.hmm	337	EC989|EC989_010119-T1	559	1.7e-97	7	336	172	509	0.976261127596439
GH20.hmm	337	EC989|EC989_012396-T1	821	2.2e-33	9	335	167	485	0.967359050445104
GH20.hmm	337	EC989|EC989_012887-T1	562	3.4e-90	4	336	171	512	0.985163204747775
GH20.hmm	337	EC989|EC989_014092-T1	564	1.7e-90	6	336	175	514	0.979228486646884
GH24.hmm	137	EC989|EC989_000975-T1	169	4.4e-39	1	137	23	159	0.992700729927007
GH24.hmm	137	EC989|EC989_003771-T1	122	3.5e-20	53	137	28	112	0.613138686131387
GH24.hmm	137	EC989|EC989_003917-T1	171	3.7e-28	3	137	25	159	0.978102189781022
GH24.hmm	137	EC989|EC989_008916-T1	169	1.1e-41	2	137	24	159	0.985401459854015
GH24.hmm	137	EC989|EC989_009502-T1	155	8.6e-34	2	137	7	145	0.985401459854015
GH24.hmm	137	EC989|EC989_009891-T1	169	9.4e-41	1	137	23	159	0.992700729927007
GH24.hmm	137	EC989|EC989_012553-T1	179	3.3e-34	3	137	33	170	0.978102189781022
GH31.hmm	427	EC989|EC989_000492-T1	852	2e-146	3	427	248	730	0.992974238875878
GH31.hmm	427	EC989|EC989_000494-T1	867	3e-147	3	427	251	733	0.992974238875878
GH31.hmm	427	EC989|EC989_000689-T1	897	3.2e-150	3	427	259	753	0.992974238875878
GH31.hmm	427	EC989|EC989_003344-T1	722	1.5e-70	197	427	350	583	0.53864168618267
GH31.hmm	427	EC989|EC989_005053-T1	861	1.4e-142	3	427	247	729	0.992974238875878
GH31.hmm	427	EC989|EC989_005414-T1	951	5.9e-150	2	425	360	803	0.990632318501171
GH31.hmm	427	EC989|EC989_007695-T1	950	1.4e-150	2	426	359	803	0.992974238875878
GH31.hmm	427	EC989|EC989_008198-T1	745	3.8e-70	197	427	372	605	0.53864168618267
GH31.hmm	427	EC989|EC989_008559-T1	724	6.5e-70	197	427	351	584	0.53864168618267
GH31.hmm	427	EC989|EC989_013020-T1	727	4.5e-62	200	427	361	590	0.531615925058548
GH35.hmm	307	EC989|EC989_002135-T1	975	6.2e-20	1	181	55	241	0.586319218241042
GH37.hmm	491	EC989|EC989_000334-T1	639	1.1e-142	1	490	61	622	0.995926680244399
GH37.hmm	491	EC989|EC989_001729-T1	639	4.7e-145	1	490	61	622	0.995926680244399
GH37.hmm	491	EC989|EC989_006854-T1	979	1.7e-143	4	490	164	720	0.989816700610998
GH37.hmm	491	EC989|EC989_013058-T1	975	7.8e-143	4	490	162	718	0.989816700610998
GH38.hmm	269	EC989|EC989_009288-T1	1082	1.3e-82	2	255	270	522	0.940520446096654
GH38.hmm	269	EC989|EC989_013511-T1	1078	2.3e-84	2	255	270	522	0.940520446096654
GH3.hmm	216	EC989|EC989_000107-T1	780	6.7e-56	4	215	127	356	0.976851851851852
GH3.hmm	216	EC989|EC989_001436-T1	761	7.9e-57	3	208	104	328	0.949074074074074
GH3.hmm	216	EC989|EC989_011759-T1	780	1.8e-57	3	215	126	356	0.981481481481482
GH47.hmm	446	EC989|EC989_001997-T1	459	2.6e-115	48	445	1	377	0.890134529147982
GH47.hmm	446	EC989|EC989_002955-T1	369	1.5e-24	302	445	165	293	0.320627802690583
GH47.hmm	446	EC989|EC989_003696-T1	482	3.2e-141	2	446	50	480	0.995515695067265
GH47.hmm	446	EC989|EC989_006391-T1	558	1.3e-70	235	446	323	556	0.473094170403587
GH47.hmm	446	EC989|EC989_006391-T1	558	3.8e-65	1	200	130	321	0.446188340807175
GH47.hmm	446	EC989|EC989_008462-T1	488	2.9e-119	2	446	60	486	0.995515695067265
GH47.hmm	446	EC989|EC989_009641-T1	481	2e-123	2	446	49	479	0.995515695067265
GH47.hmm	446	EC989|EC989_009924-T1	488	1.5e-123	2	446	60	486	0.995515695067265
GH47.hmm	446	EC989|EC989_012317-T1	481	2.9e-122	2	446	49	479	0.995515695067265
GH47.hmm	446	EC989|EC989_013416-T1	538	1.2e-69	236	446	306	538	0.47085201793722
GH47.hmm	446	EC989|EC989_013416-T1	538	7.6e-65	1	200	114	303	0.446188340807175
GH5_12.hmm	539	EC989|EC989_004381-T1	751	3.7e-187	3	539	24	555	0.99443413729128
GH5_12.hmm	539	EC989|EC989_005090-T1	1361	3.7e-175	1	539	646	1154	0.998144712430427
GH5_12.hmm	539	EC989|EC989_005243-T1	751	4.4e-190	3	539	24	555	0.99443413729128
GH5_12.hmm	539	EC989|EC989_008466-T1	1213	7.5e-175	1	539	498	1006	0.998144712430427
GH5_2.hmm	237	EC989|EC989_000659-T1	1052	8.8e-07	7	125	394	527	0.49789029535865
GH5_9.hmm	303	EC989|EC989_001654-T1	419	1.5e-104	1	303	83	388	0.996699669966997
GH5_9.hmm	303	EC989|EC989_004065-T1	459	3.6e-81	1	303	59	340	0.996699669966997
GH5_9.hmm	303	EC989|EC989_005613-T1	469	1.3e-108	1	303	132	438	0.996699669966997
GH5_9.hmm	303	EC989|EC989_006390-T1	524	8.9e-106	1	303	174	488	0.996699669966997
GH5_9.hmm	303	EC989|EC989_010179-T1	534	6.2e-97	1	303	184	503	0.996699669966997
GH5_9.hmm	303	EC989|EC989_010942-T1	534	1.4e-97	1	303	185	503	0.996699669966997
GH5_9.hmm	303	EC989|EC989_013778-T1	525	2.2e-107	1	303	175	489	0.996699669966997
GH63.hmm	570	EC989|EC989_006798-T1	857	1e-26	291	567	606	855	0.484210526315789
GH72.hmm	312	EC989|EC989_000417-T1	461	4.3e-24	6	172	24	173	0.532051282051282
GH72.hmm	312	EC989|EC989_001724-T1	497	8.5e-114	5	311	18	319	0.980769230769231
GH72.hmm	312	EC989|EC989_005389-T1	517	9.5e-111	5	310	18	318	0.977564102564103
GH72.hmm	312	EC989|EC989_007982-T1	502	2.3e-116	4	311	17	320	0.983974358974359
GH72.hmm	312	EC989|EC989_009785-T1	533	1.8e-121	4	311	18	317	0.983974358974359
GH72.hmm	312	EC989|EC989_010127-T1	533	1.2e-122	4	311	18	317	0.983974358974359
GH72.hmm	312	EC989|EC989_010861-T1	880	8.7e-117	4	311	58	361	0.983974358974359
GH72.hmm	312	EC989|EC989_011505-T1	496	1.5e-114	5	311	18	318	0.980769230769231
GH72.hmm	312	EC989|EC989_011558-T1	510	7.8e-109	15	310	21	313	0.94551282051282
GH72.hmm	312	EC989|EC989_012527-T1	494	3.5e-46	6	293	24	290	0.919871794871795
GH74.hmm	233	EC989|EC989_008440-T1	2210	3.4e-10	26	157	61	187	0.562231759656652
GH74.hmm	233	EC989|EC989_010921-T1	2185	0.00031	39	112	446	512	0.313304721030043
GH74.hmm	233	EC989|EC989_010921-T1	2185	0.00094	39	111	1810	1875	0.309012875536481
GH74.hmm	233	EC989|EC989_010921-T1	2185	7.5e-11	25	167	36	174	0.609442060085837
GH81.hmm	622	EC989|EC989_002354-T1	703	1.6e-175	7	622	74	698	0.988745980707395
GH81.hmm	622	EC989|EC989_003129-T1	712	1.5e-173	14	622	82	707	0.977491961414791
GH81.hmm	622	EC989|EC989_006833-T1	715	2.2e-174	15	622	86	710	0.97588424437299
GH81.hmm	622	EC989|EC989_008552-T1	703	2e-178	9	622	76	698	0.985530546623794
GT15.hmm	273	EC989|EC989_002140-T1	398	3e-85	1	269	81	353	0.981684981684982
GT15.hmm	273	EC989|EC989_004672-T1	432	1.5e-115	1	272	111	383	0.992673992673993
GT15.hmm	273	EC989|EC989_004832-T1	347	6.4e-86	1	222	56	277	0.80952380952381
GT15.hmm	273	EC989|EC989_004841-T1	449	2.7e-115	1	272	128	400	0.992673992673993
GT15.hmm	273	EC989|EC989_004953-T1	361	6.1e-109	1	272	45	316	0.992673992673993
GT15.hmm	273	EC989|EC989_004961-T1	297	1.3e-81	22	270	1	253	0.908424908424908
GT15.hmm	273	EC989|EC989_005915-T1	407	3.4e-122	1	272	92	365	0.992673992673993
GT15.hmm	273	EC989|EC989_006133-T1	378	3.9e-115	1	272	65	337	0.992673992673993
GT15.hmm	273	EC989|EC989_008277-T1	393	1.6e-121	1	272	78	351	0.992673992673993
GT15.hmm	273	EC989|EC989_008278-T1	392	1.6e-97	2	272	44	333	0.989010989010989
GT15.hmm	273	EC989|EC989_008710-T1	373	1.3e-119	1	272	60	332	0.992673992673993
GT1.hmm	382	EC989|EC989_000062-T1	530	9.2e-17	197	342	254	409	0.379581151832461
GT1.hmm	382	EC989|EC989_000427-T1	558	2.8e-25	220	351	268	444	0.342931937172775
GT1.hmm	382	EC989|EC989_000428-T1	558	5.4e-24	222	351	278	444	0.337696335078534
GT1.hmm	382	EC989|EC989_002391-T1	565	2.6e-27	126	351	171	446	0.589005235602094
GT1.hmm	382	EC989|EC989_002392-T1	562	1.1e-27	223	351	281	446	0.335078534031414
GT1.hmm	382	EC989|EC989_002483-T1	584	3.4e-26	101	352	153	466	0.657068062827225
GT1.hmm	382	EC989|EC989_002771-T1	566	6.4e-22	183	327	219	408	0.37696335078534
GT1.hmm	382	EC989|EC989_003770-T1	562	5.9e-27	220	352	269	446	0.345549738219895
GT1.hmm	382	EC989|EC989_004579-T1	562	2.1e-26	220	352	269	446	0.345549738219895
GT1.hmm	382	EC989|EC989_004687-T1	565	4.7e-27	221	352	279	447	0.342931937172775
GT1.hmm	382	EC989|EC989_004688-T1	560	5.6e-27	192	352	252	445	0.418848167539267
GT1.hmm	382	EC989|EC989_004689-T1	532	1.4e-25	220	352	265	447	0.345549738219895
GT1.hmm	382	EC989|EC989_004690-T1	563	1.6e-27	220	352	265	447	0.345549738219895
GT1.hmm	382	EC989|EC989_005240-T1	554	4.5e-28	220	350	264	438	0.340314136125654
GT1.hmm	382	EC989|EC989_005330-T1	563	2.8e-26	220	352	267	448	0.345549738219895
GT1.hmm	382	EC989|EC989_005490-T1	1240	8.5e-54	4	378	774	1181	0.979057591623037
GT1.hmm	382	EC989|EC989_005963-T1	556	8.3e-30	174	352	220	443	0.465968586387435
GT1.hmm	382	EC989|EC989_006611-T1	560	1.7e-25	214	352	274	445	0.361256544502618
GT1.hmm	382	EC989|EC989_007034-T1	491	5.2e-31	197	352	254	442	0.405759162303665
GT1.hmm	382	EC989|EC989_007035-T1	558	1.7e-27	214	351	262	444	0.358638743455497
GT1.hmm	382	EC989|EC989_007230-T1	577	1.5e-20	224	351	299	465	0.332460732984293
GT1.hmm	382	EC989|EC989_007398-T1	511	4.7e-20	221	349	260	415	0.335078534031414
GT1.hmm	382	EC989|EC989_007720-T1	652	7e-17	220	350	329	513	0.340314136125654
GT1.hmm	382	EC989|EC989_007734-T1	522	1.1e-24	192	353	219	411	0.421465968586387
GT1.hmm	382	EC989|EC989_007983-T1	592	6.7e-20	187	328	245	431	0.369109947643979
GT1.hmm	382	EC989|EC989_009720-T1	561	1e-28	221	353	277	446	0.345549738219895
GT1.hmm	382	EC989|EC989_010074-T1	566	2.4e-21	204	330	240	411	0.329842931937173
GT1.hmm	382	EC989|EC989_010376-T1	568	1.6e-26	220	351	275	451	0.342931937172775
GT1.hmm	382	EC989|EC989_010384-T1	523	3.3e-21	195	352	221	409	0.410994764397906
GT1.hmm	382	EC989|EC989_010457-T1	1205	6.2e-56	4	377	739	1145	0.976439790575916
GT1.hmm	382	EC989|EC989_010567-T1	580	3.1e-16	175	322	245	437	0.384816753926702
GT1.hmm	382	EC989|EC989_011453-T1	584	2.9e-26	99	352	151	466	0.662303664921466
GT1.hmm	382	EC989|EC989_011658-T1	532	1.8e-20	228	350	301	459	0.319371727748691
GT1.hmm	382	EC989|EC989_013034-T1	495	1.2e-17	197	334	236	406	0.358638743455497
GT1.hmm	382	EC989|EC989_014785-T1	342	9.9e-21	220	353	139	323	0.348167539267016
GT20.hmm	475	EC989|EC989_001580-T1	466	4e-186	11	474	5	464	0.974736842105263
GT20.hmm	475	EC989|EC989_002520-T1	505	3.6e-191	10	473	37	502	0.974736842105263
GT20.hmm	475	EC989|EC989_009826-T1	776	2.8e-149	12	474	25	492	0.972631578947368
GT20.hmm	475	EC989|EC989_011693-T1	773	3.6e-158	12	474	15	489	0.972631578947368
GT21.hmm	233	EC989|EC989_003061-T1	509	2.5e-88	1	233	63	295	0.995708154506438
GT21.hmm	233	EC989|EC989_005213-T1	500	1.1e-85	1	233	53	285	0.995708154506438
GT21.hmm	233	EC989|EC989_006580-T1	501	9.4e-88	1	233	56	287	0.995708154506438
GT21.hmm	233	EC989|EC989_009627-T1	501	1.3e-85	1	233	61	292	0.995708154506438
GT21.hmm	233	EC989|EC989_010124-T1	501	3.8e-89	1	233	56	287	0.995708154506438
GT22.hmm	389	EC989|EC989_000202-T1	271	1.7e-34	223	388	2	150	0.424164524421594
GT22.hmm	389	EC989|EC989_003954-T1	477	1.9e-34	190	378	129	336	0.483290488431877
GT22.hmm	389	EC989|EC989_003954-T1	477	7.7e-15	4	136	8	131	0.339331619537275
GT22.hmm	389	EC989|EC989_008245-T1	594	7.9e-71	2	389	47	475	0.994858611825193
GT22.hmm	389	EC989|EC989_010138-T1	331	2.1e-41	8	356	2	295	0.894601542416452
GT24.hmm	248	EC989|EC989_005077-T1	1450	2.3e-126	1	248	1164	1411	0.995967741935484
GT24.hmm	248	EC989|EC989_010054-T1	157	5.1e-44	108	216	2	110	0.435483870967742
GT28.hmm	157	EC989|EC989_001275-T1	115	5.3e-10	50	125	7	82	0.477707006369427
GT2_Chitin_synth_1.hmm	163	EC989|EC989_000534-T1	821	7e-79	1	163	149	311	0.993865030674847
GT2_Chitin_synth_1.hmm	163	EC989|EC989_004106-T1	818	5.1e-77	1	163	148	309	0.993865030674847
GT2_Chitin_synth_1.hmm	163	EC989|EC989_004725-T1	820	5.3e-79	1	163	149	311	0.993865030674847
GT2_Chitin_synth_2.hmm	527	EC989|EC989_000309-T1	850	8.4e-26	202	524	295	604	0.61100569259962
GT2_Chitin_synth_2.hmm	527	EC989|EC989_000534-T1	821	2.3e-22	204	374	289	464	0.32258064516129
GT2_Chitin_synth_2.hmm	527	EC989|EC989_000604-T1	1279	7.6e-250	14	526	379	881	0.971537001897533
GT2_Chitin_synth_2.hmm	527	EC989|EC989_000704-T1	1278	8.1e-267	19	527	575	1093	0.963946869070209
GT2_Chitin_synth_2.hmm	527	EC989|EC989_000736-T1	1200	6.4e-81	23	491	360	800	0.888045540796964
GT2_Chitin_synth_2.hmm	527	EC989|EC989_000937-T1	995	1.2e-250	18	526	382	880	0.963946869070209
GT2_Chitin_synth_2.hmm	527	EC989|EC989_001884-T1	805	2.9e-21	204	494	315	591	0.550284629981025
GT2_Chitin_synth_2.hmm	527	EC989|EC989_002033-T1	1821	5.9e-230	5	526	1186	1688	0.988614800759013
GT2_Chitin_synth_2.hmm	527	EC989|EC989_002095-T1	1286	2.1e-265	19	527	583	1101	0.963946869070209
GT2_Chitin_synth_2.hmm	527	EC989|EC989_002608-T1	1834	2.2e-232	4	527	1092	1601	0.992409867172676
GT2_Chitin_synth_2.hmm	527	EC989|EC989_003073-T1	868	2.2e-25	203	524	314	622	0.609108159392789
GT2_Chitin_synth_2.hmm	527	EC989|EC989_003172-T1	1244	1.1e-280	15	527	665	1176	0.971537001897533
GT2_Chitin_synth_2.hmm	527	EC989|EC989_003265-T1	1818	2.8e-230	5	526	1142	1650	0.988614800759013
GT2_Chitin_synth_2.hmm	527	EC989|EC989_003667-T1	1797	2.5e-230	5	526	1183	1685	0.988614800759013
GT2_Chitin_synth_2.hmm	527	EC989|EC989_003669-T1	1831	1e-230	5	526	1187	1689	0.988614800759013
GT2_Chitin_synth_2.hmm	527	EC989|EC989_003678-T1	1256	2.8e-21	22	390	432	808	0.698292220113852
GT2_Chitin_synth_2.hmm	527	EC989|EC989_003689-T1	1868	2e-234	6	526	1150	1651	0.986717267552182
GT2_Chitin_synth_2.hmm	527	EC989|EC989_004106-T1	818	1.7e-21	204	374	287	462	0.32258064516129
GT2_Chitin_synth_2.hmm	527	EC989|EC989_004725-T1	820	4.3e-22	204	374	289	464	0.32258064516129
GT2_Chitin_synth_2.hmm	527	EC989|EC989_005598-T1	1231	6.4e-281	15	527	653	1164	0.971537001897533
GT2_Chitin_synth_2.hmm	527	EC989|EC989_006360-T1	986	3.4e-252	20	526	384	880	0.960151802656547
GT2_Chitin_synth_2.hmm	527	EC989|EC989_006970-T1	1870	7e-233	4	527	1148	1655	0.992409867172676
GT2_Chitin_synth_2.hmm	527	EC989|EC989_007375-T1	1875	8.7e-232	4	527	1148	1655	0.992409867172676
GT2_Chitin_synth_2.hmm	527	EC989|EC989_007956-T1	1682	3.4e-234	17	526	840	1341	0.96584440227704
GT2_Chitin_synth_2.hmm	527	EC989|EC989_008063-T1	1190	1.1e-81	24	491	361	800	0.886148007590133
GT2_Chitin_synth_2.hmm	527	EC989|EC989_009882-T1	1693	5.1e-233	16	526	841	1343	0.967741935483871
GT2_Chitin_synth_2.hmm	527	EC989|EC989_011043-T1	921	3.9e-235	6	526	207	708	0.986717267552182
GT2_Chitin_synth_2.hmm	527	EC989|EC989_011562-T1	1820	2.7e-229	5	526	1142	1650	0.988614800759013
GT2_Chitin_synth_2.hmm	527	EC989|EC989_013925-T1	428	3.7e-79	335	527	1	197	0.364326375711575
GT2_Chitin_synth_2.hmm	527	EC989|EC989_014053-T1	607	4.2e-96	20	253	384	607	0.442125237191651
GT2_Glycos_transf_2.hmm	170	EC989|EC989_003931-T1	315	4e-25	1	170	61	244	0.994117647058824
GT2_Glycos_transf_2.hmm	170	EC989|EC989_007706-T1	237	3.3e-34	1	169	5	175	0.988235294117647
GT2_Glycos_transf_2.hmm	170	EC989|EC989_007748-T1	237	2.3e-35	1	169	5	175	0.988235294117647
GT2_Glycos_transf_2.hmm	170	EC989|EC989_013545-T1	420	0.00049	3	61	238	294	0.341176470588235
GT2_Glycos_transf_2.hmm	170	EC989|EC989_013890-T1	316	3.1e-26	1	170	61	244	0.994117647058824
GT2_Glyco_trans_2_3.hmm	197	EC989|EC989_001587-T1	807	5.4e-21	3	196	317	541	0.979695431472081
GT32.hmm	90	EC989|EC989_002599-T1	796	3.5e-21	9	87	78	151	0.866666666666667
GT32.hmm	90	EC989|EC989_008957-T1	291	2.9e-18	8	87	70	144	0.877777777777778
GT32.hmm	90	EC989|EC989_012256-T1	255	6.6e-22	7	87	35	110	0.888888888888889
GT32.hmm	90	EC989|EC989_012717-T1	271	8.3e-18	9	86	71	143	0.855555555555556
GT32.hmm	90	EC989|EC989_013193-T1	398	1.3e-20	5	87	193	271	0.911111111111111
GT32.hmm	90	EC989|EC989_013622-T1	305	1.7e-19	8	86	83	156	0.866666666666667
GT32.hmm	90	EC989|EC989_013721-T1	292	2e-19	6	86	70	145	0.888888888888889
GT32.hmm	90	EC989|EC989_013772-T1	291	8.9e-20	8	86	70	143	0.866666666666667
GT32.hmm	90	EC989|EC989_014298-T1	289	1.4e-21	7	87	69	144	0.888888888888889
GT33.hmm	425	EC989|EC989_003402-T1	445	2.9e-142	3	423	2	440	0.988235294117647
GT33.hmm	425	EC989|EC989_007050-T1	446	4.7e-142	3	423	2	441	0.988235294117647
GT35.hmm	674	EC989|EC989_009039-T1	916	1.8e-268	3	673	177	892	0.99406528189911
GT35.hmm	674	EC989|EC989_011776-T1	818	8.7e-271	3	673	79	794	0.99406528189911
GT39.hmm	223	EC989|EC989_003494-T1	771	1.5e-59	2	223	93	332	0.991031390134529
GT39.hmm	223	EC989|EC989_004686-T1	886	8.7e-30	2	106	79	198	0.466367713004484
GT39.hmm	223	EC989|EC989_008142-T1	859	1.1e-68	2	223	61	302	0.991031390134529
GT39.hmm	223	EC989|EC989_009211-T1	738	1.6e-67	2	223	62	302	0.991031390134529
GT39.hmm	223	EC989|EC989_009719-T1	938	1.5e-67	2	223	79	317	0.991031390134529
GT39.hmm	223	EC989|EC989_009889-T1	790	9.7e-72	2	223	92	328	0.991031390134529
GT39.hmm	223	EC989|EC989_009913-T1	739	4.3e-67	2	223	63	303	0.991031390134529
GT39.hmm	223	EC989|EC989_011883-T1	772	4.6e-33	2	105	61	181	0.461883408071749
GT39.hmm	223	EC989|EC989_013924-T1	659	3.2e-57	34	223	2	206	0.847533632286996
GT3.hmm	637	EC989|EC989_003386-T1	497	1.7e-235	1	487	17	497	0.762951334379906
GT3.hmm	637	EC989|EC989_007366-T1	743	1.2e-294	1	623	17	635	0.976452119309262
GT41.hmm	705	EC989|EC989_001480-T1	1628	6.3e-51	307	569	1186	1540	0.371631205673759
GT41.hmm	705	EC989|EC989_006160-T1	1625	5.4e-49	307	562	1186	1531	0.361702127659574
GT44.hmm	100	EC989|EC989_003880-T1	106	0.00076	47	78	30	61	0.31
GT48.hmm	739	EC989|EC989_000155-T1	1973	9.1e-293	1	725	887	1667	0.979702300405954
GT48.hmm	739	EC989|EC989_003673-T1	1849	8.8e-284	1	725	814	1596	0.979702300405954
GT48.hmm	739	EC989|EC989_005729-T1	1976	1.2e-293	3	725	922	1699	0.976995940460081
GT48.hmm	739	EC989|EC989_006526-T1	1975	6.3e-291	3	725	921	1698	0.976995940460081
GT48.hmm	739	EC989|EC989_009512-T1	1973	3.6e-292	1	725	885	1665	0.979702300405954
GT48.hmm	739	EC989|EC989_012140-T1	1844	6.8e-285	1	725	814	1596	0.979702300405954
GT4.hmm	160	EC989|EC989_003622-T1	416	3.2e-22	8	145	186	310	0.85625
GT4.hmm	160	EC989|EC989_003623-T1	415	2.4e-22	8	147	185	311	0.86875
GT4.hmm	160	EC989|EC989_003624-T1	416	3.3e-21	8	143	186	308	0.84375
GT4.hmm	160	EC989|EC989_004284-T1	475	8.5e-20	11	151	277	433	0.875
GT4.hmm	160	EC989|EC989_004850-T1	455	3e-33	6	158	207	386	0.95
GT4.hmm	160	EC989|EC989_008228-T1	390	1.6e-21	8	136	159	279	0.8
GT4.hmm	160	EC989|EC989_008628-T1	363	2.3e-34	3	124	109	230	0.75625
GT4.hmm	160	EC989|EC989_009629-T1	414	2.7e-22	9	150	187	313	0.88125
GT4.hmm	160	EC989|EC989_010321-T1	420	1.8e-24	9	145	186	309	0.85
GT4.hmm	160	EC989|EC989_010322-T1	405	3.7e-19	9	139	178	295	0.8125
GT4.hmm	160	EC989|EC989_010647-T1	421	2e-21	9	146	188	312	0.85625
GT4.hmm	160	EC989|EC989_014121-T1	453	3e-22	12	150	256	410	0.8625
GT50.hmm	262	EC989|EC989_005360-T1	448	1.4e-80	1	262	141	432	0.99618320610687
GT57.hmm	481	EC989|EC989_000560-T1	589	4.1e-55	178	479	1	266	0.625779625779626
GT57.hmm	481	EC989|EC989_005033-T1	458	3.8e-136	14	480	4	451	0.968814968814969
GT57.hmm	481	EC989|EC989_011632-T1	513	8.1e-128	4	479	52	494	0.987525987525988
GT58.hmm	364	EC989|EC989_009384-T1	250	3.9e-63	137	364	2	221	0.623626373626374
GT66.hmm	693	EC989|EC989_003276-T1	730	1.4e-183	10	599	14	658	0.84992784992785
GT66.hmm	693	EC989|EC989_010889-T1	730	1.4e-184	10	600	14	659	0.851370851370851
GT69.hmm	239	EC989|EC989_005441-T1	366	1.8e-42	2	231	26	282	0.9581589958159
GT8.hmm	257	EC989|EC989_006493-T1	344	4.1e-40	18	256	9	306	0.926070038910506
