AA11.hmm	191	DSO57v2|DSO57v2_000318-T1	105	4e-12	11	78	37	99	0.350785340314136
AA11.hmm	191	DSO57v2|DSO57v2_000421-T1	201	2.1e-41	11	163	35	174	0.795811518324607
AA11.hmm	191	DSO57v2|DSO57v2_000422-T1	285	1.4e-45	1	163	20	176	0.848167539267016
AA11.hmm	191	DSO57v2|DSO57v2_000423-T1	285	1.4e-45	1	163	20	176	0.848167539267016
AA11.hmm	191	DSO57v2|DSO57v2_000424-T1	293	5.3e-41	12	167	41	178	0.81151832460733
AA11.hmm	191	DSO57v2|DSO57v2_000425-T1	292	1.1e-43	11	163	38	177	0.795811518324607
AA11.hmm	191	DSO57v2|DSO57v2_000427-T1	292	4.5e-44	11	163	38	177	0.795811518324607
AA11.hmm	191	DSO57v2|DSO57v2_001195-T1	223	1.8e-42	1	163	14	170	0.848167539267016
AA11.hmm	191	DSO57v2|DSO57v2_001203-T1	276	2.3e-06	40	166	56	205	0.659685863874346
AA11.hmm	191	DSO57v2|DSO57v2_001205-T1	226	4.3e-06	21	146	23	170	0.654450261780105
AA11.hmm	191	DSO57v2|DSO57v2_002249-T1	227	7.7e-45	1	163	15	172	0.848167539267016
AA11.hmm	191	DSO57v2|DSO57v2_002250-T1	275	3.1e-43	1	163	15	172	0.848167539267016
AA11.hmm	191	DSO57v2|DSO57v2_002311-T1	392	2.9e-40	1	163	15	169	0.848167539267016
AA11.hmm	191	DSO57v2|DSO57v2_002314-T1	392	2.9e-40	1	163	15	169	0.848167539267016
AA11.hmm	191	DSO57v2|DSO57v2_002318-T1	430	9.2e-41	1	163	15	169	0.848167539267016
AA11.hmm	191	DSO57v2|DSO57v2_002319-T1	352	9e-40	1	163	15	169	0.848167539267016
AA11.hmm	191	DSO57v2|DSO57v2_002320-T1	390	1.8e-41	1	163	15	169	0.848167539267016
AA11.hmm	191	DSO57v2|DSO57v2_002322-T1	352	3e-41	1	163	15	169	0.848167539267016
AA11.hmm	191	DSO57v2|DSO57v2_002325-T1	125	1.2e-25	11	130	19	124	0.62303664921466
AA11.hmm	191	DSO57v2|DSO57v2_002327-T1	405	1.8e-42	1	163	15	169	0.848167539267016
AA11.hmm	191	DSO57v2|DSO57v2_002328-T1	405	1.2e-42	1	163	15	169	0.848167539267016
AA11.hmm	191	DSO57v2|DSO57v2_002329-T1	405	1.7e-42	1	163	15	169	0.848167539267016
AA11.hmm	191	DSO57v2|DSO57v2_002330-T1	405	1.6e-39	1	163	15	169	0.848167539267016
AA11.hmm	191	DSO57v2|DSO57v2_002332-T1	381	1.7e-41	1	163	15	169	0.848167539267016
AA11.hmm	191	DSO57v2|DSO57v2_003325-T1	268	2.7e-42	11	163	31	170	0.795811518324607
AA11.hmm	191	DSO57v2|DSO57v2_003328-T1	215	6.8e-37	12	144	22	141	0.691099476439791
AA11.hmm	191	DSO57v2|DSO57v2_003329-T1	215	3.7e-37	12	144	22	141	0.691099476439791
AA11.hmm	191	DSO57v2|DSO57v2_005617-T1	209	1.9e-36	11	163	38	176	0.795811518324607
AA11.hmm	191	DSO57v2|DSO57v2_005620-T1	210	3.1e-39	1	164	16	176	0.853403141361257
AA11.hmm	191	DSO57v2|DSO57v2_007034-T1	223	1.8e-42	1	163	14	170	0.848167539267016
AA11.hmm	191	DSO57v2|DSO57v2_007041-T1	245	1e-06	39	166	55	205	0.664921465968586
AA11.hmm	191	DSO57v2|DSO57v2_007042-T1	226	2.2e-06	21	124	23	141	0.539267015706806
AA11.hmm	191	DSO57v2|DSO57v2_008858-T1	228	4.9e-27	54	163	2	109	0.570680628272251
AA11.hmm	191	DSO57v2|DSO57v2_009955-T1	207	1.8e-37	11	162	25	173	0.790575916230366
AA11.hmm	191	DSO57v2|DSO57v2_010696-T1	239	6.8e-05	76	145	134	207	0.361256544502618
AA11.hmm	191	DSO57v2|DSO57v2_012773-T1	114	3.9e-09	15	75	42	96	0.31413612565445
AA11.hmm	191	DSO57v2|DSO57v2_013325-T1	376	1.9e-36	11	176	37	187	0.863874345549738
AA11.hmm	191	DSO57v2|DSO57v2_013326-T1	381	1.2e-35	11	174	37	185	0.853403141361257
AA11.hmm	191	DSO57v2|DSO57v2_015592-T1	293	1e-40	12	167	41	178	0.81151832460733
AA11.hmm	191	DSO57v2|DSO57v2_015594-T1	272	1.5e-44	11	163	21	157	0.795811518324607
AA11.hmm	191	DSO57v2|DSO57v2_015596-T1	292	4.4e-44	11	163	38	177	0.795811518324607
AA11.hmm	191	DSO57v2|DSO57v2_015597-T1	264	1.8e-45	2	163	19	175	0.842931937172775
AA11.hmm	191	DSO57v2|DSO57v2_016445-T1	370	2.9e-41	1	163	15	169	0.848167539267016
AA11.hmm	191	DSO57v2|DSO57v2_016446-T1	370	2.9e-41	1	163	15	169	0.848167539267016
AA11.hmm	191	DSO57v2|DSO57v2_016447-T1	364	2.5e-39	1	171	15	176	0.890052356020942
AA11.hmm	191	DSO57v2|DSO57v2_016449-T1	405	2.2e-39	1	163	15	169	0.848167539267016
AA11.hmm	191	DSO57v2|DSO57v2_016450-T1	405	4e-41	1	163	15	169	0.848167539267016
AA11.hmm	191	DSO57v2|DSO57v2_016451-T1	407	1.8e-42	1	163	15	169	0.848167539267016
AA11.hmm	191	DSO57v2|DSO57v2_016453-T1	108	1.5e-14	1	95	15	106	0.492146596858639
AA11.hmm	191	DSO57v2|DSO57v2_017006-T1	351	8.7e-40	1	163	15	169	0.848167539267016
AA11.hmm	191	DSO57v2|DSO57v2_017007-T1	351	9.5e-40	1	163	15	169	0.848167539267016
AA11.hmm	191	DSO57v2|DSO57v2_017008-T1	428	1.1e-40	1	163	15	169	0.848167539267016
AA11.hmm	191	DSO57v2|DSO57v2_017011-T1	156	2.3e-39	1	145	15	154	0.753926701570681
AA11.hmm	191	DSO57v2|DSO57v2_017014-T1	392	6.8e-42	1	163	15	169	0.848167539267016
AA11.hmm	191	DSO57v2|DSO57v2_018039-T1	268	6.1e-07	44	123	15	110	0.413612565445026
AA11.hmm	191	DSO57v2|DSO57v2_018619-T1	234	2.6e-06	38	147	36	168	0.570680628272251
AA11.hmm	191	DSO57v2|DSO57v2_020890-T1	346	6.6e-36	11	176	37	187	0.863874345549738
AA11.hmm	191	DSO57v2|DSO57v2_022044-T1	207	1.8e-37	11	162	25	173	0.790575916230366
AA11.hmm	191	DSO57v2|DSO57v2_022914-T1	265	8.6e-05	76	145	160	233	0.361256544502618
AA11.hmm	191	DSO57v2|DSO57v2_023606-T1	224	1.7e-37	8	177	33	186	0.884816753926702
AA11.hmm	191	DSO57v2|DSO57v2_025416-T1	279	1.1e-33	13	162	43	181	0.780104712041885
AA11.hmm	191	DSO57v2|DSO57v2_026379-T1	209	3e-37	11	163	38	176	0.795811518324607
AA11.hmm	191	DSO57v2|DSO57v2_026380-T1	210	3.1e-39	1	164	16	176	0.853403141361257
AA11.hmm	191	DSO57v2|DSO57v2_028485-T1	265	2.5e-42	11	163	31	170	0.795811518324607
AA11.hmm	191	DSO57v2|DSO57v2_029651-T1	215	1.8e-38	12	144	22	141	0.691099476439791
AA11.hmm	191	DSO57v2|DSO57v2_031531-T1	234	2.6e-06	38	147	36	168	0.570680628272251
AA11.hmm	191	DSO57v2|DSO57v2_032350-T1	251	3.6e-35	12	162	35	172	0.785340314136126
AA11.hmm	191	DSO57v2|DSO57v2_033053-T1	308	1.3e-32	12	163	43	185	0.790575916230366
AA11.hmm	191	DSO57v2|DSO57v2_033873-T1	224	2.6e-37	8	177	33	186	0.884816753926702
AA11.hmm	191	DSO57v2|DSO57v2_035381-T1	411	3e-37	11	176	37	187	0.863874345549738
AA11.hmm	191	DSO57v2|DSO57v2_035405-T1	351	8e-40	1	163	15	169	0.848167539267016
AA11.hmm	191	DSO57v2|DSO57v2_035406-T1	352	3.5e-41	1	163	15	169	0.848167539267016
AA11.hmm	191	DSO57v2|DSO57v2_035407-T1	352	3.5e-41	1	163	15	169	0.848167539267016
AA11.hmm	191	DSO57v2|DSO57v2_035408-T1	108	6.7e-15	1	95	15	106	0.492146596858639
AA11.hmm	191	DSO57v2|DSO57v2_035526-T1	201	1.7e-41	11	163	35	174	0.795811518324607
AA11.hmm	191	DSO57v2|DSO57v2_035528-T1	285	1.4e-45	1	163	20	176	0.848167539267016
AA11.hmm	191	DSO57v2|DSO57v2_036758-T1	227	7.7e-45	1	163	15	172	0.848167539267016
AA11.hmm	191	DSO57v2|DSO57v2_038473-T1	285	1.4e-45	1	163	20	176	0.848167539267016
AA11.hmm	191	DSO57v2|DSO57v2_038474-T1	293	5.3e-41	12	167	41	178	0.81151832460733
AA11.hmm	191	DSO57v2|DSO57v2_039052-T1	234	2.6e-06	38	147	36	168	0.570680628272251
AA11.hmm	191	DSO57v2|DSO57v2_039318-T1	156	2.3e-39	1	145	15	154	0.753926701570681
AA1_1.hmm	303	DSO57v2|DSO57v2_018520-T1	509	1.1e-57	2	286	11	307	0.937293729372937
AA1_2.hmm	337	DSO57v2|DSO57v2_018517-T1	222	3.3e-41	3	156	36	195	0.454005934718101
AA1_2.hmm	337	DSO57v2|DSO57v2_026680-T1	552	1.4e-50	4	237	39	277	0.691394658753709
AA1_3.hmm	312	DSO57v2|DSO57v2_015302-T1	159	3.3e-37	11	131	14	132	0.384615384615385
AA1_3.hmm	312	DSO57v2|DSO57v2_015304-T1	192	2.9e-36	11	161	14	172	0.480769230769231
AA1_3.hmm	312	DSO57v2|DSO57v2_031167-T1	287	1.7e-56	12	266	30	280	0.814102564102564
AA1_3.hmm	312	DSO57v2|DSO57v2_031972-T1	154	5.5e-29	10	132	15	136	0.391025641025641
AA1.hmm	943	DSO57v2|DSO57v2_002158-T1	542	5.5e-63	450	794	34	386	0.364793213149523
AA1.hmm	943	DSO57v2|DSO57v2_027892-T1	542	1.6e-62	450	794	34	386	0.364793213149523
AA2.hmm	255	DSO57v2|DSO57v2_005996-T1	208	2.7e-24	14	141	23	152	0.498039215686275
AA2.hmm	255	DSO57v2|DSO57v2_006508-T1	269	7.8e-47	14	253	23	261	0.937254901960784
AA2.hmm	255	DSO57v2|DSO57v2_034147-T1	307	1e-61	4	254	40	291	0.980392156862745
AA3_2.hmm	568	DSO57v2|DSO57v2_003943-T1	576	1.6e-107	2	566	18	575	0.992957746478873
AA3_2.hmm	568	DSO57v2|DSO57v2_004640-T1	581	8.3e-103	2	565	21	579	0.991197183098592
AA3_2.hmm	568	DSO57v2|DSO57v2_004641-T1	562	5.8e-102	2	565	4	560	0.991197183098592
AA3_2.hmm	568	DSO57v2|DSO57v2_004642-T1	569	1.6e-106	2	566	14	568	0.992957746478873
AA3_2.hmm	568	DSO57v2|DSO57v2_004644-T1	576	1.5e-105	2	567	15	575	0.994718309859155
AA3_2.hmm	568	DSO57v2|DSO57v2_004645-T1	574	3.1e-101	2	566	15	573	0.992957746478873
AA3_2.hmm	568	DSO57v2|DSO57v2_006974-T1	612	2.8e-93	3	567	18	608	0.992957746478873
AA3_2.hmm	568	DSO57v2|DSO57v2_006978-T1	614	3e-95	2	567	18	610	0.994718309859155
AA3_2.hmm	568	DSO57v2|DSO57v2_008864-T1	588	1.5e-102	2	566	13	568	0.992957746478873
AA3_2.hmm	568	DSO57v2|DSO57v2_009094-T1	614	1.8e-96	2	567	18	610	0.994718309859155
AA3_2.hmm	568	DSO57v2|DSO57v2_009098-T1	582	5.8e-84	17	567	2	578	0.96830985915493
AA3_2.hmm	568	DSO57v2|DSO57v2_014142-T1	576	5.2e-104	2	566	16	575	0.992957746478873
AA3_2.hmm	568	DSO57v2|DSO57v2_014948-T1	581	1.6e-103	2	565	21	579	0.991197183098592
AA3_2.hmm	568	DSO57v2|DSO57v2_014950-T1	562	5.2e-101	2	565	4	560	0.991197183098592
AA3_2.hmm	568	DSO57v2|DSO57v2_014951-T1	569	4.3e-107	2	566	14	568	0.992957746478873
AA3_2.hmm	568	DSO57v2|DSO57v2_014952-T1	574	1.1e-100	2	548	15	556	0.961267605633803
AA3_2.hmm	568	DSO57v2|DSO57v2_014953-T1	574	2.9e-101	2	566	15	573	0.992957746478873
AA3_2.hmm	568	DSO57v2|DSO57v2_016379-T1	576	6.2e-107	2	566	18	575	0.992957746478873
AA3_2.hmm	568	DSO57v2|DSO57v2_017816-T1	621	1e-98	2	565	14	602	0.991197183098592
AA3_2.hmm	568	DSO57v2|DSO57v2_020013-T1	273	4.7e-33	2	252	15	259	0.440140845070423
AA3_2.hmm	568	DSO57v2|DSO57v2_020014-T1	295	1.2e-66	260	566	2	292	0.538732394366197
AA3_2.hmm	568	DSO57v2|DSO57v2_021959-T1	583	2.2e-96	2	568	16	579	0.996478873239437
AA3_2.hmm	568	DSO57v2|DSO57v2_022138-T1	578	1.4e-100	3	566	16	575	0.991197183098592
AA3_2.hmm	568	DSO57v2|DSO57v2_022496-T1	573	3.2e-100	2	567	14	572	0.994718309859155
AA3_2.hmm	568	DSO57v2|DSO57v2_022613-T1	573	2.9e-101	2	567	14	572	0.994718309859155
AA3_2.hmm	568	DSO57v2|DSO57v2_024143-T1	621	7.8e-99	2	565	14	602	0.991197183098592
AA3_2.hmm	568	DSO57v2|DSO57v2_028218-T1	583	3.6e-96	2	568	16	579	0.996478873239437
AA3_2.hmm	568	DSO57v2|DSO57v2_031804-T1	587	1.2e-107	1	568	20	584	0.998239436619718
AA3_2.hmm	568	DSO57v2|DSO57v2_033056-T1	588	1.4e-105	2	566	13	568	0.992957746478873
AA3_2.hmm	568	DSO57v2|DSO57v2_035929-T1	587	5.2e-107	1	568	20	584	0.998239436619718
AA3_2.hmm	568	DSO57v2|DSO57v2_037984-T1	375	7.2e-80	194	566	6	374	0.654929577464789
AA6.hmm	195	DSO57v2|DSO57v2_005142-T1	665	2.3e-71	1	194	21	214	0.98974358974359
AA6.hmm	195	DSO57v2|DSO57v2_009238-T1	665	1e-70	1	194	21	214	0.98974358974359
AA6.hmm	195	DSO57v2|DSO57v2_016013-T1	328	1.3e-65	2	185	7	190	0.938461538461538
AA6.hmm	195	DSO57v2|DSO57v2_022961-T1	291	4.5e-52	1	146	6	153	0.743589743589744
AA6.hmm	195	DSO57v2|DSO57v2_036652-T1	208	2.3e-80	1	194	6	200	0.98974358974359
AA6.hmm	195	DSO57v2|DSO57v2_037494-T1	172	1.6e-59	46	190	19	163	0.738461538461539
AA7.hmm	458	DSO57v2|DSO57v2_004257-T1	492	1.6e-76	6	213	49	259	0.451965065502183
AA7.hmm	458	DSO57v2|DSO57v2_004259-T1	498	2e-76	6	213	46	256	0.451965065502183
AA7.hmm	458	DSO57v2|DSO57v2_004262-T1	388	3e-52	67	214	1	151	0.320960698689956
AA7.hmm	458	DSO57v2|DSO57v2_004265-T1	551	2.9e-70	5	458	110	537	0.989082969432314
AA7.hmm	458	DSO57v2|DSO57v2_004267-T1	551	2.9e-70	5	458	110	537	0.989082969432314
AA7.hmm	458	DSO57v2|DSO57v2_004268-T1	483	1.6e-70	6	213	54	264	0.451965065502183
AA7.hmm	458	DSO57v2|DSO57v2_004269-T1	483	2.7e-72	6	214	54	265	0.454148471615721
AA7.hmm	458	DSO57v2|DSO57v2_004897-T1	485	2.4e-75	6	214	46	257	0.454148471615721
AA7.hmm	458	DSO57v2|DSO57v2_004901-T1	248	6e-57	6	170	46	211	0.358078602620087
AA7.hmm	458	DSO57v2|DSO57v2_004902-T1	484	1.8e-74	6	203	46	250	0.430131004366812
AA7.hmm	458	DSO57v2|DSO57v2_008162-T1	485	2.6e-76	6	213	46	256	0.451965065502183
AA7.hmm	458	DSO57v2|DSO57v2_008167-T1	484	2.6e-75	6	205	46	248	0.434497816593886
AA7.hmm	458	DSO57v2|DSO57v2_015523-T1	483	4.7e-72	6	213	54	264	0.451965065502183
AA7.hmm	458	DSO57v2|DSO57v2_015524-T1	483	1.3e-71	6	214	54	265	0.454148471615721
AA7.hmm	458	DSO57v2|DSO57v2_021139-T1	378	6.3e-68	21	279	2	263	0.563318777292576
AA7.hmm	458	DSO57v2|DSO57v2_022599-T1	483	1.1e-74	6	204	46	247	0.432314410480349
AA7.hmm	458	DSO57v2|DSO57v2_022600-T1	335	7.4e-76	6	205	46	248	0.434497816593886
AA7.hmm	458	DSO57v2|DSO57v2_023348-T1	492	4.5e-76	6	213	49	259	0.451965065502183
AA7.hmm	458	DSO57v2|DSO57v2_023354-T1	554	3.6e-71	5	458	110	537	0.989082969432314
AA7.hmm	458	DSO57v2|DSO57v2_023355-T1	554	3.6e-71	5	458	110	537	0.989082969432314
AA7.hmm	458	DSO57v2|DSO57v2_024355-T1	493	1.4e-74	6	213	46	256	0.451965065502183
AA7.hmm	458	DSO57v2|DSO57v2_028226-T1	478	1e-82	5	458	40	469	0.989082969432314
AA7.hmm	458	DSO57v2|DSO57v2_028726-T1	471	1.4e-75	6	254	42	292	0.541484716157205
AA7.hmm	458	DSO57v2|DSO57v2_028727-T1	474	9.5e-76	6	255	42	293	0.543668122270742
AA7.hmm	458	DSO57v2|DSO57v2_028733-T1	474	1.8e-84	7	458	43	467	0.98471615720524
AA7.hmm	458	DSO57v2|DSO57v2_029097-T1	485	1.9e-76	6	213	46	256	0.451965065502183
AA7.hmm	458	DSO57v2|DSO57v2_033906-T1	485	3e-76	6	213	46	256	0.451965065502183
AA7.hmm	458	DSO57v2|DSO57v2_035990-T1	478	6.8e-98	5	458	49	475	0.989082969432314
AA7.hmm	458	DSO57v2|DSO57v2_039327-T1	339	6.8e-77	6	213	49	259	0.451965065502183
AA9.hmm	220	DSO57v2|DSO57v2_002933-T1	250	1e-07	55	208	42	199	0.695454545454545
AA9.hmm	220	DSO57v2|DSO57v2_002936-T1	250	3e-08	55	208	42	199	0.695454545454545
AA9.hmm	220	DSO57v2|DSO57v2_022361-T1	279	1.4e-07	55	201	71	221	0.663636363636364
AA9.hmm	220	DSO57v2|DSO57v2_022362-T1	250	1.1e-07	55	201	42	192	0.663636363636364
AA9.hmm	220	DSO57v2|DSO57v2_038618-T1	250	1e-07	55	208	42	199	0.695454545454545
CBM18.hmm	38	DSO57v2|DSO57v2_000688-T1	264	5.3e-08	16	34	3	21	0.473684210526316
CBM18.hmm	38	DSO57v2|DSO57v2_000689-T1	294	1.1e-06	10	35	27	53	0.657894736842105
CBM18.hmm	38	DSO57v2|DSO57v2_000690-T1	289	2.5e-07	10	35	27	53	0.657894736842105
CBM18.hmm	38	DSO57v2|DSO57v2_000703-T1	289	2.5e-07	10	35	27	53	0.657894736842105
CBM18.hmm	38	DSO57v2|DSO57v2_000704-T1	294	1.1e-06	10	35	27	53	0.657894736842105
CBM18.hmm	38	DSO57v2|DSO57v2_000705-T1	264	5.3e-08	16	34	3	21	0.473684210526316
CBM18.hmm	38	DSO57v2|DSO57v2_001284-T1	291	0.00033	9	36	21	56	0.710526315789474
CBM18.hmm	38	DSO57v2|DSO57v2_001285-T1	290	2.3e-05	7	36	20	57	0.763157894736842
CBM18.hmm	38	DSO57v2|DSO57v2_002744-T1	198	4.6e-07	1	38	136	179	0.973684210526316
CBM18.hmm	38	DSO57v2|DSO57v2_002744-T1	198	5.8e-08	1	38	81	124	0.973684210526316
CBM18.hmm	38	DSO57v2|DSO57v2_002744-T1	198	6.6e-07	1	38	25	68	0.973684210526316
CBM18.hmm	38	DSO57v2|DSO57v2_003160-T1	365	4.4e-05	8	35	32	60	0.710526315789474
CBM18.hmm	38	DSO57v2|DSO57v2_003164-T1	339	1.8e-07	1	38	22	65	0.973684210526316
CBM18.hmm	38	DSO57v2|DSO57v2_003294-T1	449	2e-06	7	35	129	158	0.736842105263158
CBM18.hmm	38	DSO57v2|DSO57v2_003294-T1	449	6.7e-08	4	36	24	57	0.842105263157895
CBM18.hmm	38	DSO57v2|DSO57v2_003666-T1	244	3.2e-08	1	38	99	142	0.973684210526316
CBM18.hmm	38	DSO57v2|DSO57v2_003666-T1	244	4.2e-07	1	38	154	197	0.973684210526316
CBM18.hmm	38	DSO57v2|DSO57v2_003666-T1	244	9.3e-08	1	38	43	86	0.973684210526316
CBM18.hmm	38	DSO57v2|DSO57v2_004485-T1	235	7.1e-07	1	38	143	186	0.973684210526316
CBM18.hmm	38	DSO57v2|DSO57v2_004485-T1	235	7.7e-08	1	38	88	131	0.973684210526316
CBM18.hmm	38	DSO57v2|DSO57v2_004485-T1	235	8.8e-07	1	38	32	75	0.973684210526316
CBM18.hmm	38	DSO57v2|DSO57v2_009659-T1	323	5.7e-09	1	38	22	65	0.973684210526316
CBM18.hmm	38	DSO57v2|DSO57v2_009661-T1	335	9.8e-08	1	38	22	65	0.973684210526316
CBM18.hmm	38	DSO57v2|DSO57v2_009662-T1	292	9.9e-07	1	38	22	65	0.973684210526316
CBM18.hmm	38	DSO57v2|DSO57v2_009664-T1	341	9.2e-08	1	38	22	65	0.973684210526316
CBM18.hmm	38	DSO57v2|DSO57v2_009665-T1	292	5.1e-07	1	38	22	65	0.973684210526316
CBM18.hmm	38	DSO57v2|DSO57v2_009666-T1	338	3.3e-07	1	38	21	64	0.973684210526316
CBM18.hmm	38	DSO57v2|DSO57v2_009668-T1	345	9.3e-08	1	38	22	65	0.973684210526316
CBM18.hmm	38	DSO57v2|DSO57v2_010006-T1	323	5.7e-09	1	38	22	65	0.973684210526316
CBM18.hmm	38	DSO57v2|DSO57v2_010008-T1	335	5.7e-08	1	38	22	65	0.973684210526316
CBM18.hmm	38	DSO57v2|DSO57v2_010009-T1	292	1.6e-06	1	38	22	65	0.973684210526316
CBM18.hmm	38	DSO57v2|DSO57v2_010011-T1	341	2.1e-07	1	38	22	65	0.973684210526316
CBM18.hmm	38	DSO57v2|DSO57v2_010012-T1	292	5.1e-07	1	38	22	65	0.973684210526316
CBM18.hmm	38	DSO57v2|DSO57v2_010013-T1	338	3.3e-07	1	38	21	64	0.973684210526316
CBM18.hmm	38	DSO57v2|DSO57v2_010014-T1	345	9.3e-08	1	38	22	65	0.973684210526316
CBM18.hmm	38	DSO57v2|DSO57v2_013546-T1	342	5.6e-07	1	38	22	65	0.973684210526316
CBM18.hmm	38	DSO57v2|DSO57v2_019178-T1	335	0.00018	7	35	25	54	0.736842105263158
CBM18.hmm	38	DSO57v2|DSO57v2_020904-T1	338	5.4e-07	1	38	21	64	0.973684210526316
CBM18.hmm	38	DSO57v2|DSO57v2_021600-T1	341	4e-08	1	38	22	65	0.973684210526316
CBM18.hmm	38	DSO57v2|DSO57v2_021601-T1	341	4.4e-07	1	38	22	65	0.973684210526316
CBM18.hmm	38	DSO57v2|DSO57v2_024021-T1	335	4.6e-07	1	38	15	58	0.973684210526316
CBM18.hmm	38	DSO57v2|DSO57v2_025837-T1	334	1.5e-07	1	38	22	65	0.973684210526316
CBM18.hmm	38	DSO57v2|DSO57v2_025838-T1	340	1.5e-07	1	38	22	65	0.973684210526316
CBM18.hmm	38	DSO57v2|DSO57v2_025839-T1	341	1.5e-07	1	38	22	65	0.973684210526316
CBM18.hmm	38	DSO57v2|DSO57v2_027873-T1	357	4.2e-05	8	35	24	52	0.710526315789474
CBM18.hmm	38	DSO57v2|DSO57v2_027877-T1	339	1.7e-07	1	38	22	65	0.973684210526316
CBM18.hmm	38	DSO57v2|DSO57v2_034585-T1	342	1.7e-07	2	38	23	65	0.947368421052632
CBM18.hmm	38	DSO57v2|DSO57v2_034586-T1	341	1.5e-07	1	38	22	65	0.973684210526316
CBM18.hmm	38	DSO57v2|DSO57v2_034587-T1	340	1.5e-07	1	38	22	65	0.973684210526316
CBM18.hmm	38	DSO57v2|DSO57v2_034913-T1	341	2.2e-08	1	38	22	65	0.973684210526316
CBM18.hmm	38	DSO57v2|DSO57v2_034914-T1	341	4.4e-07	1	38	22	65	0.973684210526316
CBM18.hmm	38	DSO57v2|DSO57v2_035838-T1	341	1.5e-07	1	38	22	65	0.973684210526316
CBM18.hmm	38	DSO57v2|DSO57v2_036322-T1	335	0.00018	7	35	25	54	0.736842105263158
CBM18.hmm	38	DSO57v2|DSO57v2_036394-T1	338	5.4e-07	1	38	21	64	0.973684210526316
CBM18.hmm	38	DSO57v2|DSO57v2_038233-T1	342	2.1e-07	2	38	23	65	0.947368421052632
CBM18.hmm	38	DSO57v2|DSO57v2_038854-T1	226	4.9e-07	1	38	136	179	0.973684210526316
CBM18.hmm	38	DSO57v2|DSO57v2_038854-T1	226	6.4e-07	1	38	81	124	0.973684210526316
CBM18.hmm	38	DSO57v2|DSO57v2_038854-T1	226	8.2e-08	1	38	25	68	0.973684210526316
CBM18.hmm	38	DSO57v2|DSO57v2_038995-T1	342	2.1e-07	2	38	23	65	0.947368421052632
CBM19.hmm	45	DSO57v2|DSO57v2_002311-T1	392	6.8e-05	9	43	347	381	0.755555555555556
CBM19.hmm	45	DSO57v2|DSO57v2_002314-T1	392	6.8e-05	9	43	347	381	0.755555555555556
CBM19.hmm	45	DSO57v2|DSO57v2_004876-T1	428	3.7e-05	17	44	386	412	0.6
CBM19.hmm	45	DSO57v2|DSO57v2_005079-T1	541	0.00042	11	44	383	415	0.733333333333333
CBM19.hmm	45	DSO57v2|DSO57v2_013939-T1	462	1e-06	2	43	386	424	0.911111111111111
CBM19.hmm	45	DSO57v2|DSO57v2_017010-T1	142	3.8e-05	9	43	97	131	0.755555555555556
CBM19.hmm	45	DSO57v2|DSO57v2_017014-T1	392	0.0001	9	43	347	381	0.755555555555556
CBM19.hmm	45	DSO57v2|DSO57v2_017428-T1	441	3.2e-06	3	43	366	403	0.888888888888889
CBM19.hmm	45	DSO57v2|DSO57v2_019230-T1	497	1.2e-06	2	43	448	484	0.911111111111111
CBM19.hmm	45	DSO57v2|DSO57v2_024886-T1	428	3.7e-05	17	44	386	412	0.6
CBM19.hmm	45	DSO57v2|DSO57v2_024888-T1	428	9.2e-06	17	44	386	412	0.6
CBM19.hmm	45	DSO57v2|DSO57v2_025083-T1	541	0.00042	11	44	383	415	0.733333333333333
CBM19.hmm	45	DSO57v2|DSO57v2_026045-T1	496	1.2e-06	2	43	447	483	0.911111111111111
CBM19.hmm	45	DSO57v2|DSO57v2_039317-T1	142	3.8e-05	9	43	97	131	0.755555555555556
CBM21.hmm	107	DSO57v2|DSO57v2_006136-T1	316	3.4e-25	3	106	59	166	0.962616822429907
CBM21.hmm	107	DSO57v2|DSO57v2_010362-T1	316	3.7e-25	3	106	59	166	0.962616822429907
CBM21.hmm	107	DSO57v2|DSO57v2_016657-T1	362	2.3e-27	4	107	106	214	0.962616822429907
CBM21.hmm	107	DSO57v2|DSO57v2_035053-T1	362	2.3e-27	4	107	106	214	0.962616822429907
CBM32.hmm	124	DSO57v2|DSO57v2_000739-T1	146	2.9e-06	12	78	19	89	0.532258064516129
CBM32.hmm	124	DSO57v2|DSO57v2_000739-T2	125	4e-06	12	57	19	67	0.362903225806452
CBM32.hmm	124	DSO57v2|DSO57v2_030114-T1	146	3.6e-06	16	81	22	92	0.524193548387097
CBM32.hmm	124	DSO57v2|DSO57v2_030114-T2	125	7e-06	16	67	22	78	0.411290322580645
CBM43.hmm	83	DSO57v2|DSO57v2_003558-T1	496	7.5e-11	2	77	369	452	0.903614457831325
CBM43.hmm	83	DSO57v2|DSO57v2_010817-T1	431	0.00047	2	77	343	422	0.903614457831325
CBM43.hmm	83	DSO57v2|DSO57v2_010818-T1	493	8.8e-05	9	82	349	423	0.879518072289157
CBM43.hmm	83	DSO57v2|DSO57v2_011825-T1	521	8.8e-11	2	77	394	477	0.903614457831325
CBM43.hmm	83	DSO57v2|DSO57v2_030422-T1	517	0.00018	9	81	371	443	0.867469879518072
CBM43.hmm	83	DSO57v2|DSO57v2_030425-T1	493	2.9e-05	9	78	349	418	0.831325301204819
CBM43.hmm	83	DSO57v2|DSO57v2_038291-T1	495	0.00016	9	81	348	420	0.867469879518072
CBM48.hmm	76	DSO57v2|DSO57v2_032200-T1	723	4.9e-08	4	48	77	131	0.578947368421053
CBM52.hmm	52	DSO57v2|DSO57v2_000638-T1	327	1.5e-05	3	50	256	301	0.903846153846154
CBM55.hmm	46	DSO57v2|DSO57v2_004039-T1	168	9.5e-05	4	41	28	65	0.804347826086957
CBM55.hmm	46	DSO57v2|DSO57v2_017214-T1	168	9.5e-05	4	41	28	65	0.804347826086957
CBM63.hmm	78	DSO57v2|DSO57v2_010329-T1	212	1.7e-18	2	72	124	195	0.897435897435897
CBM63.hmm	78	DSO57v2|DSO57v2_010805-T1	238	1.1e-05	2	70	151	219	0.871794871794872
CBM63.hmm	78	DSO57v2|DSO57v2_015451-T1	242	4.4e-17	2	72	155	225	0.897435897435897
CBM63.hmm	78	DSO57v2|DSO57v2_015453-T1	210	5.1e-14	5	72	126	193	0.858974358974359
CBM63.hmm	78	DSO57v2|DSO57v2_015454-T1	210	2.3e-14	3	72	124	193	0.884615384615385
CBM63.hmm	78	DSO57v2|DSO57v2_015456-T1	170	3.9e-15	3	72	84	153	0.884615384615385
CBM63.hmm	78	DSO57v2|DSO57v2_016463-T1	238	5.4e-06	2	71	151	220	0.884615384615385
CBM63.hmm	78	DSO57v2|DSO57v2_021678-T1	232	4.1e-12	2	70	139	207	0.871794871794872
CBM63.hmm	78	DSO57v2|DSO57v2_022712-T1	232	4.1e-12	2	70	139	207	0.871794871794872
CBM63.hmm	78	DSO57v2|DSO57v2_023550-T1	190	8e-18	6	73	106	172	0.858974358974359
CBM63.hmm	78	DSO57v2|DSO57v2_023845-T1	238	4.2e-17	2	72	151	221	0.897435897435897
CBM63.hmm	78	DSO57v2|DSO57v2_023848-T1	210	1.2e-13	2	72	123	193	0.897435897435897
CBM63.hmm	78	DSO57v2|DSO57v2_023849-T1	210	1.1e-14	3	72	124	193	0.884615384615385
CBM63.hmm	78	DSO57v2|DSO57v2_023850-T1	225	5.9e-15	2	71	138	207	0.884615384615385
CBM63.hmm	78	DSO57v2|DSO57v2_032190-T1	255	4e-07	10	69	128	190	0.756410256410256
CBM63.hmm	78	DSO57v2|DSO57v2_032190-T3	199	2.3e-07	10	69	72	134	0.756410256410256
CBM63.hmm	78	DSO57v2|DSO57v2_033381-T1	190	8e-18	6	73	106	172	0.858974358974359
CBM63.hmm	78	DSO57v2|DSO57v2_033444-T1	255	5.6e-07	10	69	128	190	0.756410256410256
CBM63.hmm	78	DSO57v2|DSO57v2_033444-T2	199	3.4e-07	10	69	72	134	0.756410256410256
CE14.hmm	124	DSO57v2|DSO57v2_016800-T1	221	5.1e-15	1	123	54	166	0.983870967741935
CE14.hmm	124	DSO57v2|DSO57v2_016800-T2	176	2.7e-15	1	123	54	166	0.983870967741935
CE14.hmm	124	DSO57v2|DSO57v2_026482-T1	289	2.1e-14	1	123	54	166	0.983870967741935
CE16.hmm	267	DSO57v2|DSO57v2_001646-T1	230	3.2e-08	2	213	26	219	0.790262172284644
CE16.hmm	267	DSO57v2|DSO57v2_001647-T1	276	1.9e-15	2	264	22	268	0.9812734082397
CE16.hmm	267	DSO57v2|DSO57v2_005295-T1	157	1.3e-06	130	264	8	149	0.50187265917603
CE16.hmm	267	DSO57v2|DSO57v2_011169-T1	278	3.6e-06	131	266	58	203	0.50561797752809
CE16.hmm	267	DSO57v2|DSO57v2_011169-T2	252	2.7e-06	131	266	32	177	0.50561797752809
CE16.hmm	267	DSO57v2|DSO57v2_011328-T1	252	4.1e-06	131	266	32	177	0.50561797752809
CE16.hmm	267	DSO57v2|DSO57v2_014016-T1	157	1.4e-06	130	264	8	149	0.50187265917603
CE16.hmm	267	DSO57v2|DSO57v2_014799-T1	339	4.9e-07	2	101	40	130	0.370786516853933
CE16.hmm	267	DSO57v2|DSO57v2_016306-T1	307	4.3e-15	2	262	32	281	0.973782771535581
CE16.hmm	267	DSO57v2|DSO57v2_022736-T1	321	3.9e-07	2	103	22	114	0.378277153558052
CE16.hmm	267	DSO57v2|DSO57v2_025901-T1	230	6.6e-08	2	110	26	123	0.404494382022472
CE16.hmm	267	DSO57v2|DSO57v2_025902-T1	213	8.6e-08	2	171	16	163	0.632958801498127
CE16.hmm	267	DSO57v2|DSO57v2_026064-T1	307	5.7e-15	2	262	32	281	0.973782771535581
CE16.hmm	267	DSO57v2|DSO57v2_029210-T1	293	1.1e-08	3	94	52	136	0.340823970037453
CE16.hmm	267	DSO57v2|DSO57v2_031474-T1	212	4.6e-06	133	265	60	206	0.49438202247191
CE16.hmm	267	DSO57v2|DSO57v2_031475-T1	170	5e-07	132	265	15	164	0.49812734082397
CE16.hmm	267	DSO57v2|DSO57v2_031694-T1	170	0.00023	4	96	57	134	0.344569288389513
CE16.hmm	267	DSO57v2|DSO57v2_032817-T1	302	3.8e-08	4	257	60	283	0.947565543071161
CE16.hmm	267	DSO57v2|DSO57v2_038178-T1	293	1.1e-08	3	94	52	136	0.340823970037453
CE16.hmm	267	DSO57v2|DSO57v2_038767-T1	303	6e-05	3	92	60	134	0.333333333333333
CE16.hmm	267	DSO57v2|DSO57v2_039461-T1	230	6.6e-08	2	110	26	123	0.404494382022472
CE1.hmm	227	DSO57v2|DSO57v2_000632-T1	265	2.1e-07	9	209	17	247	0.881057268722467
CE1.hmm	227	DSO57v2|DSO57v2_004451-T1	165	1.2e-08	79	208	23	143	0.568281938325991
CE1.hmm	227	DSO57v2|DSO57v2_004451-T2	194	1.1e-08	78	208	51	172	0.572687224669604
CE1.hmm	227	DSO57v2|DSO57v2_005050-T1	181	8.4e-06	100	174	41	103	0.325991189427313
CE1.hmm	227	DSO57v2|DSO57v2_007907-T1	363	6.5e-08	11	139	224	354	0.563876651982379
CE1.hmm	227	DSO57v2|DSO57v2_008644-T1	804	1.9e-17	12	209	566	783	0.86784140969163
CE1.hmm	227	DSO57v2|DSO57v2_008746-T1	700	8.2e-06	77	194	514	650	0.515418502202643
CE1.hmm	227	DSO57v2|DSO57v2_009686-T1	322	1.5e-06	10	208	31	284	0.872246696035242
CE1.hmm	227	DSO57v2|DSO57v2_009695-T1	300	9.4e-07	8	208	18	268	0.881057268722467
CE1.hmm	227	DSO57v2|DSO57v2_012698-T1	287	2.1e-42	1	224	26	280	0.982378854625551
CE1.hmm	227	DSO57v2|DSO57v2_012698-T2	209	1.6e-30	58	224	1	202	0.731277533039648
CE1.hmm	227	DSO57v2|DSO57v2_012793-T1	705	5.3e-11	12	154	461	620	0.625550660792952
CE1.hmm	227	DSO57v2|DSO57v2_015200-T1	346	9.3e-07	58	143	29	163	0.374449339207048
CE1.hmm	227	DSO57v2|DSO57v2_015993-T1	298	1.1e-06	8	208	18	268	0.881057268722467
CE1.hmm	227	DSO57v2|DSO57v2_015994-T1	300	9.5e-07	8	208	18	268	0.881057268722467
CE1.hmm	227	DSO57v2|DSO57v2_017529-T1	699	6.9e-17	51	209	502	678	0.696035242290749
CE1.hmm	227	DSO57v2|DSO57v2_018435-T1	258	8.1e-37	9	224	2	252	0.947136563876652
CE1.hmm	227	DSO57v2|DSO57v2_018435-T2	174	3e-13	9	100	2	110	0.400881057268722
CE1.hmm	227	DSO57v2|DSO57v2_018437-T1	258	1.1e-40	8	224	1	250	0.951541850220264
CE1.hmm	227	DSO57v2|DSO57v2_021397-T1	939	3.2e-07	27	212	717	921	0.814977973568282
CE1.hmm	227	DSO57v2|DSO57v2_021397-T2	834	2.6e-07	27	212	612	816	0.814977973568282
CE1.hmm	227	DSO57v2|DSO57v2_022686-T1	306	1.2e-42	1	224	45	299	0.982378854625551
CE1.hmm	227	DSO57v2|DSO57v2_025651-T1	319	0.00026	51	122	133	202	0.312775330396476
CE1.hmm	227	DSO57v2|DSO57v2_025674-T1	558	1.5e-07	11	139	420	550	0.563876651982379
CE1.hmm	227	DSO57v2|DSO57v2_027190-T1	715	5.2e-11	12	155	443	603	0.629955947136564
CE1.hmm	227	DSO57v2|DSO57v2_032513-T1	253	5.2e-12	13	174	17	175	0.709251101321586
CE1.hmm	227	DSO57v2|DSO57v2_032513-T2	209	8.3e-12	13	140	17	154	0.559471365638767
CE1.hmm	227	DSO57v2|DSO57v2_032513-T3	235	6.5e-12	13	141	17	155	0.563876651982379
CE1.hmm	227	DSO57v2|DSO57v2_032705-T1	479	8.6e-07	51	143	156	294	0.405286343612335
CE1.hmm	227	DSO57v2|DSO57v2_032705-T2	335	9.8e-07	58	143	18	152	0.374449339207048
CE1.hmm	227	DSO57v2|DSO57v2_032770-T1	322	3.8e-06	22	208	42	284	0.819383259911894
CE1.hmm	227	DSO57v2|DSO57v2_034146-T1	285	4.4e-43	1	224	21	277	0.982378854625551
CE1.hmm	227	DSO57v2|DSO57v2_039066-T1	313	9e-07	78	207	96	283	0.568281938325991
CE3.hmm	194	DSO57v2|DSO57v2_024216-T1	230	2.7e-08	77	192	71	202	0.592783505154639
CE3.hmm	194	DSO57v2|DSO57v2_024217-T1	230	1.2e-12	71	192	65	201	0.623711340206186
CE3.hmm	194	DSO57v2|DSO57v2_030880-T1	230	1.5e-08	76	192	70	202	0.597938144329897
CE3.hmm	194	DSO57v2|DSO57v2_030881-T1	230	6.3e-13	70	192	64	201	0.628865979381443
CE4.hmm	130	DSO57v2|DSO57v2_003164-T1	339	1.1e-27	7	125	112	233	0.907692307692308
CE4.hmm	130	DSO57v2|DSO57v2_009659-T1	323	9.6e-19	8	125	110	230	0.9
CE4.hmm	130	DSO57v2|DSO57v2_009660-T1	279	2e-23	8	124	54	173	0.892307692307692
CE4.hmm	130	DSO57v2|DSO57v2_009661-T1	335	8e-28	6	124	107	228	0.907692307692308
CE4.hmm	130	DSO57v2|DSO57v2_009662-T1	292	4.3e-29	7	124	92	212	0.9
CE4.hmm	130	DSO57v2|DSO57v2_009664-T1	341	1.9e-28	6	124	110	231	0.907692307692308
CE4.hmm	130	DSO57v2|DSO57v2_009665-T1	292	2.1e-30	7	124	92	212	0.9
CE4.hmm	130	DSO57v2|DSO57v2_009666-T1	338	4.1e-28	6	124	108	229	0.907692307692308
CE4.hmm	130	DSO57v2|DSO57v2_009668-T1	345	1.9e-28	6	124	110	231	0.907692307692308
CE4.hmm	130	DSO57v2|DSO57v2_010006-T1	323	1.7e-18	8	125	110	230	0.9
CE4.hmm	130	DSO57v2|DSO57v2_010007-T1	334	4.4e-27	7	124	103	223	0.9
CE4.hmm	130	DSO57v2|DSO57v2_010008-T1	335	1.8e-28	6	124	107	228	0.907692307692308
CE4.hmm	130	DSO57v2|DSO57v2_010009-T1	292	2.6e-29	7	124	92	212	0.9
CE4.hmm	130	DSO57v2|DSO57v2_010011-T1	341	6.2e-29	6	124	110	231	0.907692307692308
CE4.hmm	130	DSO57v2|DSO57v2_010012-T1	292	5.5e-30	7	124	92	212	0.9
CE4.hmm	130	DSO57v2|DSO57v2_010013-T1	338	1.7e-28	7	124	109	229	0.9
CE4.hmm	130	DSO57v2|DSO57v2_010014-T1	345	3.6e-28	6	124	110	231	0.907692307692308
CE4.hmm	130	DSO57v2|DSO57v2_010840-T1	247	2.8e-13	23	103	95	177	0.615384615384615
CE4.hmm	130	DSO57v2|DSO57v2_012191-T1	238	2.6e-34	9	125	46	165	0.892307692307692
CE4.hmm	130	DSO57v2|DSO57v2_013546-T1	342	4.5e-27	7	124	112	232	0.9
CE4.hmm	130	DSO57v2|DSO57v2_014268-T1	238	5.5e-34	9	125	46	165	0.892307692307692
CE4.hmm	130	DSO57v2|DSO57v2_019834-T1	299	1.5e-11	6	126	45	170	0.923076923076923
CE4.hmm	130	DSO57v2|DSO57v2_020904-T1	338	1.2e-29	9	124	113	231	0.884615384615385
CE4.hmm	130	DSO57v2|DSO57v2_021600-T1	341	1.6e-27	9	124	114	232	0.884615384615385
CE4.hmm	130	DSO57v2|DSO57v2_021601-T1	341	2.8e-29	10	124	115	232	0.876923076923077
CE4.hmm	130	DSO57v2|DSO57v2_024021-T1	335	4.3e-27	7	124	105	225	0.9
CE4.hmm	130	DSO57v2|DSO57v2_025837-T1	334	1.4e-29	10	124	115	232	0.876923076923077
CE4.hmm	130	DSO57v2|DSO57v2_025838-T1	340	1.5e-29	10	124	115	232	0.876923076923077
CE4.hmm	130	DSO57v2|DSO57v2_025839-T1	341	1.5e-29	10	124	115	232	0.876923076923077
CE4.hmm	130	DSO57v2|DSO57v2_027877-T1	339	1.1e-27	7	125	112	233	0.907692307692308
CE4.hmm	130	DSO57v2|DSO57v2_034019-T1	276	1.3e-11	6	126	22	147	0.923076923076923
CE4.hmm	130	DSO57v2|DSO57v2_034585-T1	342	4.8e-26	8	124	113	232	0.892307692307692
CE4.hmm	130	DSO57v2|DSO57v2_034586-T1	341	1.5e-29	10	124	115	232	0.876923076923077
CE4.hmm	130	DSO57v2|DSO57v2_034587-T1	340	1.5e-29	10	124	115	232	0.876923076923077
CE4.hmm	130	DSO57v2|DSO57v2_034913-T1	341	1.4e-27	9	124	114	232	0.884615384615385
CE4.hmm	130	DSO57v2|DSO57v2_034914-T1	341	2.2e-29	9	124	114	232	0.884615384615385
CE4.hmm	130	DSO57v2|DSO57v2_035838-T1	341	1.5e-29	10	124	115	232	0.876923076923077
CE4.hmm	130	DSO57v2|DSO57v2_036394-T1	338	1.5e-29	9	124	113	231	0.884615384615385
CE4.hmm	130	DSO57v2|DSO57v2_038233-T1	342	3.9e-26	8	124	113	232	0.892307692307692
CE4.hmm	130	DSO57v2|DSO57v2_038995-T1	342	3.9e-26	8	124	113	232	0.892307692307692
dockerin.hmm	21	DSO57v2|DSO57v2_007800-T1	143	0.00045	3	20	23	40	0.80952380952381
dockerin.hmm	21	DSO57v2|DSO57v2_022867-T1	143	0.00045	3	20	23	40	0.80952380952381
GH13_25.hmm	434	DSO57v2|DSO57v2_022114-T1	1493	2.5e-195	3	432	1042	1480	0.988479262672811
GH13_25.hmm	434	DSO57v2|DSO57v2_028203-T1	1493	6.6e-196	3	432	1042	1480	0.988479262672811
GH13_25.hmm	434	DSO57v2|DSO57v2_028203-T2	1272	4.8e-196	3	432	821	1259	0.988479262672811
GH132.hmm	303	DSO57v2|DSO57v2_019460-T1	307	7.7e-64	40	302	48	305	0.864686468646865
GH132.hmm	303	DSO57v2|DSO57v2_036547-T1	653	2.5e-43	50	295	396	633	0.808580858085809
GH134.hmm	159	DSO57v2|DSO57v2_019688-T1	303	9.6e-05	16	90	36	110	0.465408805031447
GH13_5.hmm	342	DSO57v2|DSO57v2_007998-T1	488	4.9e-146	2	341	32	371	0.991228070175439
GH13_5.hmm	342	DSO57v2|DSO57v2_008002-T1	488	4.6e-142	2	341	32	371	0.991228070175439
GH13_5.hmm	342	DSO57v2|DSO57v2_011377-T1	488	6e-142	2	341	32	371	0.991228070175439
GH13_8.hmm	293	DSO57v2|DSO57v2_002861-T1	492	2.1e-154	1	293	26	319	0.996587030716723
GH13_8.hmm	293	DSO57v2|DSO57v2_032200-T1	723	5.5e-154	1	293	257	550	0.996587030716723
GH15.hmm	361	DSO57v2|DSO57v2_027486-T1	751	2.3e-15	4	279	25	314	0.761772853185596
GH15.hmm	361	DSO57v2|DSO57v2_034332-T1	644	3.5e-75	3	360	264	636	0.988919667590028
GH16_19.hmm	174	DSO57v2|DSO57v2_000688-T1	264	6.1e-49	4	173	73	235	0.971264367816092
GH16_19.hmm	174	DSO57v2|DSO57v2_000689-T1	294	3.9e-53	4	174	97	260	0.977011494252874
GH16_19.hmm	174	DSO57v2|DSO57v2_000690-T1	289	7.5e-53	3	174	97	261	0.982758620689655
GH16_19.hmm	174	DSO57v2|DSO57v2_000703-T1	289	9.4e-53	3	174	97	261	0.982758620689655
GH16_19.hmm	174	DSO57v2|DSO57v2_000704-T1	294	4.7e-53	4	174	97	260	0.977011494252874
GH16_19.hmm	174	DSO57v2|DSO57v2_000705-T1	264	1.3e-48	4	173	73	235	0.971264367816092
GH16_19.hmm	174	DSO57v2|DSO57v2_001283-T1	289	7.6e-54	3	174	100	263	0.982758620689655
GH16_19.hmm	174	DSO57v2|DSO57v2_001284-T1	291	1.2e-54	5	174	103	264	0.971264367816092
GH16_19.hmm	174	DSO57v2|DSO57v2_001285-T1	290	1.4e-55	3	174	102	265	0.982758620689655
GH16_19.hmm	174	DSO57v2|DSO57v2_003129-T1	212	5.4e-42	41	174	1	123	0.764367816091954
GH16_19.hmm	174	DSO57v2|DSO57v2_003160-T1	365	1.6e-45	3	174	106	266	0.982758620689655
GH16_19.hmm	174	DSO57v2|DSO57v2_003286-T1	247	1.7e-49	22	174	80	224	0.873563218390805
GH16_19.hmm	174	DSO57v2|DSO57v2_003294-T1	449	3e-49	22	174	274	424	0.873563218390805
GH16_19.hmm	174	DSO57v2|DSO57v2_019178-T1	335	3.6e-52	4	174	103	263	0.977011494252874
GH16_19.hmm	174	DSO57v2|DSO57v2_019197-T1	349	9.7e-53	3	174	100	260	0.982758620689655
GH16_19.hmm	174	DSO57v2|DSO57v2_027873-T1	357	3.4e-45	4	174	99	258	0.977011494252874
GH16_19.hmm	174	DSO57v2|DSO57v2_029437-T1	207	2.4e-29	3	86	100	184	0.477011494252874
GH16_19.hmm	174	DSO57v2|DSO57v2_036322-T1	335	9.6e-52	4	174	103	263	0.977011494252874
GH16_2.hmm	326	DSO57v2|DSO57v2_036011-T1	485	3.1e-137	1	326	113	433	0.996932515337423
GH16_2.hmm	326	DSO57v2|DSO57v2_036366-T1	485	7.2e-138	1	326	113	433	0.996932515337423
GH16_2.hmm	326	DSO57v2|DSO57v2_036366-T2	353	3.6e-126	21	326	1	301	0.93558282208589
GH16_3.hmm	230	DSO57v2|DSO57v2_000014-T1	295	1.6e-57	2	230	29	294	0.991304347826087
GH16_3.hmm	230	DSO57v2|DSO57v2_036398-T1	459	1.1e-66	1	230	184	450	0.995652173913044
GH16_4.hmm	316	DSO57v2|DSO57v2_020142-T1	368	5.8e-114	1	316	33	366	0.996835443037975
GH16_4.hmm	316	DSO57v2|DSO57v2_020613-T1	373	8.7e-101	1	266	61	335	0.838607594936709
GH16_4.hmm	316	DSO57v2|DSO57v2_021306-T1	406	2.7e-115	1	316	61	403	0.996835443037975
GH16_4.hmm	316	DSO57v2|DSO57v2_024423-T1	378	1.8e-118	1	316	55	376	0.996835443037975
GH16_4.hmm	316	DSO57v2|DSO57v2_025110-T1	378	1.8e-118	1	316	55	376	0.996835443037975
GH16_4.hmm	316	DSO57v2|DSO57v2_027317-T1	379	5.2e-102	1	274	41	322	0.863924050632911
GH16_4.hmm	316	DSO57v2|DSO57v2_027319-T1	377	1.9e-85	1	247	33	284	0.778481012658228
GH16_4.hmm	316	DSO57v2|DSO57v2_030098-T1	398	2.8e-108	1	316	47	385	0.996835443037975
GH16_4.hmm	316	DSO57v2|DSO57v2_030099-T1	383	5.9e-113	1	316	39	371	0.996835443037975
GH16_4.hmm	316	DSO57v2|DSO57v2_030101-T1	312	4.4e-70	1	194	90	290	0.610759493670886
GH16_4.hmm	316	DSO57v2|DSO57v2_030102-T1	412	1.5e-113	1	316	67	399	0.996835443037975
GH16_4.hmm	316	DSO57v2|DSO57v2_034790-T1	398	6.1e-109	1	316	47	385	0.996835443037975
GH16_4.hmm	316	DSO57v2|DSO57v2_034791-T1	211	1.5e-53	127	316	1	199	0.598101265822785
GH16_4.hmm	316	DSO57v2|DSO57v2_034796-T1	412	9.1e-114	1	316	67	399	0.996835443037975
GH16_4.hmm	316	DSO57v2|DSO57v2_037579-T1	412	1.5e-113	1	316	67	399	0.996835443037975
GH17.hmm	311	DSO57v2|DSO57v2_000332-T1	232	1.2e-26	88	304	49	220	0.694533762057878
GH17.hmm	311	DSO57v2|DSO57v2_000678-T1	290	2.3e-24	2	304	21	282	0.971061093247588
GH17.hmm	311	DSO57v2|DSO57v2_004325-T1	302	4.1e-26	12	306	44	294	0.945337620578778
GH17.hmm	311	DSO57v2|DSO57v2_004327-T1	292	3.3e-29	2	305	22	282	0.97427652733119
GH17.hmm	311	DSO57v2|DSO57v2_011740-T1	327	4.1e-31	2	308	56	319	0.983922829581994
GH17.hmm	311	DSO57v2|DSO57v2_013978-T1	323	7.5e-31	2	308	52	315	0.983922829581994
GH17.hmm	311	DSO57v2|DSO57v2_017330-T1	302	6.9e-26	12	306	44	294	0.945337620578778
GH17.hmm	311	DSO57v2|DSO57v2_017331-T1	292	2.3e-28	2	305	22	282	0.97427652733119
GH17.hmm	311	DSO57v2|DSO57v2_018311-T1	329	2.1e-20	5	301	56	310	0.951768488745981
GH17.hmm	311	DSO57v2|DSO57v2_020714-T1	314	3.1e-20	5	301	41	295	0.951768488745981
GH17.hmm	311	DSO57v2|DSO57v2_029998-T1	324	1.7e-28	13	306	66	316	0.942122186495177
GH17.hmm	311	DSO57v2|DSO57v2_033357-T1	324	1.7e-28	14	306	67	316	0.938906752411576
GH17.hmm	311	DSO57v2|DSO57v2_034116-T1	311	1.9e-27	25	304	62	299	0.897106109324759
GH17.hmm	311	DSO57v2|DSO57v2_034396-T1	329	1.3e-19	5	300	56	309	0.948553054662379
GH17.hmm	311	DSO57v2|DSO57v2_034608-T1	333	2.8e-20	5	301	60	314	0.951768488745981
GH17.hmm	311	DSO57v2|DSO57v2_038555-T1	302	5.2e-15	30	245	54	226	0.691318327974277
GH17.hmm	311	DSO57v2|DSO57v2_039198-T1	292	2.3e-28	2	305	22	282	0.97427652733119
GH18.hmm	296	DSO57v2|DSO57v2_002416-T1	395	7.7e-65	3	285	15	385	0.952702702702703
GH18.hmm	296	DSO57v2|DSO57v2_002418-T1	399	1.2e-66	3	289	15	389	0.966216216216216
GH18.hmm	296	DSO57v2|DSO57v2_003167-T1	609	1.1e-78	3	281	159	527	0.939189189189189
GH18.hmm	296	DSO57v2|DSO57v2_004876-T1	428	1.5e-27	3	198	19	258	0.658783783783784
GH18.hmm	296	DSO57v2|DSO57v2_005079-T1	541	1.5e-23	4	252	57	367	0.837837837837838
GH18.hmm	296	DSO57v2|DSO57v2_005488-T1	546	2.6e-76	3	284	18	381	0.949324324324324
GH18.hmm	296	DSO57v2|DSO57v2_005496-T1	416	1.1e-73	4	284	14	383	0.945945945945946
GH18.hmm	296	DSO57v2|DSO57v2_005497-T1	419	4.3e-73	4	284	14	383	0.945945945945946
GH18.hmm	296	DSO57v2|DSO57v2_005732-T1	425	9e-55	23	282	36	367	0.875
GH18.hmm	296	DSO57v2|DSO57v2_006198-T1	523	9e-70	2	284	18	402	0.952702702702703
GH18.hmm	296	DSO57v2|DSO57v2_006204-T1	522	5.2e-71	2	284	18	401	0.952702702702703
GH18.hmm	296	DSO57v2|DSO57v2_006205-T1	419	1.1e-69	3	284	33	408	0.949324324324324
GH18.hmm	296	DSO57v2|DSO57v2_006207-T1	403	1.2e-73	3	284	18	392	0.949324324324324
GH18.hmm	296	DSO57v2|DSO57v2_006209-T1	510	9.3e-70	2	284	18	394	0.952702702702703
GH18.hmm	296	DSO57v2|DSO57v2_007794-T1	375	4.5e-26	2	204	22	271	0.682432432432432
GH18.hmm	296	DSO57v2|DSO57v2_008646-T1	500	1.4e-64	2	284	18	387	0.952702702702703
GH18.hmm	296	DSO57v2|DSO57v2_011111-T1	482	1e-17	4	223	22	281	0.739864864864865
GH18.hmm	296	DSO57v2|DSO57v2_012335-T1	457	7.7e-57	3	285	9	385	0.952702702702703
GH18.hmm	296	DSO57v2|DSO57v2_013939-T1	462	6.9e-27	3	204	19	270	0.679054054054054
GH18.hmm	296	DSO57v2|DSO57v2_013968-T1	399	3.2e-66	3	290	15	390	0.969594594594595
GH18.hmm	296	DSO57v2|DSO57v2_013970-T1	395	8.6e-65	3	285	15	385	0.952702702702703
GH18.hmm	296	DSO57v2|DSO57v2_015760-T1	358	2.4e-41	138	284	3	193	0.493243243243243
GH18.hmm	296	DSO57v2|DSO57v2_015761-T1	163	6.5e-24	3	104	18	142	0.341216216216216
GH18.hmm	296	DSO57v2|DSO57v2_017422-T1	392	7.3e-27	3	278	21	300	0.929054054054054
GH18.hmm	296	DSO57v2|DSO57v2_017428-T1	441	5.3e-27	3	204	19	270	0.679054054054054
GH18.hmm	296	DSO57v2|DSO57v2_019228-T1	412	2.5e-75	2	284	17	400	0.952702702702703
GH18.hmm	296	DSO57v2|DSO57v2_019229-T1	475	1.5e-75	2	284	19	402	0.952702702702703
GH18.hmm	296	DSO57v2|DSO57v2_019230-T1	497	3.4e-74	2	284	20	403	0.952702702702703
GH18.hmm	296	DSO57v2|DSO57v2_020614-T1	417	3.8e-78	4	282	30	404	0.939189189189189
GH18.hmm	296	DSO57v2|DSO57v2_020614-T2	346	5.7e-67	51	282	33	333	0.780405405405405
GH18.hmm	296	DSO57v2|DSO57v2_022305-T1	425	2.7e-55	23	282	36	367	0.875
GH18.hmm	296	DSO57v2|DSO57v2_024886-T1	428	3.1e-23	3	197	19	257	0.655405405405405
GH18.hmm	296	DSO57v2|DSO57v2_024888-T1	428	9.2e-27	3	198	19	258	0.658783783783784
GH18.hmm	296	DSO57v2|DSO57v2_025083-T1	541	1.6e-23	4	243	57	361	0.807432432432432
GH18.hmm	296	DSO57v2|DSO57v2_025498-T1	425	4e-69	5	284	28	378	0.942567567567568
GH18.hmm	296	DSO57v2|DSO57v2_025499-T1	474	8.8e-81	4	284	19	391	0.945945945945946
GH18.hmm	296	DSO57v2|DSO57v2_025500-T1	425	4e-69	5	284	28	378	0.942567567567568
GH18.hmm	296	DSO57v2|DSO57v2_025965-T1	226	1e-42	4	162	14	212	0.533783783783784
GH18.hmm	296	DSO57v2|DSO57v2_025966-T1	416	2.5e-73	4	284	14	383	0.945945945945946
GH18.hmm	296	DSO57v2|DSO57v2_026043-T1	412	1.4e-74	2	284	17	400	0.952702702702703
GH18.hmm	296	DSO57v2|DSO57v2_026044-T1	477	2.1e-75	2	284	19	402	0.952702702702703
GH18.hmm	296	DSO57v2|DSO57v2_026045-T1	496	7.8e-74	2	284	20	403	0.952702702702703
GH18.hmm	296	DSO57v2|DSO57v2_026768-T1	415	1.1e-60	6	285	20	354	0.942567567567568
GH18.hmm	296	DSO57v2|DSO57v2_027351-T1	417	7.5e-69	5	284	20	370	0.942567567567568
GH18.hmm	296	DSO57v2|DSO57v2_027352-T1	474	5.1e-79	5	284	20	391	0.942567567567568
GH18.hmm	296	DSO57v2|DSO57v2_027516-T1	688	1.7e-17	4	216	22	274	0.716216216216216
GH18.hmm	296	DSO57v2|DSO57v2_027880-T1	497	1.6e-63	3	245	159	491	0.817567567567568
GH18.hmm	296	DSO57v2|DSO57v2_031097-T1	426	3.9e-64	2	284	18	387	0.952702702702703
GH18.hmm	296	DSO57v2|DSO57v2_031773-T1	512	5.6e-69	2	284	18	394	0.952702702702703
GH18.hmm	296	DSO57v2|DSO57v2_032998-T1	415	1.1e-60	6	285	20	354	0.942567567567568
GH18.hmm	296	DSO57v2|DSO57v2_034346-T1	321	3.5e-34	138	284	3	200	0.493243243243243
GH18.hmm	296	DSO57v2|DSO57v2_034347-T1	175	3.3e-27	2	119	18	175	0.39527027027027
GH18.hmm	296	DSO57v2|DSO57v2_034459-T1	233	6.8e-15	93	201	15	127	0.364864864864865
GH18.hmm	296	DSO57v2|DSO57v2_035814-T1	457	3.6e-56	3	285	9	385	0.952702702702703
GH18.hmm	296	DSO57v2|DSO57v2_036485-T1	408	5.5e-50	94	284	18	287	0.641891891891892
GH18.hmm	296	DSO57v2|DSO57v2_037304-T1	311	1.8e-15	2	202	16	238	0.675675675675676
GH20.hmm	337	DSO57v2|DSO57v2_000713-T1	535	5.8e-60	3	336	145	461	0.98813056379822
GH20.hmm	337	DSO57v2|DSO57v2_000714-T1	713	4.9e-61	4	336	146	462	0.985163204747775
GH20.hmm	337	DSO57v2|DSO57v2_001918-T1	797	3.8e-33	10	316	159	464	0.908011869436202
GH20.hmm	337	DSO57v2|DSO57v2_001918-T2	658	2.4e-33	10	316	20	325	0.908011869436202
GH20.hmm	337	DSO57v2|DSO57v2_003662-T1	526	1.5e-59	7	335	152	475	0.973293768545994
GH20.hmm	337	DSO57v2|DSO57v2_009284-T1	542	3e-97	5	336	152	492	0.982195845697329
GH20.hmm	337	DSO57v2|DSO57v2_009286-T1	542	3e-97	5	336	152	492	0.982195845697329
GH20.hmm	337	DSO57v2|DSO57v2_009288-T1	536	6.1e-98	7	336	150	488	0.976261127596439
GH20.hmm	337	DSO57v2|DSO57v2_010106-T1	557	1.1e-99	5	336	155	495	0.982195845697329
GH20.hmm	337	DSO57v2|DSO57v2_019661-T1	382	5.3e-46	3	226	145	364	0.661721068249258
GH20.hmm	337	DSO57v2|DSO57v2_031175-T1	536	9.4e-99	7	336	150	488	0.976261127596439
GH20.hmm	337	DSO57v2|DSO57v2_031177-T1	542	3.1e-97	4	336	151	492	0.985163204747775
GH20.hmm	337	DSO57v2|DSO57v2_031179-T1	541	1.1e-97	5	336	151	491	0.982195845697329
GH24.hmm	137	DSO57v2|DSO57v2_004662-T1	167	4.3e-30	1	137	19	157	0.992700729927007
GH24.hmm	137	DSO57v2|DSO57v2_013340-T1	167	2.8e-33	2	137	20	157	0.985401459854015
GH24.hmm	137	DSO57v2|DSO57v2_018554-T1	167	6.7e-30	1	137	19	157	0.992700729927007
GH24.hmm	137	DSO57v2|DSO57v2_021202-T1	167	2.8e-33	2	137	20	157	0.985401459854015
GH31.hmm	427	DSO57v2|DSO57v2_001650-T1	918	2.5e-158	2	427	321	764	0.995316159250585
GH31.hmm	427	DSO57v2|DSO57v2_010612-T1	869	5.7e-151	3	427	243	726	0.992974238875878
GH31.hmm	427	DSO57v2|DSO57v2_010616-T1	598	1.6e-102	3	291	243	590	0.674473067915691
GH31.hmm	427	DSO57v2|DSO57v2_010617-T1	812	4.7e-151	3	427	186	669	0.992974238875878
GH31.hmm	427	DSO57v2|DSO57v2_020093-T1	801	1.1e-151	3	427	186	669	0.992974238875878
GH31.hmm	427	DSO57v2|DSO57v2_020094-T1	869	1.1e-151	3	427	243	726	0.992974238875878
GH31.hmm	427	DSO57v2|DSO57v2_025903-T1	683	1.1e-124	2	346	321	683	0.805620608899297
GH35.hmm	307	DSO57v2|DSO57v2_010674-T1	500	2.9e-62	2	303	62	436	0.980456026058632
GH35.hmm	307	DSO57v2|DSO57v2_017155-T1	890	2.5e-12	205	303	106	208	0.319218241042345
GH37.hmm	491	DSO57v2|DSO57v2_000087-T1	604	2.1e-150	3	490	43	586	0.991853360488798
GH37.hmm	491	DSO57v2|DSO57v2_000088-T1	604	2.1e-150	3	490	43	586	0.991853360488798
GH37.hmm	491	DSO57v2|DSO57v2_000904-T1	606	1.6e-146	3	490	43	588	0.991853360488798
GH37.hmm	491	DSO57v2|DSO57v2_007960-T1	606	9.2e-140	3	490	43	588	0.991853360488798
GH37.hmm	491	DSO57v2|DSO57v2_009564-T1	606	6.8e-149	3	489	41	587	0.989816700610998
GH37.hmm	491	DSO57v2|DSO57v2_010195-T1	606	2.7e-149	3	489	41	587	0.989816700610998
GH37.hmm	491	DSO57v2|DSO57v2_014488-T1	623	1e-144	3	490	35	588	0.991853360488798
GH37.hmm	491	DSO57v2|DSO57v2_015097-T1	609	5.1e-146	3	490	43	588	0.991853360488798
GH37.hmm	491	DSO57v2|DSO57v2_029187-T1	623	6.5e-145	3	490	35	588	0.991853360488798
GH37.hmm	491	DSO57v2|DSO57v2_037156-T1	290	9.2e-67	3	236	43	278	0.474541751527495
GH37.hmm	491	DSO57v2|DSO57v2_039421-T1	721	6e-144	2	489	15	574	0.991853360488798
GH38.hmm	269	DSO57v2|DSO57v2_010326-T1	1065	2.7e-86	2	255	273	525	0.940520446096654
GH38.hmm	269	DSO57v2|DSO57v2_010326-T2	897	2e-86	2	255	105	357	0.940520446096654
GH3.hmm	216	DSO57v2|DSO57v2_004810-T1	677	3.2e-59	3	215	27	256	0.981481481481482
GH3.hmm	216	DSO57v2|DSO57v2_004814-T1	189	9.4e-28	3	96	94	187	0.430555555555556
GH3.hmm	216	DSO57v2|DSO57v2_007625-T1	776	4.2e-59	3	215	126	355	0.981481481481482
GH3.hmm	216	DSO57v2|DSO57v2_007625-T2	763	4e-59	3	215	113	342	0.981481481481482
GH3.hmm	216	DSO57v2|DSO57v2_007628-T1	317	7.4e-57	3	207	71	285	0.944444444444444
GH3.hmm	216	DSO57v2|DSO57v2_022791-T1	654	8.8e-59	3	215	121	351	0.981481481481482
GH3.hmm	216	DSO57v2|DSO57v2_022792-T1	771	2.5e-57	3	215	120	350	0.981481481481482
GH3.hmm	216	DSO57v2|DSO57v2_029466-T1	772	1.1e-58	3	215	121	351	0.981481481481482
GH3.hmm	216	DSO57v2|DSO57v2_029467-T1	771	2.9e-58	3	215	120	350	0.981481481481482
GH47.hmm	446	DSO57v2|DSO57v2_000409-T1	458	2.6e-126	2	446	30	456	0.995515695067265
GH47.hmm	446	DSO57v2|DSO57v2_000599-T1	472	1.2e-141	1	446	39	470	0.997757847533632
GH47.hmm	446	DSO57v2|DSO57v2_001792-T1	473	3.3e-129	1	439	36	465	0.982062780269058
GH47.hmm	446	DSO57v2|DSO57v2_001792-T2	697	1.7e-132	1	445	36	471	0.995515695067265
GH47.hmm	446	DSO57v2|DSO57v2_001792-T3	607	1.6e-115	44	445	1	381	0.899103139013453
GH47.hmm	446	DSO57v2|DSO57v2_001792-T4	684	8.5e-131	1	445	12	458	0.995515695067265
GH47.hmm	446	DSO57v2|DSO57v2_004250-T1	531	7.3e-128	2	446	101	529	0.995515695067265
GH47.hmm	446	DSO57v2|DSO57v2_005986-T1	177	4.2e-37	140	279	4	144	0.311659192825112
GH47.hmm	446	DSO57v2|DSO57v2_006683-T1	505	2.4e-128	2	446	75	503	0.995515695067265
GH47.hmm	446	DSO57v2|DSO57v2_008565-T1	198	1.3e-62	48	245	1	190	0.441704035874439
GH47.hmm	446	DSO57v2|DSO57v2_008566-T1	195	6.5e-42	275	413	1	145	0.309417040358744
GH47.hmm	446	DSO57v2|DSO57v2_015553-T1	467	4.4e-125	2	446	37	465	0.995515695067265
GH47.hmm	446	DSO57v2|DSO57v2_017206-T1	202	1.1e-46	236	446	1	200	0.47085201793722
GH47.hmm	446	DSO57v2|DSO57v2_019219-T1	478	8.1e-112	2	446	48	474	0.995515695067265
GH47.hmm	446	DSO57v2|DSO57v2_019220-T1	492	1.5e-128	2	446	62	490	0.995515695067265
GH47.hmm	446	DSO57v2|DSO57v2_019331-T1	354	1e-51	75	238	2	163	0.365470852017937
GH47.hmm	446	DSO57v2|DSO57v2_019331-T1	354	6.5e-55	285	446	163	348	0.360986547085202
GH47.hmm	446	DSO57v2|DSO57v2_019750-T1	545	3.1e-147	1	446	90	537	0.997757847533632
GH47.hmm	446	DSO57v2|DSO57v2_019750-T2	384	6.9e-119	75	446	2	376	0.831838565022421
GH47.hmm	446	DSO57v2|DSO57v2_021267-T1	467	1.9e-125	2	446	37	465	0.995515695067265
GH47.hmm	446	DSO57v2|DSO57v2_024002-T1	505	6.1e-129	2	446	75	503	0.995515695067265
GH47.hmm	446	DSO57v2|DSO57v2_024003-T1	478	3.8e-113	2	446	48	474	0.995515695067265
GH47.hmm	446	DSO57v2|DSO57v2_027899-T1	521	4.2e-156	1	445	67	509	0.995515695067265
GH47.hmm	446	DSO57v2|DSO57v2_028532-T1	545	1.1e-146	1	446	90	537	0.997757847533632
GH47.hmm	446	DSO57v2|DSO57v2_029005-T1	473	1.3e-108	102	446	2	356	0.771300448430493
GH47.hmm	446	DSO57v2|DSO57v2_029288-T1	384	4.2e-118	75	446	2	376	0.831838565022421
GH47.hmm	446	DSO57v2|DSO57v2_029288-T2	561	2e-146	1	446	106	553	0.997757847533632
GH47.hmm	446	DSO57v2|DSO57v2_029288-T3	502	1e-115	1	379	106	483	0.847533632286996
GH47.hmm	446	DSO57v2|DSO57v2_033204-T1	288	1.5e-74	44	329	1	276	0.639013452914798
GH47.hmm	446	DSO57v2|DSO57v2_033961-T1	341	1.6e-67	246	446	10	224	0.448430493273543
GH47.hmm	446	DSO57v2|DSO57v2_039474-T1	471	4.3e-121	2	446	37	469	0.995515695067265
GH5_12.hmm	539	DSO57v2|DSO57v2_014428-T1	967	1.5e-174	1	539	245	754	0.998144712430427
GH5_12.hmm	539	DSO57v2|DSO57v2_014428-T2	858	1.1e-174	1	539	136	645	0.998144712430427
GH5_12.hmm	539	DSO57v2|DSO57v2_016833-T1	670	2.8e-50	322	539	298	509	0.402597402597403
GH5_12.hmm	539	DSO57v2|DSO57v2_016833-T1	670	4.2e-95	3	276	21	286	0.506493506493506
GH5_12.hmm	539	DSO57v2|DSO57v2_034517-T1	197	4.4e-58	3	168	21	179	0.306122448979592
GH5_12.hmm	539	DSO57v2|DSO57v2_034518-T1	427	4.1e-51	320	539	53	266	0.406307977736549
GH5_12.hmm	539	DSO57v2|DSO57v2_035181-T1	967	1.5e-174	1	539	245	754	0.998144712430427
GH5_12.hmm	539	DSO57v2|DSO57v2_038615-T1	233	3.2e-79	3	216	21	225	0.395176252319109
GH5_12.hmm	539	DSO57v2|DSO57v2_038616-T1	268	5.6e-38	347	519	14	187	0.319109461966605
GH5_12.hmm	539	DSO57v2|DSO57v2_038768-T1	703	4e-186	3	538	16	547	0.992578849721707
GH5_12.hmm	539	DSO57v2|DSO57v2_038768-T2	709	4.1e-186	3	538	16	547	0.992578849721707
GH5_9.hmm	303	DSO57v2|DSO57v2_007364-T1	495	5.4e-106	1	303	150	462	0.996699669966997
GH5_9.hmm	303	DSO57v2|DSO57v2_007367-T1	500	7.3e-106	1	303	152	464	0.996699669966997
GH5_9.hmm	303	DSO57v2|DSO57v2_007372-T1	500	3.6e-104	1	303	151	463	0.996699669966997
GH5_9.hmm	303	DSO57v2|DSO57v2_008013-T1	192	9e-30	157	291	2	143	0.442244224422442
GH5_9.hmm	303	DSO57v2|DSO57v2_008015-T1	415	5.1e-98	1	303	77	386	0.996699669966997
GH5_9.hmm	303	DSO57v2|DSO57v2_014513-T1	403	2.4e-107	1	303	72	377	0.996699669966997
GH5_9.hmm	303	DSO57v2|DSO57v2_015122-T1	412	5.1e-100	2	303	78	386	0.993399339933993
GH5_9.hmm	303	DSO57v2|DSO57v2_025650-T1	403	1.3e-107	1	303	72	377	0.996699669966997
GH5_9.hmm	303	DSO57v2|DSO57v2_026581-T1	500	3.6e-105	1	303	152	464	0.996699669966997
GH5_9.hmm	303	DSO57v2|DSO57v2_026584-T1	495	1.7e-105	1	303	150	462	0.996699669966997
GH5_9.hmm	303	DSO57v2|DSO57v2_026759-T1	410	3e-99	2	303	76	384	0.993399339933993
GH5_9.hmm	303	DSO57v2|DSO57v2_033758-T1	412	2.8e-101	1	303	77	386	0.996699669966997
GH5_9.hmm	303	DSO57v2|DSO57v2_033759-T1	415	3.1e-98	1	303	77	386	0.996699669966997
GH5_9.hmm	303	DSO57v2|DSO57v2_034569-T1	240	9.4e-57	98	303	2	214	0.676567656765677
GH5_9.hmm	303	DSO57v2|DSO57v2_034838-T1	411	3.3e-99	1	303	75	384	0.996699669966997
GH5_9.hmm	303	DSO57v2|DSO57v2_034839-T1	415	2e-102	1	303	77	386	0.996699669966997
GH5_9.hmm	303	DSO57v2|DSO57v2_039376-T1	415	7.1e-100	1	303	77	386	0.996699669966997
GH5_9.hmm	303	DSO57v2|DSO57v2_039389-T1	347	1.1e-87	1	264	75	344	0.867986798679868
GH5.hmm	275	DSO57v2|DSO57v2_010096-T1	1057	1.5e-12	34	235	389	703	0.730909090909091
GH5.hmm	275	DSO57v2|DSO57v2_031658-T1	1057	1.7e-12	34	235	389	703	0.730909090909091
GH63.hmm	570	DSO57v2|DSO57v2_023543-T1	842	1.3e-25	318	567	625	840	0.436842105263158
GH63.hmm	570	DSO57v2|DSO57v2_031579-T1	545	1.6e-25	318	567	328	543	0.436842105263158
GH72.hmm	312	DSO57v2|DSO57v2_003558-T1	496	1.4e-121	4	310	13	316	0.980769230769231
GH72.hmm	312	DSO57v2|DSO57v2_010817-T1	431	3.1e-116	10	312	1	293	0.967948717948718
GH72.hmm	312	DSO57v2|DSO57v2_010818-T1	493	3.4e-114	15	311	1	287	0.948717948717949
GH72.hmm	312	DSO57v2|DSO57v2_011825-T1	521	2.9e-121	4	310	38	341	0.980769230769231
GH72.hmm	312	DSO57v2|DSO57v2_014145-T1	433	7.2e-43	5	249	15	237	0.782051282051282
GH72.hmm	312	DSO57v2|DSO57v2_021824-T1	455	2.1e-52	5	308	15	290	0.971153846153846
GH72.hmm	312	DSO57v2|DSO57v2_030422-T1	517	7.3e-114	5	310	14	307	0.977564102564103
GH72.hmm	312	DSO57v2|DSO57v2_030424-T1	431	6e-116	10	312	1	293	0.967948717948718
GH72.hmm	312	DSO57v2|DSO57v2_030425-T1	493	3e-114	15	311	1	287	0.948717948717949
GH72.hmm	312	DSO57v2|DSO57v2_030660-T1	456	2.4e-51	5	310	13	291	0.977564102564103
GH72.hmm	312	DSO57v2|DSO57v2_030757-T1	456	5.1e-51	5	310	13	291	0.977564102564103
GH72.hmm	312	DSO57v2|DSO57v2_038291-T1	495	1.2e-109	15	310	1	284	0.94551282051282
GH74.hmm	233	DSO57v2|DSO57v2_020842-T1	143	2.5e-09	7	112	27	126	0.450643776824034
GH74.hmm	233	DSO57v2|DSO57v2_020843-T1	1118	8.9e-07	37	129	887	972	0.394849785407725
GH74.hmm	233	DSO57v2|DSO57v2_020844-T1	751	0.00041	32	114	385	460	0.351931330472103
GH74.hmm	233	DSO57v2|DSO57v2_037294-T1	1874	1.6e-06	35	130	886	974	0.407725321888412
GH74.hmm	233	DSO57v2|DSO57v2_037294-T2	2050	1.5e-06	36	129	1051	1137	0.399141630901288
GH74.hmm	233	DSO57v2|DSO57v2_037294-T2	2050	2.6e-07	8	113	28	127	0.450643776824034
GH81.hmm	622	DSO57v2|DSO57v2_005550-T1	654	1.3e-168	14	622	29	647	0.977491961414791
GH81.hmm	622	DSO57v2|DSO57v2_011913-T1	663	1.5e-167	14	622	38	656	0.977491961414791
GH81.hmm	622	DSO57v2|DSO57v2_011914-T1	654	1.2e-168	14	622	29	647	0.977491961414791
GH81.hmm	622	DSO57v2|DSO57v2_012359-T1	652	1.8e-166	16	622	31	647	0.97427652733119
GH81.hmm	622	DSO57v2|DSO57v2_034227-T1	652	5.9e-168	16	622	31	647	0.97427652733119
GH81.hmm	622	DSO57v2|DSO57v2_036289-T1	699	5.5e-172	14	622	75	694	0.977491961414791
GH81.hmm	622	DSO57v2|DSO57v2_036371-T1	699	3.3e-172	14	622	75	694	0.977491961414791
GH81.hmm	622	DSO57v2|DSO57v2_038182-T1	591	3.5e-157	51	622	5	585	0.918006430868167
GT15.hmm	273	DSO57v2|DSO57v2_000606-T1	257	1.4e-76	1	207	51	257	0.754578754578755
GT15.hmm	273	DSO57v2|DSO57v2_020733-T1	367	1.1e-120	1	272	54	326	0.992673992673993
GT15.hmm	273	DSO57v2|DSO57v2_021703-T1	368	2.1e-120	1	272	55	327	0.992673992673993
GT15.hmm	273	DSO57v2|DSO57v2_024209-T1	444	1.2e-77	1	271	119	401	0.989010989010989
GT15.hmm	273	DSO57v2|DSO57v2_028855-T1	248	5.1e-70	2	185	57	240	0.67032967032967
GT1.hmm	382	DSO57v2|DSO57v2_001029-T1	397	7.1e-29	169	353	103	332	0.481675392670157
GT1.hmm	382	DSO57v2|DSO57v2_005475-T1	543	1.2e-26	190	350	225	430	0.418848167539267
GT1.hmm	382	DSO57v2|DSO57v2_008600-T1	549	6.6e-29	169	353	209	438	0.481675392670157
GT1.hmm	382	DSO57v2|DSO57v2_008601-T1	551	6.9e-29	169	353	211	440	0.481675392670157
GT1.hmm	382	DSO57v2|DSO57v2_009903-T1	433	8.4e-23	167	352	100	326	0.484293193717277
GT1.hmm	382	DSO57v2|DSO57v2_009904-T1	528	9.8e-27	213	360	233	425	0.384816753926702
GT1.hmm	382	DSO57v2|DSO57v2_009907-T1	548	1.7e-26	183	362	218	447	0.468586387434555
GT1.hmm	382	DSO57v2|DSO57v2_009909-T1	549	7.9e-28	205	352	256	436	0.384816753926702
GT1.hmm	382	DSO57v2|DSO57v2_009929-T1	548	2.7e-32	220	362	255	452	0.371727748691099
GT1.hmm	382	DSO57v2|DSO57v2_010094-T1	563	2.2e-29	194	355	250	443	0.421465968586387
GT1.hmm	382	DSO57v2|DSO57v2_010095-T1	543	2.1e-29	194	355	246	439	0.421465968586387
GT1.hmm	382	DSO57v2|DSO57v2_010619-T1	864	3.5e-58	4	375	384	787	0.971204188481675
GT1.hmm	382	DSO57v2|DSO57v2_011064-T1	522	5.8e-20	190	353	224	409	0.426701570680628
GT1.hmm	382	DSO57v2|DSO57v2_011065-T1	520	1.1e-21	167	354	201	412	0.489528795811518
GT1.hmm	382	DSO57v2|DSO57v2_011066-T1	522	8e-21	153	359	187	420	0.539267015706806
GT1.hmm	382	DSO57v2|DSO57v2_011067-T1	522	3.8e-20	182	352	216	408	0.445026178010471
GT1.hmm	382	DSO57v2|DSO57v2_011568-T1	276	5.4e-28	228	362	3	174	0.350785340314136
GT1.hmm	382	DSO57v2|DSO57v2_013724-T1	265	1.5e-28	234	362	2	169	0.335078534031414
GT1.hmm	382	DSO57v2|DSO57v2_014346-T1	547	2.1e-26	90	359	119	442	0.704188481675393
GT1.hmm	382	DSO57v2|DSO57v2_016069-T1	556	5.2e-27	74	352	116	443	0.727748691099476
GT1.hmm	382	DSO57v2|DSO57v2_016071-T1	556	5.2e-27	74	352	116	443	0.727748691099476
GT1.hmm	382	DSO57v2|DSO57v2_016569-T1	546	2.6e-19	97	350	138	431	0.662303664921466
GT1.hmm	382	DSO57v2|DSO57v2_017898-T1	541	1.1e-32	193	361	241	440	0.43979057591623
GT1.hmm	382	DSO57v2|DSO57v2_018112-T1	489	1.4e-29	61	368	74	418	0.803664921465969
GT1.hmm	382	DSO57v2|DSO57v2_018463-T1	548	9e-33	207	351	235	436	0.37696335078534
GT1.hmm	382	DSO57v2|DSO57v2_018464-T1	548	1.3e-32	126	351	167	437	0.589005235602094
GT1.hmm	382	DSO57v2|DSO57v2_018699-T1	541	1.2e-33	183	361	231	440	0.465968586387435
GT1.hmm	382	DSO57v2|DSO57v2_019032-T1	531	5.7e-22	193	352	244	423	0.416230366492147
GT1.hmm	382	DSO57v2|DSO57v2_020096-T1	935	3.6e-59	4	375	455	858	0.971204188481675
GT1.hmm	382	DSO57v2|DSO57v2_021623-T1	572	7.8e-25	131	354	206	467	0.583769633507853
GT1.hmm	382	DSO57v2|DSO57v2_021624-T1	523	1.4e-20	180	334	210	405	0.403141361256544
GT1.hmm	382	DSO57v2|DSO57v2_021625-T1	526	2.4e-24	169	354	219	420	0.484293193717277
GT1.hmm	382	DSO57v2|DSO57v2_021626-T1	531	1.6e-22	194	353	245	424	0.416230366492147
GT1.hmm	382	DSO57v2|DSO57v2_021627-T1	533	4.1e-19	220	347	255	418	0.332460732984293
GT1.hmm	382	DSO57v2|DSO57v2_021684-T1	512	2.3e-32	53	351	57	396	0.780104712041885
GT1.hmm	382	DSO57v2|DSO57v2_022107-T1	447	2.2e-25	126	329	98	329	0.531413612565445
GT1.hmm	382	DSO57v2|DSO57v2_022719-T1	512	1.5e-32	53	351	57	396	0.780104712041885
GT1.hmm	382	DSO57v2|DSO57v2_022971-T1	557	6.4e-30	210	361	265	463	0.395287958115183
GT1.hmm	382	DSO57v2|DSO57v2_022973-T1	567	2.8e-31	206	350	256	453	0.37696335078534
GT1.hmm	382	DSO57v2|DSO57v2_022974-T1	553	1.6e-31	169	350	213	439	0.473821989528796
GT1.hmm	382	DSO57v2|DSO57v2_023035-T1	489	1e-28	60	368	71	418	0.806282722513089
GT1.hmm	382	DSO57v2|DSO57v2_023357-T1	518	1.6e-26	220	352	220	407	0.345549738219895
GT1.hmm	382	DSO57v2|DSO57v2_024032-T1	549	3.5e-33	204	359	256	446	0.405759162303665
GT1.hmm	382	DSO57v2|DSO57v2_024131-T1	533	3e-19	192	347	243	418	0.405759162303665
GT1.hmm	382	DSO57v2|DSO57v2_024827-T1	546	1.6e-18	83	351	124	432	0.701570680628272
GT1.hmm	382	DSO57v2|DSO57v2_025753-T1	558	3.1e-32	98	353	143	450	0.667539267015707
GT1.hmm	382	DSO57v2|DSO57v2_025754-T1	549	3.3e-28	208	353	240	438	0.379581151832461
GT1.hmm	382	DSO57v2|DSO57v2_025755-T1	558	1.2e-31	93	362	132	453	0.704188481675393
GT1.hmm	382	DSO57v2|DSO57v2_025756-T1	545	3.3e-25	90	350	128	431	0.680628272251309
GT1.hmm	382	DSO57v2|DSO57v2_025757-T1	526	1.9e-31	72	361	82	426	0.756544502617801
GT1.hmm	382	DSO57v2|DSO57v2_025759-T1	545	3.1e-25	90	350	128	431	0.680628272251309
GT1.hmm	382	DSO57v2|DSO57v2_025761-T1	346	2.7e-30	210	362	45	241	0.397905759162304
GT1.hmm	382	DSO57v2|DSO57v2_026256-T1	464	1.3e-26	143	330	130	350	0.489528795811518
GT1.hmm	382	DSO57v2|DSO57v2_026490-T1	554	8.8e-28	205	352	256	436	0.384816753926702
GT1.hmm	382	DSO57v2|DSO57v2_026492-T1	548	9.7e-25	89	361	124	446	0.712041884816754
GT1.hmm	382	DSO57v2|DSO57v2_026493-T1	547	1.2e-26	219	361	258	445	0.371727748691099
GT1.hmm	382	DSO57v2|DSO57v2_026495-T1	553	4.3e-25	220	350	260	440	0.340314136125654
GT1.hmm	382	DSO57v2|DSO57v2_026845-T1	556	3.2e-27	74	352	116	443	0.727748691099476
GT1.hmm	382	DSO57v2|DSO57v2_026847-T1	556	3.2e-27	74	352	116	443	0.727748691099476
GT1.hmm	382	DSO57v2|DSO57v2_027860-T1	551	2.3e-30	169	361	212	451	0.50261780104712
GT1.hmm	382	DSO57v2|DSO57v2_027865-T1	552	1.1e-32	158	361	201	451	0.531413612565445
GT1.hmm	382	DSO57v2|DSO57v2_027868-T1	557	4.5e-30	185	361	248	463	0.460732984293194
GT1.hmm	382	DSO57v2|DSO57v2_030551-T1	522	4.6e-20	153	353	187	409	0.523560209424084
GT1.hmm	382	DSO57v2|DSO57v2_030553-T1	522	7e-21	166	354	200	415	0.492146596858639
GT1.hmm	382	DSO57v2|DSO57v2_030813-T1	548	8.6e-31	154	351	195	437	0.515706806282722
GT1.hmm	382	DSO57v2|DSO57v2_030814-T1	548	7.7e-33	97	351	131	436	0.664921465968586
GT1.hmm	382	DSO57v2|DSO57v2_031248-T1	547	1.8e-26	91	359	120	442	0.701570680628272
GT1.hmm	382	DSO57v2|DSO57v2_031407-T1	522	1.4e-20	183	353	217	409	0.445026178010471
GT1.hmm	382	DSO57v2|DSO57v2_031408-T1	293	3.1e-22	198	354	5	185	0.408376963350785
GT1.hmm	382	DSO57v2|DSO57v2_031656-T1	404	9.6e-25	193	381	109	330	0.492146596858639
GT1.hmm	382	DSO57v2|DSO57v2_031657-T1	522	1.1e-28	193	353	224	417	0.418848167539267
GT1.hmm	382	DSO57v2|DSO57v2_031919-T1	403	4.8e-25	130	354	36	298	0.586387434554974
GT1.hmm	382	DSO57v2|DSO57v2_031921-T1	523	6.1e-21	150	334	180	405	0.481675392670157
GT1.hmm	382	DSO57v2|DSO57v2_031922-T1	526	4.7e-24	170	354	220	420	0.481675392670157
GT1.hmm	382	DSO57v2|DSO57v2_034024-T1	567	2.2e-31	206	351	256	454	0.379581151832461
GT1.hmm	382	DSO57v2|DSO57v2_034027-T1	296	3.6e-31	215	352	14	184	0.358638743455497
GT1.hmm	382	DSO57v2|DSO57v2_035777-T1	549	1.9e-30	92	352	132	437	0.680628272251309
GT1.hmm	382	DSO57v2|DSO57v2_035946-T1	513	3.5e-20	202	353	231	404	0.395287958115183
GT1.hmm	382	DSO57v2|DSO57v2_036117-T1	527	1.8e-26	143	330	193	413	0.489528795811518
GT1.hmm	382	DSO57v2|DSO57v2_036787-T1	551	1.9e-29	170	361	213	451	0.5
GT1.hmm	382	DSO57v2|DSO57v2_036788-T1	552	4e-33	172	361	215	451	0.494764397905759
GT1.hmm	382	DSO57v2|DSO57v2_036789-T1	552	1.2e-32	160	361	203	451	0.526178010471204
GT1.hmm	382	DSO57v2|DSO57v2_037288-T1	551	1.4e-30	92	352	134	439	0.680628272251309
GT1.hmm	382	DSO57v2|DSO57v2_038077-T1	549	8.3e-29	212	359	244	449	0.384816753926702
GT1.hmm	382	DSO57v2|DSO57v2_038771-T1	513	3.5e-18	202	353	231	404	0.395287958115183
GT20.hmm	475	DSO57v2|DSO57v2_006160-T1	232	1.9e-90	10	226	10	227	0.454736842105263
GT20.hmm	475	DSO57v2|DSO57v2_009969-T1	474	2.2e-198	10	474	9	473	0.976842105263158
GT20.hmm	475	DSO57v2|DSO57v2_011197-T1	401	2.4e-130	69	452	22	391	0.806315789473684
GT20.hmm	475	DSO57v2|DSO57v2_038250-T1	767	2.2e-160	12	474	13	487	0.972631578947368
GT22.hmm	389	DSO57v2|DSO57v2_010712-T1	427	3.8e-73	80	389	2	306	0.794344473007712
GT22.hmm	389	DSO57v2|DSO57v2_010712-T2	577	1.4e-99	2	389	74	456	0.994858611825193
GT22.hmm	389	DSO57v2|DSO57v2_010712-T3	370	2.3e-57	134	389	1	249	0.655526992287918
GT22.hmm	389	DSO57v2|DSO57v2_010712-T4	321	1.4e-73	80	389	2	306	0.794344473007712
GT22.hmm	389	DSO57v2|DSO57v2_012969-T1	427	4.7e-73	80	389	2	306	0.794344473007712
GT22.hmm	389	DSO57v2|DSO57v2_012969-T2	577	8.2e-99	2	389	74	456	0.994858611825193
GT22.hmm	389	DSO57v2|DSO57v2_012969-T3	370	4.1e-57	134	389	1	249	0.655526992287918
GT22.hmm	389	DSO57v2|DSO57v2_012969-T4	321	1.7e-73	80	389	2	306	0.794344473007712
GT22.hmm	389	DSO57v2|DSO57v2_012969-T5	471	4.3e-99	2	389	74	456	0.994858611825193
GT22.hmm	389	DSO57v2|DSO57v2_020611-T1	557	2.5e-63	11	358	2	407	0.892030848329049
GT22.hmm	389	DSO57v2|DSO57v2_021302-T1	557	1.8e-63	11	359	2	408	0.894601542416452
GT22.hmm	389	DSO57v2|DSO57v2_022006-T1	626	5.1e-83	2	389	57	498	0.994858611825193
GT22.hmm	389	DSO57v2|DSO57v2_022006-T2	436	9.5e-46	138	389	5	308	0.645244215938303
GT22.hmm	389	DSO57v2|DSO57v2_022006-T3	564	3.6e-83	2	389	57	498	0.994858611825193
GT24.hmm	248	DSO57v2|DSO57v2_003424-T1	1501	2.6e-130	1	248	1210	1457	0.995967741935484
GT24.hmm	248	DSO57v2|DSO57v2_018641-T1	1233	2e-130	1	248	942	1189	0.995967741935484
GT28.hmm	157	DSO57v2|DSO57v2_016495-T1	176	4.1e-14	10	123	10	138	0.719745222929936
GT2_Chitin_synth_1.hmm	163	DSO57v2|DSO57v2_019823-T1	395	6e-75	1	163	98	260	0.993865030674847
GT2_Chitin_synth_1.hmm	163	DSO57v2|DSO57v2_024359-T1	395	1.4e-74	1	163	98	260	0.993865030674847
GT2_Chitin_synth_1.hmm	163	DSO57v2|DSO57v2_029915-T1	818	3.1e-77	1	163	148	310	0.993865030674847
GT2_Chitin_synth_1.hmm	163	DSO57v2|DSO57v2_031707-T1	818	3.1e-77	1	163	148	310	0.993865030674847
GT2_Chitin_synth_1.hmm	163	DSO57v2|DSO57v2_038347-T1	442	1e-77	1	163	167	329	0.993865030674847
GT2_Chitin_synth_2.hmm	527	DSO57v2|DSO57v2_000374-T1	529	8.4e-191	112	526	1	401	0.785578747628083
GT2_Chitin_synth_2.hmm	527	DSO57v2|DSO57v2_003951-T1	663	2.4e-250	22	526	62	557	0.956356736242884
GT2_Chitin_synth_2.hmm	527	DSO57v2|DSO57v2_008255-T1	565	4.5e-23	130	488	21	392	0.679316888045541
GT2_Chitin_synth_2.hmm	527	DSO57v2|DSO57v2_010070-T1	1071	6.6e-264	20	527	429	926	0.962049335863378
GT2_Chitin_synth_2.hmm	527	DSO57v2|DSO57v2_014419-T1	828	2.6e-25	204	511	350	643	0.582542694497154
GT2_Chitin_synth_2.hmm	527	DSO57v2|DSO57v2_015086-T1	1634	3.1e-58	18	256	1190	1412	0.451612903225806
GT2_Chitin_synth_2.hmm	527	DSO57v2|DSO57v2_016297-T1	907	1.1e-72	22	491	93	534	0.889943074003795
GT2_Chitin_synth_2.hmm	527	DSO57v2|DSO57v2_018710-T1	603	1.4e-25	204	511	125	418	0.582542694497154
GT2_Chitin_synth_2.hmm	527	DSO57v2|DSO57v2_019673-T1	951	5e-252	21	526	381	877	0.958254269449715
GT2_Chitin_synth_2.hmm	527	DSO57v2|DSO57v2_019903-T1	1157	1.8e-282	13	527	571	1084	0.975332068311195
GT2_Chitin_synth_2.hmm	527	DSO57v2|DSO57v2_020262-T1	1157	1.7e-282	13	527	571	1084	0.975332068311195
GT2_Chitin_synth_2.hmm	527	DSO57v2|DSO57v2_022169-T1	1123	3.4e-263	20	527	481	978	0.962049335863378
GT2_Chitin_synth_2.hmm	527	DSO57v2|DSO57v2_022217-T1	1763	2.9e-233	4	527	1135	1642	0.992409867172676
GT2_Chitin_synth_2.hmm	527	DSO57v2|DSO57v2_022225-T1	445	4.6e-191	112	526	1	401	0.785578747628083
GT2_Chitin_synth_2.hmm	527	DSO57v2|DSO57v2_023491-T1	1243	8.7e-228	18	526	566	1061	0.963946869070209
GT2_Chitin_synth_2.hmm	527	DSO57v2|DSO57v2_023842-T1	414	5.7e-169	168	526	1	357	0.679316888045541
GT2_Chitin_synth_2.hmm	527	DSO57v2|DSO57v2_024517-T1	1783	7.1e-238	4	527	1119	1628	0.992409867172676
GT2_Chitin_synth_2.hmm	527	DSO57v2|DSO57v2_024797-T1	1143	8.5e-228	18	526	566	1061	0.963946869070209
GT2_Chitin_synth_2.hmm	527	DSO57v2|DSO57v2_026314-T1	874	5.5e-26	192	522	346	664	0.626185958254269
GT2_Chitin_synth_2.hmm	527	DSO57v2|DSO57v2_028858-T1	489	1.8e-196	112	527	1	404	0.787476280834915
GT2_Chitin_synth_2.hmm	527	DSO57v2|DSO57v2_029808-T1	1191	3e-59	6	184	1017	1182	0.337760910815939
GT2_Chitin_synth_2.hmm	527	DSO57v2|DSO57v2_029809-T1	432	5.7e-151	207	526	1	318	0.605313092979127
GT2_Chitin_synth_2.hmm	527	DSO57v2|DSO57v2_029915-T1	818	1.5e-21	204	374	288	463	0.32258064516129
GT2_Chitin_synth_2.hmm	527	DSO57v2|DSO57v2_031707-T1	818	1.5e-21	204	374	288	463	0.32258064516129
GT2_Chitin_synth_2.hmm	527	DSO57v2|DSO57v2_032693-T1	395	5.1e-172	207	526	1	321	0.605313092979127
GT2_Chitin_synth_2.hmm	527	DSO57v2|DSO57v2_032694-T1	543	1.8e-62	21	184	381	534	0.309297912713473
GT2_Chitin_synth_2.hmm	527	DSO57v2|DSO57v2_033339-T1	1786	1.7e-231	6	526	1153	1654	0.986717267552182
GT2_Chitin_synth_2.hmm	527	DSO57v2|DSO57v2_034039-T1	1197	2e-72	22	491	383	824	0.889943074003795
GT2_Chitin_synth_2.hmm	527	DSO57v2|DSO57v2_034216-T1	1383	4.7e-153	4	357	1023	1359	0.669829222011385
GT2_Chitin_synth_2.hmm	527	DSO57v2|DSO57v2_035916-T1	1509	2.8e-58	18	256	1065	1287	0.451612903225806
GT2_Chitin_synth_2.hmm	527	DSO57v2|DSO57v2_037995-T1	645	5.7e-59	18	256	201	423	0.451612903225806
GT2_Chitin_synth_2.hmm	527	DSO57v2|DSO57v2_038750-T1	876	5.5e-250	22	526	275	770	0.956356736242884
GT2_Glycos_transf_2.hmm	170	DSO57v2|DSO57v2_018622-T1	238	6e-32	1	168	6	175	0.982352941176471
GT2_Glycos_transf_2.hmm	170	DSO57v2|DSO57v2_020451-T1	238	1.9e-32	1	168	6	175	0.982352941176471
GT2_Glycos_transf_2.hmm	170	DSO57v2|DSO57v2_020451-T2	208	1.2e-32	1	168	6	175	0.982352941176471
GT2_Glycos_transf_2.hmm	170	DSO57v2|DSO57v2_023991-T1	347	3.9e-26	1	167	70	250	0.976470588235294
GT2_Glycos_transf_2.hmm	170	DSO57v2|DSO57v2_023991-T2	319	2.4e-25	1	118	70	201	0.688235294117647
GT2_Glycos_transf_2.hmm	170	DSO57v2|DSO57v2_023991-T3	263	5e-21	13	168	2	167	0.911764705882353
GT2_Glycos_transf_2.hmm	170	DSO57v2|DSO57v2_023991-T4	235	2.9e-20	13	118	2	117	0.617647058823529
GT2_Glycos_transf_2.hmm	170	DSO57v2|DSO57v2_034331-T1	345	1.3e-26	1	169	68	250	0.988235294117647
GT2_Glycos_transf_2.hmm	170	DSO57v2|DSO57v2_034331-T2	273	1.5e-25	1	118	68	199	0.688235294117647
GT2_Glycos_transf_2.hmm	170	DSO57v2|DSO57v2_034331-T3	263	1.6e-21	13	169	2	168	0.917647058823529
GT33.hmm	425	DSO57v2|DSO57v2_003396-T1	454	1.3e-143	2	424	14	451	0.992941176470588
GT33.hmm	425	DSO57v2|DSO57v2_004590-T1	454	7.6e-144	2	424	14	451	0.992941176470588
GT35.hmm	674	DSO57v2|DSO57v2_015082-T1	746	2.1e-268	8	674	13	723	0.98813056379822
GT35.hmm	674	DSO57v2|DSO57v2_023320-T1	775	1.8e-265	4	674	41	752	0.99406528189911
GT39.hmm	223	DSO57v2|DSO57v2_007415-T1	237	5.5e-30	2	125	90	228	0.551569506726457
GT39.hmm	223	DSO57v2|DSO57v2_009641-T1	788	1.4e-70	3	223	58	298	0.986547085201794
GT39.hmm	223	DSO57v2|DSO57v2_010751-T1	778	1.5e-68	2	223	77	315	0.991031390134529
GT39.hmm	223	DSO57v2|DSO57v2_010751-T2	573	8.1e-69	2	223	77	315	0.991031390134529
GT39.hmm	223	DSO57v2|DSO57v2_011606-T1	676	7.5e-69	2	223	77	315	0.991031390134529
GT39.hmm	223	DSO57v2|DSO57v2_011606-T2	778	1e-68	2	223	77	315	0.991031390134529
GT39.hmm	223	DSO57v2|DSO57v2_023070-T1	758	1.5e-55	3	223	82	308	0.986547085201794
GT39.hmm	223	DSO57v2|DSO57v2_023725-T1	758	7.6e-55	3	223	82	308	0.986547085201794
GT39.hmm	223	DSO57v2|DSO57v2_025342-T1	214	3.6e-47	3	139	58	211	0.609865470852018
GT39.hmm	223	DSO57v2|DSO57v2_028686-T1	725	7.3e-69	2	223	53	293	0.991031390134529
GT39.hmm	223	DSO57v2|DSO57v2_032416-T1	770	2.6e-70	3	223	89	325	0.986547085201794
GT39.hmm	223	DSO57v2|DSO57v2_032416-T2	635	5.5e-47	51	223	1	190	0.771300448430493
GT39.hmm	223	DSO57v2|DSO57v2_032416-T3	661	1.9e-70	3	223	89	325	0.986547085201794
GT39.hmm	223	DSO57v2|DSO57v2_032503-T1	606	5.5e-41	67	223	1	159	0.699551569506726
GT39.hmm	223	DSO57v2|DSO57v2_037706-T1	151	2.7e-25	2	74	53	142	0.322869955156951
GT3.hmm	637	DSO57v2|DSO57v2_001858-T1	680	3.1e-271	1	629	18	622	0.985871271585557
GT3.hmm	637	DSO57v2|DSO57v2_028405-T1	699	5.6e-291	1	629	18	641	0.985871271585557
GT41.hmm	705	DSO57v2|DSO57v2_001106-T1	1519	1e-50	305	521	1102	1413	0.306382978723404
GT41.hmm	705	DSO57v2|DSO57v2_016437-T1	1519	7.6e-51	305	521	1102	1413	0.306382978723404
GT48.hmm	739	DSO57v2|DSO57v2_001018-T1	1635	1.6e-286	1	727	758	1530	0.982408660351827
GT48.hmm	739	DSO57v2|DSO57v2_006558-T1	1909	1.1e-291	3	726	872	1637	0.978349120433018
GT48.hmm	739	DSO57v2|DSO57v2_030272-T1	1592	1.5e-286	1	727	572	1344	0.982408660351827
GT48.hmm	739	DSO57v2|DSO57v2_031583-T1	1925	1.9e-288	3	722	864	1636	0.972936400541272
GT48.hmm	739	DSO57v2|DSO57v2_037120-T1	1925	1.9e-288	3	722	864	1636	0.972936400541272
GT48.hmm	739	DSO57v2|DSO57v2_038773-T1	1731	9e-292	3	726	872	1637	0.978349120433018
GT4.hmm	160	DSO57v2|DSO57v2_019475-T1	446	2.4e-36	8	157	208	383	0.93125
GT4.hmm	160	DSO57v2|DSO57v2_029202-T1	294	1.1e-32	6	149	45	186	0.89375
GT4.hmm	160	DSO57v2|DSO57v2_031073-T1	446	6e-36	8	157	208	383	0.93125
GT4.hmm	160	DSO57v2|DSO57v2_037797-T1	416	3.5e-23	7	134	210	356	0.79375
GT4.hmm	160	DSO57v2|DSO57v2_037797-T2	505	3.3e-21	7	134	288	445	0.79375
GT4.hmm	160	DSO57v2|DSO57v2_037797-T3	434	1.4e-22	7	125	288	422	0.7375
GT4.hmm	160	DSO57v2|DSO57v2_038109-T1	108	2.5e-07	94	147	2	59	0.33125
GT50.hmm	262	DSO57v2|DSO57v2_015034-T1	453	2.8e-94	1	262	133	436	0.99618320610687
GT50.hmm	262	DSO57v2|DSO57v2_015034-T2	405	3.4e-77	1	223	133	397	0.847328244274809
GT50.hmm	262	DSO57v2|DSO57v2_023467-T1	453	2.3e-93	1	262	133	436	0.99618320610687
GT50.hmm	262	DSO57v2|DSO57v2_023467-T2	405	2.7e-76	1	223	133	397	0.847328244274809
GT50.hmm	262	DSO57v2|DSO57v2_023467-T3	352	9.8e-94	1	262	32	335	0.99618320610687
GT57.hmm	481	DSO57v2|DSO57v2_017800-T1	480	7.3e-147	4	480	11	472	0.98960498960499
GT57.hmm	481	DSO57v2|DSO57v2_021366-T1	404	5.7e-108	70	480	1	396	0.852390852390852
GT57.hmm	481	DSO57v2|DSO57v2_021366-T2	283	8.7e-67	204	480	7	275	0.573804573804574
GT57.hmm	481	DSO57v2|DSO57v2_021366-T3	488	1.1e-144	14	480	29	480	0.968814968814969
GT57.hmm	481	DSO57v2|DSO57v2_026440-T1	352	1.4e-101	2	269	62	342	0.555093555093555
GT57.hmm	481	DSO57v2|DSO57v2_026440-T2	472	1.6e-125	2	404	62	455	0.835758835758836
GT59.hmm	404	DSO57v2|DSO57v2_034613-T1	538	7.3e-96	2	403	104	489	0.992574257425743
GT59.hmm	404	DSO57v2|DSO57v2_034613-T2	401	3.5e-66	2	314	104	401	0.772277227722772
GT59.hmm	404	DSO57v2|DSO57v2_034613-T3	394	9.4e-72	61	403	11	345	0.846534653465347
GT59.hmm	404	DSO57v2|DSO57v2_034613-T4	444	5.2e-96	2	403	10	395	0.992574257425743
GT66.hmm	693	DSO57v2|DSO57v2_001797-T1	725	1.2e-180	9	600	13	650	0.852813852813853
GT69.hmm	239	DSO57v2|DSO57v2_001407-T1	421	1.3e-58	1	237	86	346	0.98744769874477
GT69.hmm	239	DSO57v2|DSO57v2_001408-T1	417	5.9e-57	1	237	92	352	0.98744769874477
GT69.hmm	239	DSO57v2|DSO57v2_026092-T1	417	4e-57	1	237	92	352	0.98744769874477
GT69.hmm	239	DSO57v2|DSO57v2_026093-T1	421	7.3e-58	1	237	86	346	0.98744769874477
GT76.hmm	407	DSO57v2|DSO57v2_001906-T1	390	1.1e-109	45	407	11	390	0.889434889434889
GT76.hmm	407	DSO57v2|DSO57v2_008838-T1	381	2.2e-96	44	407	10	381	0.891891891891892
GT8.hmm	257	DSO57v2|DSO57v2_011476-T1	705	2e-43	28	255	9	230	0.883268482490272
GT8.hmm	257	DSO57v2|DSO57v2_024705-T1	705	4.9e-43	28	255	9	230	0.883268482490272
GT8.hmm	257	DSO57v2|DSO57v2_025164-T1	318	9.8e-36	29	254	9	292	0.875486381322957
GT8.hmm	257	DSO57v2|DSO57v2_032508-T1	321	4.9e-36	28	254	11	295	0.879377431906615
PL12.hmm	138	DSO57v2|DSO57v2_036798-T1	287	0.00093	38	80	27	72	0.304347826086957
