AA11.hmm	191	Emusc_isoH|Emusc_isoH_10214	406	4.1e-41	1	163	15	169	0.848167539267016
AA11.hmm	191	Emusc_isoH|Emusc_isoH_13674	252	3.7e-35	12	162	35	172	0.785340314136126
AA11.hmm	191	Emusc_isoH|Emusc_isoH_15333	225	4.4e-40	19	163	1	129	0.753926701570681
AA11.hmm	191	Emusc_isoH|Emusc_isoH_16188	136	1.7e-29	11	132	27	136	0.633507853403141
AA11.hmm	191	Emusc_isoH|Emusc_isoH_16485	273	0.00055	103	162	167	229	0.308900523560209
AA11.hmm	191	Emusc_isoH|Emusc_isoH_16787	172	1.6e-39	11	146	43	167	0.706806282722513
AA11.hmm	191	Emusc_isoH|Emusc_isoH_1905	288	1e-33	13	162	76	214	0.780104712041885
AA11.hmm	191	Emusc_isoH|Emusc_isoH_2132	240	6.9e-05	76	145	134	207	0.361256544502618
AA11.hmm	191	Emusc_isoH|Emusc_isoH_2510	223	2.9e-37	8	176	31	183	0.879581151832461
AA11.hmm	191	Emusc_isoH|Emusc_isoH_2728	294	1e-40	12	167	41	178	0.81151832460733
AA11.hmm	191	Emusc_isoH|Emusc_isoH_310	224	1.8e-42	1	163	14	170	0.848167539267016
AA11.hmm	191	Emusc_isoH|Emusc_isoH_3906	305	1.3e-32	12	163	43	185	0.790575916230366
AA11.hmm	191	Emusc_isoH|Emusc_isoH_4371	211	3.2e-39	1	164	16	176	0.853403141361257
AA11.hmm	191	Emusc_isoH|Emusc_isoH_4472	162	5.5e-37	2	145	16	158	0.74869109947644
AA11.hmm	191	Emusc_isoH|Emusc_isoH_4934	344	4.5e-06	43	123	89	185	0.418848167539267
AA11.hmm	191	Emusc_isoH|Emusc_isoH_5109	249	9.9e-45	1	163	14	171	0.848167539267016
AA11.hmm	191	Emusc_isoH|Emusc_isoH_5265	252	3.4e-06	28	147	42	185	0.62303664921466
AA11.hmm	191	Emusc_isoH|Emusc_isoH_5988	248	1.5e-18	100	176	5	78	0.397905759162304
AA11.hmm	191	Emusc_isoH|Emusc_isoH_5993	377	1.9e-36	11	176	67	217	0.863874345549738
AA11.hmm	191	Emusc_isoH|Emusc_isoH_7880	210	1.7e-44	11	163	38	177	0.795811518324607
AA11.hmm	191	Emusc_isoH|Emusc_isoH_7960	161	4.9e-40	1	146	15	155	0.759162303664921
AA11.hmm	191	Emusc_isoH|Emusc_isoH_7962	124	5.2e-32	10	132	15	124	0.638743455497382
AA11.hmm	191	Emusc_isoH|Emusc_isoH_989	155	1.1e-37	1	140	17	154	0.727748691099476
AA1_2.hmm	337	Emusc_isoH|Emusc_isoH_1895	562	1.4e-50	4	237	48	286	0.691394658753709
AA1_3.hmm	312	Emusc_isoH|Emusc_isoH_13643	106	3.5e-31	18	118	3	103	0.320512820512821
AA1_3.hmm	312	Emusc_isoH|Emusc_isoH_14350	103	2.4e-32	10	105	6	100	0.304487179487179
AA1.hmm	943	Emusc_isoH|Emusc_isoH_10776	523	1.3e-66	451	763	36	361	0.330858960763521
AA2.hmm	255	Emusc_isoH|Emusc_isoH_1316	270	5.4e-47	14	253	23	261	0.937254901960784
AA2.hmm	255	Emusc_isoH|Emusc_isoH_1908	351	5.4e-62	4	254	83	334	0.980392156862745
AA3_2.hmm	568	Emusc_isoH|Emusc_isoH_10533	585	1.7e-103	2	565	24	582	0.991197183098592
AA3_2.hmm	568	Emusc_isoH|Emusc_isoH_10784	264	3.3e-49	288	566	1	262	0.48943661971831
AA3_2.hmm	568	Emusc_isoH|Emusc_isoH_13453	456	5.9e-70	2	450	14	456	0.788732394366197
AA3_2.hmm	568	Emusc_isoH|Emusc_isoH_13852	334	2.6e-65	2	319	3	332	0.558098591549296
AA3_2.hmm	568	Emusc_isoH|Emusc_isoH_14455	405	6.9e-62	2	322	59	395	0.563380281690141
AA3_2.hmm	568	Emusc_isoH|Emusc_isoH_14913	188	7.9e-23	289	493	1	187	0.359154929577465
AA3_2.hmm	568	Emusc_isoH|Emusc_isoH_15113	260	3.9e-44	292	566	1	258	0.482394366197183
AA3_2.hmm	568	Emusc_isoH|Emusc_isoH_15575	339	1.3e-60	2	313	13	334	0.547535211267606
AA3_2.hmm	568	Emusc_isoH|Emusc_isoH_1805	347	6.7e-65	2	320	18	346	0.559859154929577
AA3_2.hmm	568	Emusc_isoH|Emusc_isoH_2438	455	4.1e-65	2	362	14	416	0.633802816901408
AA3_2.hmm	568	Emusc_isoH|Emusc_isoH_2586	254	1e-34	301	568	1	249	0.470070422535211
AA3_2.hmm	568	Emusc_isoH|Emusc_isoH_2597	290	5.2e-32	3	253	24	270	0.440140845070423
AA3_2.hmm	568	Emusc_isoH|Emusc_isoH_2858	569	1.4e-102	2	566	13	568	0.992957746478873
AA3_2.hmm	568	Emusc_isoH|Emusc_isoH_3973	301	5.9e-39	2	270	26	301	0.471830985915493
AA3_2.hmm	568	Emusc_isoH|Emusc_isoH_6650	615	2e-96	2	567	18	610	0.994718309859155
AA3_2.hmm	568	Emusc_isoH|Emusc_isoH_9928	583	2.6e-84	17	567	2	578	0.96830985915493
AA3.hmm	618	Emusc_isoH|Emusc_isoH_11618	687	1.7e-06	59	407	73	520	0.563106796116505
AA4.hmm	522	Emusc_isoH|Emusc_isoH_6118	553	4.8e-18	18	191	84	256	0.331417624521073
AA6.hmm	195	Emusc_isoH|Emusc_isoH_11043	666	1e-70	1	194	21	214	0.98974358974359
AA6.hmm	195	Emusc_isoH|Emusc_isoH_15733	209	2.4e-80	1	194	6	200	0.98974358974359
AA6.hmm	195	Emusc_isoH|Emusc_isoH_4830	335	8.3e-69	1	194	6	199	0.98974358974359
AA7.hmm	458	Emusc_isoH|Emusc_isoH_11559	484	1.3e-71	6	214	54	265	0.454148471615721
AA7.hmm	458	Emusc_isoH|Emusc_isoH_12061	472	1.4e-75	6	254	42	292	0.541484716157205
AA7.hmm	458	Emusc_isoH|Emusc_isoH_14876	563	3.7e-71	5	458	118	545	0.989082969432314
AA7.hmm	458	Emusc_isoH|Emusc_isoH_2885	428	4.1e-73	5	292	35	324	0.626637554585153
AA7.hmm	458	Emusc_isoH|Emusc_isoH_3246	479	5.6e-97	5	458	49	475	0.989082969432314
AA7.hmm	458	Emusc_isoH|Emusc_isoH_8480	318	1.5e-76	6	213	49	259	0.451965065502183
AA9.hmm	220	Emusc_isoH|Emusc_isoH_5391	251	5.3e-08	55	208	42	199	0.695454545454545
CBM18.hmm	38	Emusc_isoH|Emusc_isoH_1199	126	2.3e-07	1	38	63	106	0.973684210526316
CBM18.hmm	38	Emusc_isoH|Emusc_isoH_1199	126	2.5e-08	1	38	8	51	0.973684210526316
CBM18.hmm	38	Emusc_isoH|Emusc_isoH_13083	295	1.1e-06	10	35	27	53	0.657894736842105
CBM18.hmm	38	Emusc_isoH|Emusc_isoH_14756	107	4.3e-08	1	38	21	64	0.973684210526316
CBM18.hmm	38	Emusc_isoH|Emusc_isoH_15111	145	5.1e-08	1	38	27	70	0.973684210526316
CBM18.hmm	38	Emusc_isoH|Emusc_isoH_15605	105	7.8e-08	1	38	19	62	0.973684210526316
CBM18.hmm	38	Emusc_isoH|Emusc_isoH_16049	102	0.00083	1	25	74	102	0.631578947368421
CBM18.hmm	38	Emusc_isoH|Emusc_isoH_16049	102	1.8e-07	1	38	18	61	0.973684210526316
CBM18.hmm	38	Emusc_isoH|Emusc_isoH_1638	250	2e-07	10	35	34	60	0.657894736842105
CBM18.hmm	38	Emusc_isoH|Emusc_isoH_16629	457	2.1e-06	7	35	136	165	0.736842105263158
CBM18.hmm	38	Emusc_isoH|Emusc_isoH_16629	457	6.8e-08	4	36	31	64	0.842105263157895
CBM18.hmm	38	Emusc_isoH|Emusc_isoH_2105	293	1.7e-06	1	38	22	65	0.973684210526316
CBM18.hmm	38	Emusc_isoH|Emusc_isoH_3105	346	9.4e-08	1	38	22	65	0.973684210526316
CBM18.hmm	38	Emusc_isoH|Emusc_isoH_4042	296	5.2e-08	10	34	27	52	0.631578947368421
CBM18.hmm	38	Emusc_isoH|Emusc_isoH_4130	227	2.9e-08	1	38	81	124	0.973684210526316
CBM18.hmm	38	Emusc_isoH|Emusc_isoH_4130	227	3.8e-07	1	38	136	179	0.973684210526316
CBM18.hmm	38	Emusc_isoH|Emusc_isoH_4130	227	8.3e-08	1	38	25	68	0.973684210526316
CBM18.hmm	38	Emusc_isoH|Emusc_isoH_4263	336	0.00018	7	35	25	54	0.736842105263158
CBM18.hmm	38	Emusc_isoH|Emusc_isoH_4341	371	4.5e-05	8	35	37	65	0.710526315789474
CBM18.hmm	38	Emusc_isoH|Emusc_isoH_798	343	4.7e-07	1	38	22	65	0.973684210526316
CBM18.hmm	38	Emusc_isoH|Emusc_isoH_8390	231	9.5e-08	1	38	22	65	0.973684210526316
CBM18.hmm	38	Emusc_isoH|Emusc_isoH_9508	244	3.3e-07	1	38	21	64	0.973684210526316
CBM18.hmm	38	Emusc_isoH|Emusc_isoH_9509	342	1.5e-07	1	38	22	65	0.973684210526316
CBM18.hmm	38	Emusc_isoH|Emusc_isoH_9510	224	1.1e-07	2	38	30	72	0.947368421052632
CBM19.hmm	45	Emusc_isoH|Emusc_isoH_14130	408	0.00029	11	44	249	281	0.733333333333333
CBM19.hmm	45	Emusc_isoH|Emusc_isoH_4860	498	1.2e-06	2	43	448	484	0.911111111111111
CBM19.hmm	45	Emusc_isoH|Emusc_isoH_5189	442	3.2e-06	3	43	366	403	0.888888888888889
CBM19.hmm	45	Emusc_isoH|Emusc_isoH_527	125	1.1e-05	9	43	79	113	0.755555555555556
CBM21.hmm	107	Emusc_isoH|Emusc_isoH_1074	363	2.3e-27	4	107	106	214	0.962616822429907
CBM21.hmm	107	Emusc_isoH|Emusc_isoH_5560	317	3.5e-25	3	106	59	166	0.962616822429907
CBM32.hmm	124	Emusc_isoH|Emusc_isoH_12204	147	1.7e-06	12	81	19	92	0.556451612903226
CBM43.hmm	83	Emusc_isoH|Emusc_isoH_8687	538	0.00019	9	81	391	463	0.867469879518072
CBM43.hmm	83	Emusc_isoH|Emusc_isoH_8749	560	1.1e-10	2	77	432	515	0.903614457831325
CBM48.hmm	76	Emusc_isoH|Emusc_isoH_13408	724	1e-07	7	48	80	131	0.539473684210526
CBM52.hmm	52	Emusc_isoH|Emusc_isoH_16665	102	1.7e-06	3	50	30	75	0.903846153846154
CBM55.hmm	46	Emusc_isoH|Emusc_isoH_2248	171	0.00013	4	41	30	67	0.804347826086957
CBM63.hmm	78	Emusc_isoH|Emusc_isoH_10083	256	5.6e-07	10	69	128	190	0.756410256410256
CBM63.hmm	78	Emusc_isoH|Emusc_isoH_115	183	3.1e-06	2	71	95	164	0.884615384615385
CBM63.hmm	78	Emusc_isoH|Emusc_isoH_16341	200	9e-18	6	73	115	181	0.858974358974359
CBM63.hmm	78	Emusc_isoH|Emusc_isoH_202	213	1.8e-18	2	72	124	195	0.897435897435897
CBM63.hmm	78	Emusc_isoH|Emusc_isoH_2145	274	0.0005	13	63	134	183	0.641025641025641
CBM63.hmm	78	Emusc_isoH|Emusc_isoH_4507	215	1.1e-14	3	72	128	197	0.884615384615385
CBM63.hmm	78	Emusc_isoH|Emusc_isoH_455	245	4.4e-17	2	72	157	227	0.897435897435897
CE14.hmm	124	Emusc_isoH|Emusc_isoH_5405	310	1.1e-14	1	123	74	186	0.983870967741935
CE16.hmm	267	Emusc_isoH|Emusc_isoH_14132	303	3.8e-08	4	257	60	283	0.947565543071161
CE16.hmm	267	Emusc_isoH|Emusc_isoH_15249	287	2.1e-14	2	264	24	274	0.9812734082397
CE16.hmm	267	Emusc_isoH|Emusc_isoH_1565	370	6.2e-12	2	266	37	294	0.98876404494382
CE16.hmm	267	Emusc_isoH|Emusc_isoH_16273	277	1.9e-15	2	264	22	268	0.9812734082397
CE16.hmm	267	Emusc_isoH|Emusc_isoH_2041	290	6.8e-10	3	151	37	174	0.554307116104869
CE16.hmm	267	Emusc_isoH|Emusc_isoH_2134	199	6.9e-09	3	119	19	129	0.434456928838951
CE16.hmm	267	Emusc_isoH|Emusc_isoH_3488	323	2e-07	2	266	17	312	0.98876404494382
CE16.hmm	267	Emusc_isoH|Emusc_isoH_4010	279	6.3e-13	2	264	22	270	0.9812734082397
CE16.hmm	267	Emusc_isoH|Emusc_isoH_4994	322	4.3e-07	2	101	22	112	0.370786516853933
CE16.hmm	267	Emusc_isoH|Emusc_isoH_6261	294	1.1e-08	3	94	52	136	0.340823970037453
CE1.hmm	227	Emusc_isoH|Emusc_isoH_11123	816	3.7e-17	23	209	586	794	0.819383259911894
CE1.hmm	227	Emusc_isoH|Emusc_isoH_11173	940	2.1e-07	27	212	717	921	0.814977973568282
CE1.hmm	227	Emusc_isoH|Emusc_isoH_2074	228	1.8e-13	14	208	5	205	0.854625550660793
CE1.hmm	227	Emusc_isoH|Emusc_isoH_251	239	0.00018	51	122	129	198	0.312775330396476
CE1.hmm	227	Emusc_isoH|Emusc_isoH_2833	316	4.4e-38	3	224	53	309	0.973568281938326
CE1.hmm	227	Emusc_isoH|Emusc_isoH_3591	307	2.7e-42	1	224	45	299	0.982378854625551
CE1.hmm	227	Emusc_isoH|Emusc_isoH_4034	333	4.3e-07	87	178	140	273	0.400881057268722
CE1.hmm	227	Emusc_isoH|Emusc_isoH_4318	286	4.5e-43	1	224	21	277	0.982378854625551
CE1.hmm	227	Emusc_isoH|Emusc_isoH_4714	266	2e-07	9	209	17	247	0.881057268722467
CE1.hmm	227	Emusc_isoH|Emusc_isoH_5788	316	9.3e-07	78	207	98	285	0.568281938325991
CE1.hmm	227	Emusc_isoH|Emusc_isoH_7923	352	2.5e-07	14	123	71	176	0.480176211453745
CE1.hmm	227	Emusc_isoH|Emusc_isoH_8113	665	1.8e-10	11	207	420	635	0.863436123348018
CE1.hmm	227	Emusc_isoH|Emusc_isoH_8443	734	5.5e-11	12	154	461	620	0.625550660792952
CE1.hmm	227	Emusc_isoH|Emusc_isoH_8444	299	9.6e-07	8	208	18	268	0.881057268722467
CE1.hmm	227	Emusc_isoH|Emusc_isoH_8675	701	8.2e-06	77	194	514	650	0.515418502202643
CE1.hmm	227	Emusc_isoH|Emusc_isoH_9098	529	1.1e-06	51	143	205	342	0.405286343612335
CE1.hmm	227	Emusc_isoH|Emusc_isoH_9399	254	7.2e-12	13	142	17	156	0.568281938325991
CE3.hmm	194	Emusc_isoH|Emusc_isoH_5793	231	1.6e-08	76	192	70	202	0.597938144329897
CE3.hmm	194	Emusc_isoH|Emusc_isoH_6401	231	6.3e-13	70	192	64	201	0.628865979381443
CE4.hmm	130	Emusc_isoH|Emusc_isoH_14084	102	7.6e-16	12	107	4	101	0.730769230769231
CE4.hmm	130	Emusc_isoH|Emusc_isoH_16122	102	2e-18	49	124	10	87	0.576923076923077
CE4.hmm	130	Emusc_isoH|Emusc_isoH_16124	183	8.2e-29	6	124	47	168	0.907692307692308
CE4.hmm	130	Emusc_isoH|Emusc_isoH_1778	154	0.00098	83	124	1	43	0.315384615384615
CE4.hmm	130	Emusc_isoH|Emusc_isoH_2105	293	2.6e-29	7	124	92	212	0.9
CE4.hmm	130	Emusc_isoH|Emusc_isoH_2941	239	2.7e-34	9	125	46	165	0.892307692307692
CE4.hmm	130	Emusc_isoH|Emusc_isoH_3105	346	1.9e-28	6	124	110	231	0.907692307692308
CE4.hmm	130	Emusc_isoH|Emusc_isoH_795	342	5.7e-13	23	103	95	177	0.615384615384615
CE4.hmm	130	Emusc_isoH|Emusc_isoH_798	343	4.6e-27	7	124	112	232	0.9
CE4.hmm	130	Emusc_isoH|Emusc_isoH_8390	231	1.4e-27	6	123	111	231	0.9
CE4.hmm	130	Emusc_isoH|Emusc_isoH_9508	244	5.5e-30	9	124	113	231	0.884615384615385
CE4.hmm	130	Emusc_isoH|Emusc_isoH_9509	342	1.5e-29	10	124	115	232	0.876923076923077
CE4.hmm	130	Emusc_isoH|Emusc_isoH_9510	224	4.2e-23	8	108	120	222	0.769230769230769
CE9.hmm	373	Emusc_isoH|Emusc_isoH_8465	421	6.9e-121	2	373	31	415	0.994638069705094
dockerin.hmm	21	Emusc_isoH|Emusc_isoH_14332	144	0.00046	3	20	23	40	0.80952380952381
GH13_25.hmm	434	Emusc_isoH|Emusc_isoH_11672	1494	2.5e-195	3	432	1042	1480	0.988479262672811
GH132.hmm	303	Emusc_isoH|Emusc_isoH_5447	308	3.5e-65	38	302	46	305	0.871287128712871
GH13_5.hmm	342	Emusc_isoH|Emusc_isoH_8899	489	4.7e-142	2	341	32	371	0.991228070175439
GH13_5.hmm	342	Emusc_isoH|Emusc_isoH_8903	425	6.4e-143	2	341	32	371	0.991228070175439
GH13_8.hmm	293	Emusc_isoH|Emusc_isoH_13408	724	5.5e-154	1	293	257	550	0.996587030716723
GH15.hmm	361	Emusc_isoH|Emusc_isoH_10106	1392	7.2e-15	4	279	25	314	0.761772853185596
GH15.hmm	361	Emusc_isoH|Emusc_isoH_13518	244	1.6e-46	134	360	11	235	0.626038781163435
GH16_19.hmm	174	Emusc_isoH|Emusc_isoH_11017	223	8.1e-39	3	118	106	223	0.660919540229885
GH16_19.hmm	174	Emusc_isoH|Emusc_isoH_13083	295	3.9e-53	4	174	97	260	0.977011494252874
GH16_19.hmm	174	Emusc_isoH|Emusc_isoH_14039	261	1.9e-49	22	174	93	237	0.873563218390805
GH16_19.hmm	174	Emusc_isoH|Emusc_isoH_1638	250	3.6e-46	3	154	104	250	0.867816091954023
GH16_19.hmm	174	Emusc_isoH|Emusc_isoH_16629	457	3.1e-49	22	174	281	431	0.873563218390805
GH16_19.hmm	174	Emusc_isoH|Emusc_isoH_2353	350	9.8e-53	3	174	100	260	0.982758620689655
GH16_19.hmm	174	Emusc_isoH|Emusc_isoH_4042	296	1.8e-48	4	173	104	266	0.971264367816092
GH16_19.hmm	174	Emusc_isoH|Emusc_isoH_4263	336	9.7e-52	4	174	103	263	0.977011494252874
GH16_19.hmm	174	Emusc_isoH|Emusc_isoH_4341	371	1.7e-45	3	174	111	271	0.982758620689655
GH16_2.hmm	326	Emusc_isoH|Emusc_isoH_6382	486	7.3e-138	1	326	113	433	0.996932515337423
GH16_3.hmm	230	Emusc_isoH|Emusc_isoH_347	174	3.8e-44	82	230	1	164	0.643478260869565
GH16_3.hmm	230	Emusc_isoH|Emusc_isoH_4052	296	2.3e-57	2	230	29	294	0.991304347826087
GH16_4.hmm	316	Emusc_isoH|Emusc_isoH_10267	358	6.7e-116	1	316	22	355	0.996835443037975
GH16_4.hmm	316	Emusc_isoH|Emusc_isoH_2408	387	1.9e-118	1	316	63	384	0.996835443037975
GH16_4.hmm	316	Emusc_isoH|Emusc_isoH_2574	251	2.1e-78	96	316	1	237	0.69620253164557
GH16_4.hmm	316	Emusc_isoH|Emusc_isoH_2575	219	1.5e-66	121	316	1	206	0.617088607594937
GH16_4.hmm	316	Emusc_isoH|Emusc_isoH_3166	181	9.5e-47	1	128	47	181	0.401898734177215
GH16_4.hmm	316	Emusc_isoH|Emusc_isoH_5324	407	2.7e-115	1	316	61	403	0.996835443037975
GH17.hmm	311	Emusc_isoH|Emusc_isoH_1398	337	1.9e-28	13	306	78	328	0.942122186495177
GH17.hmm	311	Emusc_isoH|Emusc_isoH_2270	276	3e-26	12	306	17	267	0.945337620578778
GH17.hmm	311	Emusc_isoH|Emusc_isoH_2577	288	2.3e-28	2	305	17	277	0.97427652733119
GH17.hmm	311	Emusc_isoH|Emusc_isoH_2659	287	1.5e-24	2	304	17	278	0.971061093247588
GH17.hmm	311	Emusc_isoH|Emusc_isoH_2827	322	9.5e-28	5	304	50	309	0.961414790996785
GH17.hmm	311	Emusc_isoH|Emusc_isoH_5608	328	4.1e-31	2	308	56	319	0.983922829581994
GH17.hmm	311	Emusc_isoH|Emusc_isoH_5866	265	4.7e-19	26	301	12	245	0.884244372990354
GH17.hmm	311	Emusc_isoH|Emusc_isoH_8175	299	8.1e-30	30	307	54	290	0.890675241157556
GH18.hmm	296	Emusc_isoH|Emusc_isoH_10415	404	1.2e-73	3	284	18	392	0.949324324324324
GH18.hmm	296	Emusc_isoH|Emusc_isoH_13475	547	2.6e-76	3	284	18	381	0.949324324324324
GH18.hmm	296	Emusc_isoH|Emusc_isoH_14130	408	6.3e-21	52	253	6	234	0.679054054054054
GH18.hmm	296	Emusc_isoH|Emusc_isoH_148	272	3.9e-18	4	198	22	266	0.655405405405405
GH18.hmm	296	Emusc_isoH|Emusc_isoH_15343	475	5.1e-79	5	284	20	391	0.942567567567568
GH18.hmm	296	Emusc_isoH|Emusc_isoH_1637	446	1.2e-75	2	284	17	400	0.952702702702703
GH18.hmm	296	Emusc_isoH|Emusc_isoH_3501	416	1.1e-60	6	285	20	354	0.942567567567568
GH18.hmm	296	Emusc_isoH|Emusc_isoH_4322	286	4.6e-49	80	289	1	275	0.706081081081081
GH18.hmm	296	Emusc_isoH|Emusc_isoH_4379	426	9e-55	23	282	36	367	0.875
GH18.hmm	296	Emusc_isoH|Emusc_isoH_4549	223	1e-33	148	284	1	186	0.459459459459459
GH18.hmm	296	Emusc_isoH|Emusc_isoH_4550	417	1.1e-73	4	284	14	383	0.945945945945946
GH18.hmm	296	Emusc_isoH|Emusc_isoH_4860	498	3.4e-74	2	284	20	403	0.952702702702703
GH18.hmm	296	Emusc_isoH|Emusc_isoH_5189	442	5.3e-27	3	204	19	270	0.679054054054054
GH18.hmm	296	Emusc_isoH|Emusc_isoH_5572	341	5.1e-67	51	282	27	327	0.780405405405405
GH18.hmm	296	Emusc_isoH|Emusc_isoH_5649	517	5.4e-56	3	285	68	444	0.952702702702703
GH18.hmm	296	Emusc_isoH|Emusc_isoH_6251	329	2.2e-15	2	202	33	255	0.675675675675676
GH18.hmm	296	Emusc_isoH|Emusc_isoH_6336	610	1.1e-78	3	281	159	527	0.939189189189189
GH18.hmm	296	Emusc_isoH|Emusc_isoH_860	368	3.2e-68	5	281	20	367	0.932432432432432
GH18.hmm	296	Emusc_isoH|Emusc_isoH_869	145	1.3e-24	3	103	15	139	0.337837837837838
GH20.hmm	337	Emusc_isoH|Emusc_isoH_14895	120	3.8e-12	136	251	3	117	0.341246290801187
GH20.hmm	337	Emusc_isoH|Emusc_isoH_15057	316	1e-71	65	336	2	282	0.804154302670623
GH20.hmm	337	Emusc_isoH|Emusc_isoH_7971	620	6.4e-28	31	316	3	286	0.845697329376855
GH20.hmm	337	Emusc_isoH|Emusc_isoH_9428	543	3.1e-97	4	336	151	492	0.985163204747775
GH20.hmm	337	Emusc_isoH|Emusc_isoH_9912	558	1.1e-99	5	336	155	495	0.982195845697329
GH24.hmm	137	Emusc_isoH|Emusc_isoH_16008	168	2.8e-33	2	137	20	157	0.985401459854015
GH24.hmm	137	Emusc_isoH|Emusc_isoH_847	170	7.1e-30	1	137	21	159	0.992700729927007
GH31.hmm	427	Emusc_isoH|Emusc_isoH_10903	859	5.6e-151	3	427	243	726	0.992974238875878
GH31.hmm	427	Emusc_isoH|Emusc_isoH_13685	919	2.5e-158	2	427	321	764	0.995316159250585
GH35.hmm	307	Emusc_isoH|Emusc_isoH_11585	1119	7e-62	2	303	62	436	0.980456026058632
GH37.hmm	491	Emusc_isoH|Emusc_isoH_12276	357	1.4e-103	117	428	1	341	0.633401221995927
GH37.hmm	491	Emusc_isoH|Emusc_isoH_13522	618	6.3e-145	3	490	29	582	0.991853360488798
GH37.hmm	491	Emusc_isoH|Emusc_isoH_1961	192	7.5e-51	257	421	1	190	0.334012219959267
GH37.hmm	491	Emusc_isoH|Emusc_isoH_5721	866	1.1e-143	2	489	159	718	0.991853360488798
GH37.hmm	491	Emusc_isoH|Emusc_isoH_9801	607	1.5e-149	3	489	41	587	0.989816700610998
GH38.hmm	269	Emusc_isoH|Emusc_isoH_10511	786	1.1e-86	2	255	273	525	0.940520446096654
GH3.hmm	216	Emusc_isoH|Emusc_isoH_11941	764	4.1e-59	3	215	113	342	0.981481481481482
GH3.hmm	216	Emusc_isoH|Emusc_isoH_14879	140	3.2e-28	3	95	48	140	0.425925925925926
GH3.hmm	216	Emusc_isoH|Emusc_isoH_15223	176	1.5e-24	93	209	19	145	0.537037037037037
GH3.hmm	216	Emusc_isoH|Emusc_isoH_5385	705	2.1e-57	3	215	53	283	0.981481481481482
GH47.hmm	446	Emusc_isoH|Emusc_isoH_10958	582	1.9e-152	1	446	109	575	0.997757847533632
GH47.hmm	446	Emusc_isoH|Emusc_isoH_11005	651	2.1e-149	1	446	80	533	0.997757847533632
GH47.hmm	446	Emusc_isoH|Emusc_isoH_11256	385	4.2e-118	75	446	2	376	0.831838565022421
GH47.hmm	446	Emusc_isoH|Emusc_isoH_12705	698	5.1e-133	1	445	36	471	0.995515695067265
GH47.hmm	446	Emusc_isoH|Emusc_isoH_15626	459	5.7e-126	2	446	30	456	0.995515695067265
GH47.hmm	446	Emusc_isoH|Emusc_isoH_3394	468	1.9e-125	2	446	37	465	0.995515695067265
GH47.hmm	446	Emusc_isoH|Emusc_isoH_343	364	1.7e-75	2	328	48	363	0.730941704035874
GH47.hmm	446	Emusc_isoH|Emusc_isoH_4523	473	2.6e-142	1	446	39	470	0.997757847533632
GH47.hmm	446	Emusc_isoH|Emusc_isoH_5523	506	6.1e-129	2	446	75	503	0.995515695067265
GH47.hmm	446	Emusc_isoH|Emusc_isoH_8656	366	2.2e-96	1	296	74	361	0.661434977578475
GH47.hmm	446	Emusc_isoH|Emusc_isoH_8657	171	1.2e-57	293	445	10	158	0.340807174887892
GH5_12.hmm	539	Emusc_isoH|Emusc_isoH_10622	212	2.3e-65	3	184	21	193	0.335807050092764
GH5_12.hmm	539	Emusc_isoH|Emusc_isoH_7485	968	1.5e-174	1	539	245	754	0.998144712430427
GH5_12.hmm	539	Emusc_isoH|Emusc_isoH_8696	710	1.5e-186	3	538	16	547	0.992578849721707
GH5_18.hmm	282	Emusc_isoH|Emusc_isoH_14710	132	1.4e-06	54	151	12	113	0.343971631205674
GH5_9.hmm	303	Emusc_isoH|Emusc_isoH_10975	500	1.2e-104	1	303	150	462	0.996699669966997
GH5_9.hmm	303	Emusc_isoH|Emusc_isoH_136	184	2.6e-46	70	246	1	184	0.580858085808581
GH5_9.hmm	303	Emusc_isoH|Emusc_isoH_2268	169	3.8e-34	178	303	6	142	0.412541254125413
GH5_9.hmm	303	Emusc_isoH|Emusc_isoH_2662	278	1.3e-69	2	205	78	277	0.66996699669967
GH5_9.hmm	303	Emusc_isoH|Emusc_isoH_3648	404	2.5e-107	1	303	72	377	0.996699669966997
GH5_9.hmm	303	Emusc_isoH|Emusc_isoH_4969	416	7.1e-100	1	303	77	386	0.996699669966997
GH5_9.hmm	303	Emusc_isoH|Emusc_isoH_5890	412	3e-99	2	303	77	385	0.993399339933993
GH63.hmm	570	Emusc_isoH|Emusc_isoH_9279	843	2.3e-25	318	567	625	840	0.436842105263158
GH72.hmm	312	Emusc_isoH|Emusc_isoH_14438	105	1.6e-13	118	225	3	98	0.342948717948718
GH72.hmm	312	Emusc_isoH|Emusc_isoH_3249	210	3e-72	5	209	15	210	0.653846153846154
GH72.hmm	312	Emusc_isoH|Emusc_isoH_5304	451	1.5e-117	5	312	15	312	0.983974358974359
GH72.hmm	312	Emusc_isoH|Emusc_isoH_6220	454	2.4e-51	5	310	10	288	0.977564102564103
GH72.hmm	312	Emusc_isoH|Emusc_isoH_8687	538	8.1e-114	5	310	34	327	0.977564102564103
GH72.hmm	312	Emusc_isoH|Emusc_isoH_8749	560	2.7e-121	4	310	76	379	0.980769230769231
GH74.hmm	233	Emusc_isoH|Emusc_isoH_12885	2038	2.6e-07	8	113	28	127	0.450643776824034
GH74.hmm	233	Emusc_isoH|Emusc_isoH_12885	2038	2e-06	35	129	1049	1136	0.40343347639485
GH81.hmm	622	Emusc_isoH|Emusc_isoH_1239	437	1.1e-85	15	409	30	434	0.633440514469453
GH81.hmm	622	Emusc_isoH|Emusc_isoH_4243	261	1.6e-97	372	622	4	254	0.401929260450161
GH81.hmm	622	Emusc_isoH|Emusc_isoH_8366	700	3.3e-172	14	622	75	694	0.977491961414791
GT15.hmm	273	Emusc_isoH|Emusc_isoH_4585	408	1.6e-111	2	272	57	351	0.989010989010989
GT15.hmm	273	Emusc_isoH|Emusc_isoH_4655	369	1.1e-120	1	272	55	327	0.992673992673993
GT15.hmm	273	Emusc_isoH|Emusc_isoH_6070	361	6.8e-116	1	272	51	323	0.992673992673993
GT15.hmm	273	Emusc_isoH|Emusc_isoH_7430	408	3.7e-78	1	271	82	364	0.989010989010989
GT1.hmm	382	Emusc_isoH|Emusc_isoH_10110	553	2.2e-29	193	353	254	447	0.418848167539267
GT1.hmm	382	Emusc_isoH|Emusc_isoH_10619	553	1.1e-32	157	361	200	451	0.534031413612565
GT1.hmm	382	Emusc_isoH|Emusc_isoH_10861	554	1.6e-31	169	350	213	439	0.473821989528796
GT1.hmm	382	Emusc_isoH|Emusc_isoH_11578	1087	8.2e-58	4	375	606	1009	0.971204188481675
GT1.hmm	382	Emusc_isoH|Emusc_isoH_12064	506	3.2e-33	96	351	87	393	0.667539267015707
GT1.hmm	382	Emusc_isoH|Emusc_isoH_12658	549	6.1e-32	220	362	255	452	0.371727748691099
GT1.hmm	382	Emusc_isoH|Emusc_isoH_12659	552	6.5e-33	90	361	118	449	0.709424083769634
GT1.hmm	382	Emusc_isoH|Emusc_isoH_12664	548	1.9e-31	220	351	255	437	0.342931937172775
GT1.hmm	382	Emusc_isoH|Emusc_isoH_13785	254	3.1e-34	192	361	17	217	0.442408376963351
GT1.hmm	382	Emusc_isoH|Emusc_isoH_13801	272	1.5e-23	207	329	3	153	0.319371727748691
GT1.hmm	382	Emusc_isoH|Emusc_isoH_14009	534	3e-19	192	347	243	418	0.405759162303665
GT1.hmm	382	Emusc_isoH|Emusc_isoH_14046	251	1.8e-24	211	355	28	194	0.37696335078534
GT1.hmm	382	Emusc_isoH|Emusc_isoH_14333	472	4.8e-21	150	334	180	405	0.481675392670157
GT1.hmm	382	Emusc_isoH|Emusc_isoH_14346	166	6.6e-25	223	350	3	164	0.332460732984293
GT1.hmm	382	Emusc_isoH|Emusc_isoH_14966	567	1.9e-27	86	350	128	449	0.691099476439791
GT1.hmm	382	Emusc_isoH|Emusc_isoH_14991	503	1.5e-32	83	351	77	386	0.701570680628272
GT1.hmm	382	Emusc_isoH|Emusc_isoH_15738	527	4.7e-24	170	354	220	420	0.481675392670157
GT1.hmm	382	Emusc_isoH|Emusc_isoH_15904	465	1.3e-26	143	330	130	350	0.489528795811518
GT1.hmm	382	Emusc_isoH|Emusc_isoH_16369	558	6.4e-30	211	361	266	463	0.392670157068063
GT1.hmm	382	Emusc_isoH|Emusc_isoH_1700	421	1.8e-25	204	335	236	420	0.342931937172775
GT1.hmm	382	Emusc_isoH|Emusc_isoH_3108	565	5.5e-27	74	352	124	451	0.727748691099476
GT1.hmm	382	Emusc_isoH|Emusc_isoH_3510	529	9.2e-23	121	352	149	421	0.604712041884817
GT1.hmm	382	Emusc_isoH|Emusc_isoH_5592	410	1.8e-24	175	327	210	407	0.397905759162304
GT1.hmm	382	Emusc_isoH|Emusc_isoH_5996	490	2.8e-28	60	368	71	418	0.806282722513089
GT1.hmm	382	Emusc_isoH|Emusc_isoH_6104	520	1.7e-20	153	353	184	406	0.523560209424084
GT1.hmm	382	Emusc_isoH|Emusc_isoH_6194	548	1.8e-26	207	360	258	444	0.400523560209424
GT1.hmm	382	Emusc_isoH|Emusc_isoH_6795	550	8.6e-28	205	352	256	436	0.384816753926702
GT1.hmm	382	Emusc_isoH|Emusc_isoH_7371	570	9.4e-30	191	361	262	466	0.445026178010471
GT1.hmm	382	Emusc_isoH|Emusc_isoH_7394	546	3.8e-25	90	350	128	431	0.680628272251309
GT1.hmm	382	Emusc_isoH|Emusc_isoH_7413	554	1.6e-18	83	351	131	439	0.701570680628272
GT1.hmm	382	Emusc_isoH|Emusc_isoH_7949	552	2e-30	92	352	134	439	0.680628272251309
GT1.hmm	382	Emusc_isoH|Emusc_isoH_8584	554	4.3e-25	220	350	260	440	0.340314136125654
GT1.hmm	382	Emusc_isoH|Emusc_isoH_8777	498	1.2e-28	169	353	203	432	0.481675392670157
GT1.hmm	382	Emusc_isoH|Emusc_isoH_9917	549	1.7e-26	186	362	221	447	0.460732984293194
GT1.hmm	382	Emusc_isoH|Emusc_isoH_9965	574	1.3e-31	93	362	147	468	0.704188481675393
GT20.hmm	475	Emusc_isoH|Emusc_isoH_5660	476	2.3e-198	11	474	11	474	0.974736842105263
GT20.hmm	475	Emusc_isoH|Emusc_isoH_6353	363	1.1e-107	12	350	13	363	0.711578947368421
GT22.hmm	389	Emusc_isoH|Emusc_isoH_10301	627	6.1e-83	2	389	57	498	0.994858611825193
GT22.hmm	389	Emusc_isoH|Emusc_isoH_10560	578	8.2e-99	2	389	74	456	0.994858611825193
GT22.hmm	389	Emusc_isoH|Emusc_isoH_11220	598	3.5e-64	2	358	33	447	0.915167095115681
GT24.hmm	248	Emusc_isoH|Emusc_isoH_12458	1502	2.6e-130	1	248	1210	1457	0.995967741935484
GT28.hmm	157	Emusc_isoH|Emusc_isoH_5644	177	5.3e-13	10	123	10	138	0.719745222929936
GT2_Chitin_synth_1.hmm	163	Emusc_isoH|Emusc_isoH_10594	396	6.1e-75	1	163	98	260	0.993865030674847
GT2_Chitin_synth_1.hmm	163	Emusc_isoH|Emusc_isoH_15366	819	3.1e-77	1	163	148	310	0.993865030674847
GT2_Chitin_synth_2.hmm	527	Emusc_isoH|Emusc_isoH_11640	584	5.1e-26	192	511	91	398	0.605313092979127
GT2_Chitin_synth_2.hmm	527	Emusc_isoH|Emusc_isoH_11959	322	5.1e-21	130	357	18	253	0.430740037950664
GT2_Chitin_synth_2.hmm	527	Emusc_isoH|Emusc_isoH_12296	952	5.3e-252	21	526	381	877	0.958254269449715
GT2_Chitin_synth_2.hmm	527	Emusc_isoH|Emusc_isoH_12304	1652	3.5e-234	6	524	1153	1652	0.98292220113852
GT2_Chitin_synth_2.hmm	527	Emusc_isoH|Emusc_isoH_12970	384	2.1e-118	269	526	1	255	0.487666034155598
GT2_Chitin_synth_2.hmm	527	Emusc_isoH|Emusc_isoH_12972	1618	9.8e-220	4	502	1137	1617	0.944971537001898
GT2_Chitin_synth_2.hmm	527	Emusc_isoH|Emusc_isoH_12977	1364	5.1e-104	4	261	1119	1363	0.487666034155598
GT2_Chitin_synth_2.hmm	527	Emusc_isoH|Emusc_isoH_15366	819	1.5e-21	204	374	288	463	0.32258064516129
GT2_Chitin_synth_2.hmm	527	Emusc_isoH|Emusc_isoH_15772	732	1.8e-121	20	277	481	732	0.487666034155598
GT2_Chitin_synth_2.hmm	527	Emusc_isoH|Emusc_isoH_1695	341	2.2e-76	348	527	2	185	0.33965844402277
GT2_Chitin_synth_2.hmm	527	Emusc_isoH|Emusc_isoH_303	1198	2e-72	22	491	383	824	0.889943074003795
GT2_Chitin_synth_2.hmm	527	Emusc_isoH|Emusc_isoH_3996	360	1.6e-108	280	526	1	245	0.466793168880455
GT2_Chitin_synth_2.hmm	527	Emusc_isoH|Emusc_isoH_3998	432	7.2e-163	238	527	1	286	0.548387096774194
GT2_Chitin_synth_2.hmm	527	Emusc_isoH|Emusc_isoH_8138	654	2e-129	22	300	387	654	0.527514231499051
GT2_Chitin_synth_2.hmm	527	Emusc_isoH|Emusc_isoH_8829	1187	7.9e-56	6	175	1031	1187	0.320683111954459
GT2_Chitin_synth_2.hmm	527	Emusc_isoH|Emusc_isoH_9230	854	4.7e-145	13	297	571	854	0.538899430740038
GT2_Glycos_transf_2.hmm	170	Emusc_isoH|Emusc_isoH_1843	276	1.6e-25	1	118	70	201	0.688235294117647
GT2_Glycos_transf_2.hmm	170	Emusc_isoH|Emusc_isoH_3169	239	6.1e-32	1	168	6	175	0.982352941176471
GT33.hmm	425	Emusc_isoH|Emusc_isoH_9250	455	2.2e-143	2	424	14	451	0.992941176470588
GT35.hmm	674	Emusc_isoH|Emusc_isoH_9791	477	8.4e-151	255	674	1	453	0.621661721068249
GT35.hmm	674	Emusc_isoH|Emusc_isoH_9793	427	1.1e-116	4	262	158	427	0.382789317507418
GT39.hmm	223	Emusc_isoH|Emusc_isoH_10233	779	1.6e-68	2	223	77	315	0.991031390134529
GT39.hmm	223	Emusc_isoH|Emusc_isoH_10603	336	8.2e-70	2	223	53	293	0.991031390134529
GT39.hmm	223	Emusc_isoH|Emusc_isoH_11831	792	2.7e-70	3	223	110	346	0.986547085201794
GT39.hmm	223	Emusc_isoH|Emusc_isoH_6399	789	1.4e-70	3	223	58	298	0.986547085201794
GT39.hmm	223	Emusc_isoH|Emusc_isoH_9720	102	1.6e-18	79	175	2	101	0.430493273542601
GT3.hmm	637	Emusc_isoH|Emusc_isoH_5584	763	7.7e-291	1	629	81	704	0.985871271585557
GT41.hmm	705	Emusc_isoH|Emusc_isoH_8537	1520	7.5e-51	305	521	1102	1413	0.306382978723404
GT48.hmm	739	Emusc_isoH|Emusc_isoH_11407	880	9.1e-239	111	727	1	631	0.833558863328823
GT48.hmm	739	Emusc_isoH|Emusc_isoH_11413	1887	2.2e-288	3	722	830	1597	0.972936400541272
GT4.hmm	160	Emusc_isoH|Emusc_isoH_7667	470	6.7e-36	8	157	231	406	0.93125
GT4.hmm	160	Emusc_isoH|Emusc_isoH_9826	295	1.8e-32	7	149	46	186	0.8875
GT50.hmm	262	Emusc_isoH|Emusc_isoH_7363	454	2.3e-93	1	262	133	436	0.99618320610687
GT57.hmm	481	Emusc_isoH|Emusc_isoH_4476	481	4.9e-147	4	480	11	472	0.98960498960499
GT57.hmm	481	Emusc_isoH|Emusc_isoH_9777	530	1.3e-128	2	480	62	514	0.993762993762994
GT58.hmm	364	Emusc_isoH|Emusc_isoH_8949	435	5.3e-129	3	364	46	402	0.991758241758242
GT59.hmm	404	Emusc_isoH|Emusc_isoH_1824	539	6.4e-96	2	403	104	489	0.992574257425743
GT66.hmm	693	Emusc_isoH|Emusc_isoH_7645	726	1.7e-180	9	600	13	650	0.852813852813853
GT69.hmm	239	Emusc_isoH|Emusc_isoH_11065	418	1.2e-56	1	237	92	352	0.98744769874477
GT69.hmm	239	Emusc_isoH|Emusc_isoH_11066	282	4.9e-50	1	200	86	282	0.832635983263598
GT76.hmm	407	Emusc_isoH|Emusc_isoH_7247	184	3.7e-36	3	161	19	182	0.388206388206388
GT8.hmm	257	Emusc_isoH|Emusc_isoH_10181	706	4.3e-43	28	255	9	230	0.883268482490272
GT8.hmm	257	Emusc_isoH|Emusc_isoH_15748	322	5e-36	28	254	11	295	0.879377431906615
PL22_1.hmm	106	Emusc_isoH|Emusc_isoH_13930	109	0.00093	22	62	46	86	0.377358490566038
