AA11.hmm	191	Pfor|Pfor_13230	346	3.1e-43	11	163	33	172	0.795811518324607
AA11.hmm	191	Pfor|Pfor_13231	331	2.8e-43	11	163	33	172	0.795811518324607
AA11.hmm	191	Pfor|Pfor_17448	225	1.9e-33	16	161	59	197	0.759162303664921
AA11.hmm	191	Pfor|Pfor_22475	291	1.6e-44	1	163	17	175	0.848167539267016
AA11.hmm	191	Pfor|Pfor_23708	211	2.2e-37	10	163	21	162	0.801047120418848
AA11.hmm	191	Pfor|Pfor_24649	305	2.5e-08	28	148	52	200	0.628272251308901
AA11.hmm	191	Pfor|Pfor_41949	309	3.5e-42	1	163	17	173	0.848167539267016
AA11.hmm	191	Pfor|Pfor_41991	235	1.2e-16	86	163	1	80	0.403141361256544
AA11.hmm	191	Pfor|Pfor_42132	106	2.8e-14	12	78	45	104	0.345549738219895
AA11.hmm	191	Pfor|Pfor_42317	107	3.8e-20	67	163	1	89	0.50261780104712
AA11.hmm	191	Pfor|Pfor_8831	245	1.3e-06	38	146	54	185	0.565445026178011
AA11.hmm	191	Pfor|Pfor_8833	407	7.3e-06	39	146	55	185	0.56020942408377
AA11.hmm	191	Pfor|Pfor_8835	391	6.6e-06	39	146	55	185	0.56020942408377
AA1.hmm	943	Pfor|Pfor_32043	737	1.2e-78	453	749	117	430	0.31389183457052
AA2.hmm	255	Pfor|Pfor_17202	292	7.1e-49	14	253	46	284	0.937254901960784
AA3_2.hmm	568	Pfor|Pfor_10800	607	4.8e-103	2	566	16	603	0.992957746478873
AA3_2.hmm	568	Pfor|Pfor_10801	529	5.5e-86	73	566	6	525	0.867957746478873
AA3_2.hmm	568	Pfor|Pfor_10802	607	2.8e-102	2	563	16	600	0.987676056338028
AA3_2.hmm	568	Pfor|Pfor_11150	322	3e-71	3	227	104	320	0.394366197183099
AA3_2.hmm	568	Pfor|Pfor_11151	314	2.8e-71	3	227	96	312	0.394366197183099
AA3_2.hmm	568	Pfor|Pfor_23463	631	1.1e-163	3	568	63	602	0.994718309859155
AA3_2.hmm	568	Pfor|Pfor_26868	609	3.5e-103	2	566	19	605	0.992957746478873
AA3_2.hmm	568	Pfor|Pfor_28759	636	1e-156	2	568	76	623	0.996478873239437
AA3_2.hmm	568	Pfor|Pfor_29828	615	1.4e-158	2	568	43	605	0.996478873239437
AA3_2.hmm	568	Pfor|Pfor_32269	195	2.1e-42	217	400	2	185	0.322183098591549
AA3_2.hmm	568	Pfor|Pfor_37166	577	3.8e-165	2	563	41	577	0.987676056338028
AA3_2.hmm	568	Pfor|Pfor_41809	609	3.5e-101	2	563	19	602	0.987676056338028
AA3_2.hmm	568	Pfor|Pfor_4596	353	2e-93	230	567	3	343	0.59330985915493
AA4.hmm	522	Pfor|Pfor_16565	405	4.1e-10	5	249	125	372	0.467432950191571
AA4.hmm	522	Pfor|Pfor_24672	562	2.6e-17	17	191	92	265	0.333333333333333
AA6.hmm	195	Pfor|Pfor_23602	642	8e-70	1	194	23	216	0.98974358974359
AA6.hmm	195	Pfor|Pfor_27002	208	1.1e-79	1	194	6	200	0.98974358974359
AA7.hmm	458	Pfor|Pfor_41635	168	2.9e-58	80	220	1	142	0.305676855895196
CBM13.hmm	188	Pfor|Pfor_15003	607	9.2e-16	9	134	481	599	0.664893617021277
CBM13.hmm	188	Pfor|Pfor_15008	611	9.3e-16	9	134	485	603	0.664893617021277
CBM13.hmm	188	Pfor|Pfor_15010	137	2.4e-17	9	134	11	129	0.664893617021277
CBM13.hmm	188	Pfor|Pfor_29396	369	4.9e-12	8	134	238	364	0.670212765957447
CBM13.hmm	188	Pfor|Pfor_29464	199	1.5e-11	8	131	77	198	0.654255319148936
CBM13.hmm	188	Pfor|Pfor_33307	537	3.3e-09	8	135	416	532	0.675531914893617
CBM13.hmm	188	Pfor|Pfor_35793	118	6.2e-07	25	127	7	99	0.542553191489362
CBM13.hmm	188	Pfor|Pfor_9341	604	5.1e-21	6	137	478	600	0.696808510638298
CBM13.hmm	188	Pfor|Pfor_9348	608	5.2e-21	6	137	482	604	0.696808510638298
CBM13.hmm	188	Pfor|Pfor_9352	140	3.1e-22	6	137	14	136	0.696808510638298
CBM14.hmm	54	Pfor|Pfor_18628	169	1.4e-07	10	54	119	168	0.814814814814815
CBM14.hmm	54	Pfor|Pfor_18628	169	1.5e-11	6	54	51	106	0.888888888888889
CBM14.hmm	54	Pfor|Pfor_264	482	1e-10	11	54	434	481	0.796296296296296
CBM14.hmm	54	Pfor|Pfor_265	182	2.1e-11	11	54	134	181	0.796296296296296
CBM14.hmm	54	Pfor|Pfor_27657	488	2.5e-05	29	54	8	34	0.462962962962963
CBM14.hmm	54	Pfor|Pfor_28135	117	5.8e-11	8	54	70	117	0.851851851851852
CBM14.hmm	54	Pfor|Pfor_28949	163	3.2e-09	9	54	42	90	0.833333333333333
CBM14.hmm	54	Pfor|Pfor_28949	163	6.9e-06	11	54	105	151	0.796296296296296
CBM14.hmm	54	Pfor|Pfor_30552	202	1e-05	17	47	136	166	0.555555555555556
CBM14.hmm	54	Pfor|Pfor_30552	202	7.2e-08	2	54	46	99	0.962962962962963
CBM14.hmm	54	Pfor|Pfor_32132	578	0.00013	18	54	15	50	0.666666666666667
CBM14.hmm	54	Pfor|Pfor_33393	223	1.1e-07	6	54	164	215	0.888888888888889
CBM14.hmm	54	Pfor|Pfor_33393	223	1.4e-08	1	48	45	88	0.87037037037037
CBM14.hmm	54	Pfor|Pfor_33393	223	2.5e-08	7	52	101	146	0.833333333333333
CBM14.hmm	54	Pfor|Pfor_33393	223	3.9e-07	19	51	1	32	0.592592592592593
CBM14.hmm	54	Pfor|Pfor_33414	105	1.8e-07	19	49	1	37	0.555555555555556
CBM14.hmm	54	Pfor|Pfor_35147	283	2.3e-11	11	54	222	265	0.796296296296296
CBM14.hmm	54	Pfor|Pfor_35147	283	3.2e-10	6	54	78	127	0.888888888888889
CBM14.hmm	54	Pfor|Pfor_35147	283	5.3e-12	10	54	150	195	0.814814814814815
CBM14.hmm	54	Pfor|Pfor_35619	105	7.7e-10	7	54	2	49	0.87037037037037
CBM14.hmm	54	Pfor|Pfor_35981	455	7.2e-15	7	54	4	49	0.87037037037037
CBM14.hmm	54	Pfor|Pfor_36166	148	1.1e-10	6	51	72	116	0.833333333333333
CBM14.hmm	54	Pfor|Pfor_36166	148	9.1e-09	10	54	6	53	0.814814814814815
CBM14.hmm	54	Pfor|Pfor_38284	263	3.6e-08	11	52	214	260	0.759259259259259
CBM14.hmm	54	Pfor|Pfor_38837	136	3.1e-07	32	54	1	24	0.407407407407407
CBM14.hmm	54	Pfor|Pfor_39874	131	8.5e-11	1	54	31	88	0.981481481481482
CBM14.hmm	54	Pfor|Pfor_41148	110	1.8e-07	1	42	68	108	0.759259259259259
CBM14.hmm	54	Pfor|Pfor_41496	103	1.7e-07	27	54	3	29	0.5
CBM14.hmm	54	Pfor|Pfor_9133	858	1.1e-07	5	54	190	238	0.907407407407407
CBM14.hmm	54	Pfor|Pfor_9133	858	3.6e-14	6	54	361	410	0.888888888888889
CBM14.hmm	54	Pfor|Pfor_9133	858	4.7e-14	7	54	270	321	0.87037037037037
CBM18.hmm	38	Pfor|Pfor_16884	493	1.3e-07	2	38	106	148	0.947368421052632
CBM18.hmm	38	Pfor|Pfor_16884	493	7.3e-05	2	38	176	218	0.947368421052632
CBM18.hmm	38	Pfor|Pfor_21544	157	5.7e-05	10	35	33	59	0.657894736842105
CBM18.hmm	38	Pfor|Pfor_21592	241	1.6e-08	1	38	137	180	0.973684210526316
CBM18.hmm	38	Pfor|Pfor_21592	241	4.6e-10	1	38	26	69	0.973684210526316
CBM18.hmm	38	Pfor|Pfor_21592	241	4.8e-08	1	38	82	125	0.973684210526316
CBM18.hmm	38	Pfor|Pfor_24648	340	1.8e-07	1	38	23	66	0.973684210526316
CBM18.hmm	38	Pfor|Pfor_26686	352	0.00034	7	35	29	65	0.736842105263158
CBM18.hmm	38	Pfor|Pfor_41870	128	0.00013	2	38	38	80	0.947368421052632
CBM18.hmm	38	Pfor|Pfor_41870	128	3.2e-08	1	31	93	127	0.789473684210526
CBM18.hmm	38	Pfor|Pfor_41979	130	5.7e-08	1	32	94	129	0.815789473684211
CBM18.hmm	38	Pfor|Pfor_41979	130	7.2e-06	1	38	38	81	0.973684210526316
CBM18.hmm	38	Pfor|Pfor_42178	115	1.1e-06	2	35	18	49	0.868421052631579
CBM18.hmm	38	Pfor|Pfor_42357	180	4.9e-05	20	36	1	17	0.421052631578947
CBM19.hmm	45	Pfor|Pfor_13695	179	0.00011	7	44	88	126	0.822222222222222
CBM19.hmm	45	Pfor|Pfor_13697	191	0.00012	7	44	88	126	0.822222222222222
CBM19.hmm	45	Pfor|Pfor_20463	102	0.00026	7	43	53	89	0.8
CBM19.hmm	45	Pfor|Pfor_21299	496	2.4e-10	10	44	453	490	0.755555555555556
CBM19.hmm	45	Pfor|Pfor_25608	478	7.7e-08	3	44	396	434	0.911111111111111
CBM19.hmm	45	Pfor|Pfor_7379	104	9.6e-06	11	43	55	88	0.711111111111111
CBM20.hmm	90	Pfor|Pfor_16464	792	8.9e-09	5	63	10	108	0.644444444444444
CBM21.hmm	107	Pfor|Pfor_26636	118	2.1e-12	3	54	68	117	0.476635514018692
CBM21.hmm	107	Pfor|Pfor_26723	361	1.7e-28	3	107	102	208	0.97196261682243
CBM21.hmm	107	Pfor|Pfor_28881	791	9.8e-28	2	106	659	761	0.97196261682243
CBM21.hmm	107	Pfor|Pfor_8897	256	1.6e-31	2	107	146	250	0.981308411214953
CBM21.hmm	107	Pfor|Pfor_8898	314	2.5e-31	2	107	146	250	0.981308411214953
CBM21.hmm	107	Pfor|Pfor_8899	256	1.6e-31	2	107	146	250	0.981308411214953
CBM21.hmm	107	Pfor|Pfor_8900	314	2.5e-31	2	107	146	250	0.981308411214953
CBM21.hmm	107	Pfor|Pfor_8901	176	6.2e-32	2	107	66	170	0.981308411214953
CBM21.hmm	107	Pfor|Pfor_8902	234	1.3e-31	2	107	66	170	0.981308411214953
CBM24.hmm	76	Pfor|Pfor_41566	114	0.00012	6	55	28	80	0.644736842105263
CBM32.hmm	124	Pfor|Pfor_13573	361	2.2e-08	35	113	73	155	0.629032258064516
CBM32.hmm	124	Pfor|Pfor_13573	361	5.6e-09	19	113	202	305	0.758064516129032
CBM32.hmm	124	Pfor|Pfor_13574	178	1.5e-09	20	113	20	122	0.75
CBM32.hmm	124	Pfor|Pfor_24026	1264	1.1e-06	9	108	36	147	0.798387096774194
CBM32.hmm	124	Pfor|Pfor_24470	118	9.4e-12	16	107	24	118	0.733870967741935
CBM32.hmm	124	Pfor|Pfor_25771	116	2.8e-08	12	95	14	103	0.669354838709677
CBM32.hmm	124	Pfor|Pfor_27812	1622	0.00033	15	72	99	168	0.459677419354839
CBM32.hmm	124	Pfor|Pfor_28628	3096	8.4e-06	31	107	2254	2342	0.612903225806452
CBM32.hmm	124	Pfor|Pfor_32131	189	0.00045	13	82	37	109	0.556451612903226
CBM32.hmm	124	Pfor|Pfor_39416	172	3.1e-05	18	77	61	135	0.475806451612903
CBM32.hmm	124	Pfor|Pfor_5108	417	0.00046	41	84	89	137	0.346774193548387
CBM35.hmm	119	Pfor|Pfor_30158	122	0.00026	20	86	39	105	0.554621848739496
CBM37.hmm	62	Pfor|Pfor_40487	112	0.00049	5	54	49	104	0.790322580645161
CBM39.hmm	94	Pfor|Pfor_27988	466	1.3e-34	2	94	30	122	0.978723404255319
CBM39.hmm	94	Pfor|Pfor_6489	150	1.4e-28	2	92	36	126	0.957446808510638
CBM43.hmm	83	Pfor|Pfor_17710	514	0.00062	9	82	375	449	0.879518072289157
CBM43.hmm	83	Pfor|Pfor_22494	516	2.4e-10	2	76	390	472	0.891566265060241
CBM43.hmm	83	Pfor|Pfor_25763	446	1.5e-05	9	75	375	441	0.795180722891566
CBM47.hmm	128	Pfor|Pfor_36421	239	2e-23	3	127	66	196	0.96875
CBM48.hmm	76	Pfor|Pfor_17221	765	7.3e-11	2	48	115	171	0.605263157894737
CBM48.hmm	76	Pfor|Pfor_18291	406	0.00013	14	61	205	264	0.618421052631579
CBM48.hmm	76	Pfor|Pfor_28171	655	5.8e-07	2	48	65	122	0.605263157894737
CBM50.hmm	40	Pfor|Pfor_16218	221	2.1e-08	1	40	41	84	0.975
CBM50.hmm	40	Pfor|Pfor_34983	166	9.5e-05	3	40	69	110	0.925
CBM50.hmm	40	Pfor|Pfor_5527	1015	2.6e-09	1	40	108	150	0.975
CBM50.hmm	40	Pfor|Pfor_5530	994	2.5e-09	1	40	87	129	0.975
CBM50.hmm	40	Pfor|Pfor_5533	965	2.4e-09	1	40	87	129	0.975
CBM50.hmm	40	Pfor|Pfor_5788	192	3.5e-05	1	40	55	97	0.975
CBM50.hmm	40	Pfor|Pfor_5789	110	1.2e-05	1	40	55	97	0.975
CBM57.hmm	147	Pfor|Pfor_29173	273	8.4e-39	1	147	35	196	0.993197278911565
CBM63.hmm	78	Pfor|Pfor_13436	212	7.7e-17	2	72	126	195	0.897435897435897
CBM63.hmm	78	Pfor|Pfor_22437	219	7.3e-15	6	72	137	202	0.846153846153846
CBM63.hmm	78	Pfor|Pfor_42188	226	0.00044	13	69	143	200	0.717948717948718
CE14.hmm	124	Pfor|Pfor_17457	256	1.4e-14	1	122	44	155	0.975806451612903
CE14.hmm	124	Pfor|Pfor_5001	222	3.1e-11	1	123	70	178	0.983870967741935
CE14.hmm	124	Pfor|Pfor_5002	197	3.2e-05	53	123	19	87	0.564516129032258
CE14.hmm	124	Pfor|Pfor_5004	288	5.8e-11	1	123	70	178	0.983870967741935
CE14.hmm	124	Pfor|Pfor_5006	131	1.2e-05	53	123	19	87	0.564516129032258
CE16.hmm	267	Pfor|Pfor_41894	313	5.3e-10	3	262	31	289	0.970037453183521
CE17.hmm	165	Pfor|Pfor_32176	360	9.6e-06	29	82	207	260	0.321212121212121
CE1.hmm	227	Pfor|Pfor_1006	562	1.2e-07	20	143	114	259	0.541850220264317
CE1.hmm	227	Pfor|Pfor_1007	529	1.4e-08	11	143	108	259	0.581497797356828
CE1.hmm	227	Pfor|Pfor_10544	797	2.7e-15	8	221	552	786	0.938325991189427
CE1.hmm	227	Pfor|Pfor_10547	797	2.7e-15	8	221	552	786	0.938325991189427
CE1.hmm	227	Pfor|Pfor_10550	801	2.7e-15	8	221	556	790	0.938325991189427
CE1.hmm	227	Pfor|Pfor_11338	478	2.1e-07	30	189	158	390	0.700440528634361
CE1.hmm	227	Pfor|Pfor_13187	561	5.6e-16	7	213	310	537	0.907488986784141
CE1.hmm	227	Pfor|Pfor_13188	535	4.4e-15	7	197	310	519	0.837004405286344
CE1.hmm	227	Pfor|Pfor_13646	237	3.1e-11	18	215	18	224	0.86784140969163
CE1.hmm	227	Pfor|Pfor_13647	199	3.5e-10	18	140	18	155	0.537444933920705
CE1.hmm	227	Pfor|Pfor_15326	265	9e-29	1	180	37	245	0.788546255506608
CE1.hmm	227	Pfor|Pfor_15327	132	4e-14	82	183	2	114	0.444933920704846
CE1.hmm	227	Pfor|Pfor_1564	320	2.2e-52	3	224	62	316	0.973568281938326
CE1.hmm	227	Pfor|Pfor_15938	735	3.8e-11	15	208	471	705	0.850220264317181
CE1.hmm	227	Pfor|Pfor_15940	719	2.2e-11	15	209	471	690	0.854625550660793
CE1.hmm	227	Pfor|Pfor_18176	294	1.2e-38	2	224	23	287	0.977973568281938
CE1.hmm	227	Pfor|Pfor_1864	488	5.3e-06	79	153	148	261	0.325991189427313
CE1.hmm	227	Pfor|Pfor_19271	302	2.9e-45	1	224	41	298	0.982378854625551
CE1.hmm	227	Pfor|Pfor_20344	768	2e-09	12	143	476	632	0.577092511013216
CE1.hmm	227	Pfor|Pfor_20562	177	4.2e-06	25	136	40	144	0.488986784140969
CE1.hmm	227	Pfor|Pfor_25327	237	8.7e-10	21	202	24	210	0.797356828193833
CE1.hmm	227	Pfor|Pfor_25640	302	2.6e-06	81	210	96	285	0.568281938325991
CE1.hmm	227	Pfor|Pfor_28253	249	2.8e-07	10	119	127	238	0.480176211453745
CE1.hmm	227	Pfor|Pfor_28254	266	2.6e-10	22	143	59	219	0.533039647577093
CE1.hmm	227	Pfor|Pfor_28411	522	2.1e-09	10	141	98	237	0.577092511013216
CE1.hmm	227	Pfor|Pfor_28740	387	4.5e-06	26	129	69	165	0.45374449339207
CE1.hmm	227	Pfor|Pfor_28781	222	8.4e-11	22	201	16	204	0.788546255506608
CE1.hmm	227	Pfor|Pfor_30504	408	8.4e-06	75	183	157	308	0.475770925110132
CE1.hmm	227	Pfor|Pfor_30915	542	9.4e-09	88	211	386	523	0.541850220264317
CE1.hmm	227	Pfor|Pfor_32118	252	3e-07	32	140	1	99	0.475770925110132
CE1.hmm	227	Pfor|Pfor_32589	623	1.5e-08	23	143	115	271	0.52863436123348
CE1.hmm	227	Pfor|Pfor_3376	771	8.4e-13	7	219	528	759	0.933920704845815
CE1.hmm	227	Pfor|Pfor_3378	592	4.8e-13	7	219	349	580	0.933920704845815
CE1.hmm	227	Pfor|Pfor_3380	564	4.3e-13	7	219	321	552	0.933920704845815
CE1.hmm	227	Pfor|Pfor_3494	849	1.8e-15	12	211	609	830	0.876651982378855
CE1.hmm	227	Pfor|Pfor_3495	368	2.6e-16	12	211	128	349	0.876651982378855
CE1.hmm	227	Pfor|Pfor_3497	545	7.2e-16	12	211	305	526	0.876651982378855
CE1.hmm	227	Pfor|Pfor_37978	280	4.3e-09	11	141	63	196	0.572687224669604
CE1.hmm	227	Pfor|Pfor_3850	627	2e-06	10	140	148	288	0.572687224669604
CE1.hmm	227	Pfor|Pfor_3930	341	6.2e-06	11	123	106	208	0.493392070484582
CE1.hmm	227	Pfor|Pfor_3932	341	6.2e-06	11	123	106	208	0.493392070484582
CE1.hmm	227	Pfor|Pfor_5299	244	2.3e-06	51	143	26	128	0.405286343612335
CE1.hmm	227	Pfor|Pfor_76	412	4.7e-06	11	122	141	252	0.488986784140969
CE1.hmm	227	Pfor|Pfor_78	377	2.4e-08	11	155	141	288	0.634361233480176
CE3.hmm	194	Pfor|Pfor_24905	192	1.3e-10	55	194	1	163	0.716494845360825
CE4.hmm	130	Pfor|Pfor_10980	311	2.6e-08	11	126	2	129	0.884615384615385
CE4.hmm	130	Pfor|Pfor_10982	311	2.6e-08	11	126	2	129	0.884615384615385
CE4.hmm	130	Pfor|Pfor_16884	493	1.1e-27	6	124	260	381	0.907692307692308
CE4.hmm	130	Pfor|Pfor_18484	231	4.8e-12	18	109	88	175	0.7
CE4.hmm	130	Pfor|Pfor_24648	340	9.6e-28	6	124	111	232	0.907692307692308
CE4.hmm	130	Pfor|Pfor_36648	282	2e-10	55	127	2	79	0.553846153846154
CE4.hmm	130	Pfor|Pfor_40759	108	4.6e-07	10	71	33	100	0.469230769230769
CE5.hmm	189	Pfor|Pfor_27178	739	0.0003	65	133	341	397	0.35978835978836
CE5.hmm	189	Pfor|Pfor_9516	1141	0.00052	65	133	341	397	0.35978835978836
CE5.hmm	189	Pfor|Pfor_9517	794	0.00033	65	133	341	397	0.35978835978836
CE9.hmm	373	Pfor|Pfor_18331	416	1.3e-119	1	373	26	411	0.997319034852547
CE9.hmm	373	Pfor|Pfor_22169	191	4.2e-50	2	173	13	189	0.458445040214477
CE9.hmm	373	Pfor|Pfor_35171	225	3.2e-71	173	373	4	209	0.536193029490617
GH109.hmm	126	Pfor|Pfor_28062	388	7.4e-11	2	124	46	163	0.968253968253968
GH109.hmm	126	Pfor|Pfor_29282	326	9.4e-12	38	122	33	118	0.666666666666667
GH109.hmm	126	Pfor|Pfor_31731	393	1.8e-07	64	118	64	118	0.428571428571429
GH13_15.hmm	285	Pfor|Pfor_27948	523	4.2e-131	1	285	78	369	0.996491228070175
GH13_15.hmm	285	Pfor|Pfor_28667	490	2.8e-138	1	285	52	333	0.996491228070175
GH13_17.hmm	350	Pfor|Pfor_17963	562	8.4e-157	1	349	48	387	0.994285714285714
GH13_17.hmm	350	Pfor|Pfor_18893	571	1.2e-150	1	349	50	394	0.994285714285714
GH13_17.hmm	350	Pfor|Pfor_27918	582	2e-146	1	349	60	401	0.994285714285714
GH13_17.hmm	350	Pfor|Pfor_28095	569	9.8e-153	1	349	49	390	0.994285714285714
GH13_17.hmm	350	Pfor|Pfor_28501	614	6.2e-79	2	338	168	494	0.96
GH13_17.hmm	350	Pfor|Pfor_29216	617	2e-146	1	349	77	413	0.994285714285714
GH13_25.hmm	434	Pfor|Pfor_17993	1033	1.6e-192	3	434	566	1011	0.993087557603687
GH13_25.hmm	434	Pfor|Pfor_25319	1487	9.9e-183	3	434	1038	1476	0.993087557603687
GH13_28.hmm	266	Pfor|Pfor_31669	478	1.8e-06	3	91	98	183	0.330827067669173
GH132.hmm	303	Pfor|Pfor_41738	182	1.1e-55	63	245	4	181	0.600660066006601
GH132.hmm	303	Pfor|Pfor_42477	101	6.7e-31	81	173	4	100	0.303630363036304
GH13_36.hmm	314	Pfor|Pfor_15797	711	1.7e-30	1	312	246	551	0.990445859872611
GH13_36.hmm	314	Pfor|Pfor_15798	711	1.7e-30	1	312	246	551	0.990445859872611
GH13_3.hmm	210	Pfor|Pfor_25319	1487	0.0006	108	182	492	566	0.352380952380952
GH13_5.hmm	342	Pfor|Pfor_19970	253	1.5e-86	3	222	33	252	0.640350877192982
GH13_8.hmm	293	Pfor|Pfor_17221	765	3.3e-151	1	293	297	590	0.996587030716723
GH13_8.hmm	293	Pfor|Pfor_28171	655	6.3e-149	1	293	241	534	0.996587030716723
GH151.hmm	131	Pfor|Pfor_32580	106	0.00038	38	108	17	95	0.534351145038168
GH158.hmm	132	Pfor|Pfor_25972	184	0.00021	39	108	53	131	0.522727272727273
GH15.hmm	361	Pfor|Pfor_20317	1451	4.3e-15	4	279	36	325	0.761772853185596
GH15.hmm	361	Pfor|Pfor_26909	194	1.6e-33	174	360	2	186	0.515235457063712
GH15.hmm	361	Pfor|Pfor_31030	380	1.6e-12	16	283	49	330	0.739612188365651
GH15.hmm	361	Pfor|Pfor_3937	1105	4.7e-06	104	282	163	339	0.493074792243767
GH15.hmm	361	Pfor|Pfor_3941	505	1e-06	88	283	149	343	0.54016620498615
GH15.hmm	361	Pfor|Pfor_3944	1105	4.7e-06	104	282	163	339	0.493074792243767
GH15.hmm	361	Pfor|Pfor_3948	505	1e-06	88	283	149	343	0.54016620498615
GH16_19.hmm	174	Pfor|Pfor_16735	366	1.6e-49	4	174	103	265	0.977011494252874
GH16_19.hmm	174	Pfor|Pfor_26686	352	1.2e-53	4	174	114	276	0.977011494252874
GH16_19.hmm	174	Pfor|Pfor_42357	180	9.7e-27	10	104	84	180	0.540229885057471
GH16_19.hmm	174	Pfor|Pfor_42387	112	8.3e-22	88	174	6	83	0.494252873563218
GH16_23.hmm	192	Pfor|Pfor_26432	309	0.00071	50	110	209	268	0.3125
GH16_2.hmm	326	Pfor|Pfor_10845	475	8.1e-133	1	326	102	422	0.996932515337423
GH16_2.hmm	326	Pfor|Pfor_10846	482	4.2e-137	1	326	109	430	0.996932515337423
GH16_3.hmm	230	Pfor|Pfor_19870	305	1.6e-58	2	230	43	302	0.991304347826087
GH16_3.hmm	230	Pfor|Pfor_42004	382	2.7e-52	1	169	193	382	0.730434782608696
GH16_4.hmm	316	Pfor|Pfor_16799	223	1.3e-70	1	186	25	218	0.585443037974684
GH16_4.hmm	316	Pfor|Pfor_16922	124	4.2e-38	192	304	1	119	0.354430379746835
GH16_4.hmm	316	Pfor|Pfor_20242	385	2.9e-119	1	316	64	384	0.996835443037975
GH16_4.hmm	316	Pfor|Pfor_23021	428	1.7e-114	1	316	79	422	0.996835443037975
GH16_4.hmm	316	Pfor|Pfor_27664	332	8.7e-87	1	316	16	330	0.996835443037975
GH16_4.hmm	316	Pfor|Pfor_27988	466	3.9e-43	1	220	168	391	0.693037974683544
GH17.hmm	311	Pfor|Pfor_20216	337	1.7e-27	11	306	76	328	0.948553054662379
GH17.hmm	311	Pfor|Pfor_20348	413	7.3e-20	13	304	150	402	0.935691318327974
GH17.hmm	311	Pfor|Pfor_42203	283	2.3e-27	78	301	102	282	0.717041800643087
GH18.hmm	296	Pfor|Pfor_10223	451	8.5e-80	2	286	28	377	0.959459459459459
GH18.hmm	296	Pfor|Pfor_10224	451	8.5e-80	2	286	28	377	0.959459459459459
GH18.hmm	296	Pfor|Pfor_14564	483	2.4e-67	3	288	109	450	0.962837837837838
GH18.hmm	296	Pfor|Pfor_14565	405	1.3e-67	3	288	31	372	0.962837837837838
GH18.hmm	296	Pfor|Pfor_19571	210	1.1e-24	155	284	1	146	0.435810810810811
GH18.hmm	296	Pfor|Pfor_21299	496	6e-75	2	284	27	409	0.952702702702703
GH18.hmm	296	Pfor|Pfor_22662	217	2.4e-15	3	133	25	205	0.439189189189189
GH18.hmm	296	Pfor|Pfor_23668	395	4e-78	4	278	24	394	0.925675675675676
GH18.hmm	296	Pfor|Pfor_23731	126	1.6e-17	3	100	19	126	0.327702702702703
GH18.hmm	296	Pfor|Pfor_25608	478	1e-24	2	211	24	332	0.706081081081081
GH18.hmm	296	Pfor|Pfor_26027	331	1.5e-27	3	176	77	328	0.584459459459459
GH18.hmm	296	Pfor|Pfor_26028	206	3.8e-26	171	282	29	187	0.375
GH18.hmm	296	Pfor|Pfor_264	482	2.6e-85	2	290	21	377	0.972972972972973
GH18.hmm	296	Pfor|Pfor_26847	414	2.8e-77	3	284	27	398	0.949324324324324
GH18.hmm	296	Pfor|Pfor_26942	170	6.1e-22	54	187	8	170	0.449324324324324
GH18.hmm	296	Pfor|Pfor_34287	358	1.7e-31	2	279	43	349	0.935810810810811
GH18.hmm	296	Pfor|Pfor_41932	923	3.2e-74	3	282	479	847	0.942567567567568
GH18.hmm	296	Pfor|Pfor_42033	414	6.2e-56	48	285	37	342	0.800675675675676
GH1.hmm	429	Pfor|Pfor_28321	507	1.5e-148	3	427	34	493	0.988344988344988
GH1.hmm	429	Pfor|Pfor_35694	268	3.1e-60	2	254	18	265	0.587412587412587
GH20.hmm	337	Pfor|Pfor_14025	223	6.4e-32	189	336	5	158	0.43620178041543
GH20.hmm	337	Pfor|Pfor_19887	628	7.2e-87	8	336	230	582	0.973293768545994
GH20.hmm	337	Pfor|Pfor_22346	543	2.7e-90	12	335	188	505	0.958456973293769
GH20.hmm	337	Pfor|Pfor_22780	178	1.9e-29	215	336	1	127	0.359050445103858
GH20.hmm	337	Pfor|Pfor_24205	294	6e-44	6	139	155	291	0.394658753709199
GH20.hmm	337	Pfor|Pfor_28211	597	1.3e-83	7	336	199	554	0.976261127596439
GH20.hmm	337	Pfor|Pfor_30470	548	8.8e-30	68	274	112	336	0.611275964391691
GH20.hmm	337	Pfor|Pfor_41893	317	1.2e-50	7	167	155	317	0.474777448071217
GH20.hmm	337	Pfor|Pfor_5564	495	1.7e-24	18	237	29	248	0.649851632047478
GH20.hmm	337	Pfor|Pfor_5565	524	7e-24	18	223	29	226	0.608308605341246
GH20.hmm	337	Pfor|Pfor_5566	495	1.7e-24	18	237	29	248	0.649851632047478
GH20.hmm	337	Pfor|Pfor_5568	524	7e-24	18	223	29	226	0.608308605341246
GH20.hmm	337	Pfor|Pfor_5570	511	6.8e-24	18	223	16	213	0.608308605341246
GH20.hmm	337	Pfor|Pfor_5571	482	1.7e-24	18	237	16	235	0.649851632047478
GH20.hmm	337	Pfor|Pfor_756	379	3.1e-31	9	222	162	353	0.632047477744807
GH20.hmm	337	Pfor|Pfor_758	839	1.7e-33	10	323	163	478	0.928783382789317
GH22.hmm	122	Pfor|Pfor_12874	160	3e-38	1	122	23	142	0.991803278688525
GH24.hmm	137	Pfor|Pfor_41902	194	1.9e-30	3	137	24	161	0.978102189781022
GH27.hmm	375	Pfor|Pfor_1468	434	7.5e-27	124	346	126	322	0.592
GH27.hmm	375	Pfor|Pfor_1469	434	7.5e-27	124	346	126	322	0.592
GH27.hmm	375	Pfor|Pfor_1471	434	7.5e-27	124	346	126	322	0.592
GH29.hmm	346	Pfor|Pfor_29578	486	1.9e-104	21	346	52	395	0.939306358381503
GH2.hmm	752	Pfor|Pfor_1851	511	8.8e-101	22	390	68	510	0.48936170212766
GH2.hmm	752	Pfor|Pfor_1852	435	1.1e-75	22	319	68	431	0.394946808510638
GH2.hmm	752	Pfor|Pfor_27722	774	3.3e-77	143	509	19	583	0.486702127659574
GH30_1.hmm	416	Pfor|Pfor_28060	516	5.4e-141	2	415	81	510	0.992788461538462
GH31.hmm	427	Pfor|Pfor_14022	432	5.8e-62	3	179	244	427	0.412177985948478
GH31.hmm	427	Pfor|Pfor_14023	859	1.6e-151	3	427	243	726	0.992974238875878
GH31.hmm	427	Pfor|Pfor_14024	533	3.8e-123	85	427	8	407	0.800936768149883
GH31.hmm	427	Pfor|Pfor_17034	434	1e-57	65	422	59	427	0.836065573770492
GH31.hmm	427	Pfor|Pfor_20341	963	1e-156	2	427	366	809	0.995316159250585
GH31.hmm	427	Pfor|Pfor_28366	323	2.4e-69	244	427	2	188	0.428571428571429
GH31.hmm	427	Pfor|Pfor_28642	598	1.3e-76	2	239	342	597	0.555035128805621
GH31.hmm	427	Pfor|Pfor_3053	667	8.4e-84	34	421	269	664	0.90632318501171
GH31.hmm	427	Pfor|Pfor_30661	945	8.5e-156	2	427	438	907	0.995316159250585
GH35.hmm	307	Pfor|Pfor_1454	632	4.5e-114	1	305	41	358	0.990228013029316
GH35.hmm	307	Pfor|Pfor_1455	320	4.6e-100	1	271	41	319	0.879478827361563
GH35.hmm	307	Pfor|Pfor_20755	1130	4.9e-64	1	303	60	439	0.98371335504886
GH37.hmm	491	Pfor|Pfor_17552	576	5.8e-169	1	490	54	560	0.995926680244399
GH37.hmm	491	Pfor|Pfor_21221	194	1.9e-37	342	490	3	189	0.30142566191446
GH37.hmm	491	Pfor|Pfor_21286	337	3e-78	205	490	1	334	0.580448065173116
GH37.hmm	491	Pfor|Pfor_24699	901	1.9e-145	2	490	155	711	0.993890020366599
GH37.hmm	491	Pfor|Pfor_26452	226	6.1e-54	3	189	37	224	0.378818737270876
GH37.hmm	491	Pfor|Pfor_7759	527	1.6e-173	31	491	4	479	0.936863543788187
GH37.hmm	491	Pfor|Pfor_7760	573	2.1e-173	31	491	4	479	0.936863543788187
GH38.hmm	269	Pfor|Pfor_10474	1068	1.4e-85	3	255	269	520	0.936802973977695
GH38.hmm	269	Pfor|Pfor_16462	1048	2.6e-74	1	269	72	396	0.996282527881041
GH38.hmm	269	Pfor|Pfor_25683	834	2e-86	3	255	271	522	0.936802973977695
GH38.hmm	269	Pfor|Pfor_28681	703	4.2e-78	1	269	65	379	0.996282527881041
GH38.hmm	269	Pfor|Pfor_32970	478	9.7e-70	1	269	25	346	0.996282527881041
GH3.hmm	216	Pfor|Pfor_18273	775	8.4e-61	4	216	129	357	0.981481481481482
GH3.hmm	216	Pfor|Pfor_25690	690	1.2e-63	3	215	97	325	0.981481481481482
GH47.hmm	446	Pfor|Pfor_10209	512	6.8e-152	1	446	40	509	0.997757847533632
GH47.hmm	446	Pfor|Pfor_10246	575	7.7e-156	1	446	124	563	0.997757847533632
GH47.hmm	446	Pfor|Pfor_10247	575	7.7e-156	1	446	124	563	0.997757847533632
GH47.hmm	446	Pfor|Pfor_10248	452	3.2e-156	1	446	1	440	0.997757847533632
GH47.hmm	446	Pfor|Pfor_14517	251	1e-59	1	176	80	251	0.39237668161435
GH47.hmm	446	Pfor|Pfor_18177	292	8.2e-82	186	446	6	284	0.582959641255605
GH47.hmm	446	Pfor|Pfor_18378	162	3.6e-28	266	415	18	162	0.334080717488789
GH47.hmm	446	Pfor|Pfor_19098	692	2.6e-135	1	444	37	475	0.993273542600897
GH47.hmm	446	Pfor|Pfor_19161	477	4.6e-123	2	446	48	475	0.995515695067265
GH47.hmm	446	Pfor|Pfor_23273	565	3.6e-158	1	446	121	562	0.997757847533632
GH47.hmm	446	Pfor|Pfor_25405	479	2.9e-119	1	446	46	476	0.997757847533632
GH47.hmm	446	Pfor|Pfor_26876	624	2.9e-154	1	446	82	535	0.997757847533632
GH47.hmm	446	Pfor|Pfor_6078	253	4.8e-68	177	439	1	237	0.587443946188341
GH47.hmm	446	Pfor|Pfor_6079	249	2.1e-59	1	171	52	239	0.381165919282511
GH47.hmm	446	Pfor|Pfor_6081	497	3.7e-135	1	439	52	481	0.982062780269058
GH47.hmm	446	Pfor|Pfor_6083	293	5e-84	139	439	3	277	0.672645739910314
GH47.hmm	446	Pfor|Pfor_8622	1277	1.6e-137	1	445	47	483	0.995515695067265
GH47.hmm	446	Pfor|Pfor_8624	763	4.7e-138	1	445	47	483	0.995515695067265
GH5_12.hmm	539	Pfor|Pfor_19303	1018	5.3e-178	1	539	274	784	0.998144712430427
GH5_12.hmm	539	Pfor|Pfor_26811	748	1.5e-180	3	539	25	558	0.99443413729128
GH56.hmm	333	Pfor|Pfor_34865	363	4.1e-124	6	330	40	361	0.972972972972973
GH5_9.hmm	303	Pfor|Pfor_13293	411	4.1e-102	1	303	83	385	0.996699669966997
GH5_9.hmm	303	Pfor|Pfor_13294	402	3.6e-104	2	303	75	376	0.993399339933993
GH5_9.hmm	303	Pfor|Pfor_17259	413	1.4e-105	1	303	76	387	0.996699669966997
GH5_9.hmm	303	Pfor|Pfor_17894	349	9.5e-65	1	183	160	349	0.600660066006601
GH5_9.hmm	303	Pfor|Pfor_26658	162	1.6e-36	183	303	2	127	0.396039603960396
GH63.hmm	570	Pfor|Pfor_29916	814	4.8e-26	317	567	561	812	0.43859649122807
GH63.hmm	570	Pfor|Pfor_3043	292	3.6e-28	319	566	78	291	0.433333333333333
GH63.hmm	570	Pfor|Pfor_3044	856	2.9e-25	318	566	641	855	0.435087719298246
GH72.hmm	312	Pfor|Pfor_17710	514	7.9e-120	3	311	16	313	0.987179487179487
GH72.hmm	312	Pfor|Pfor_19047	337	3.7e-63	141	311	1	168	0.544871794871795
GH72.hmm	312	Pfor|Pfor_20079	152	7.3e-50	4	146	18	152	0.455128205128205
GH72.hmm	312	Pfor|Pfor_22494	516	1.4e-118	5	312	34	339	0.983974358974359
GH72.hmm	312	Pfor|Pfor_25763	446	7.7e-115	3	311	15	313	0.987179487179487
GH74.hmm	233	Pfor|Pfor_22836	2202	8.2e-07	32	124	143	282	0.394849785407725
GH74.hmm	233	Pfor|Pfor_25747	517	9.1e-10	25	113	45	128	0.377682403433476
GH76.hmm	358	Pfor|Pfor_9254	279	2.4e-06	60	175	6	150	0.32122905027933
GH76.hmm	358	Pfor|Pfor_9255	816	1.1e-06	13	174	499	685	0.449720670391061
GH79.hmm	455	Pfor|Pfor_16016	587	2e-95	1	453	131	579	0.993406593406593
GH81.hmm	622	Pfor|Pfor_26442	705	1.2e-173	15	622	82	700	0.97588424437299
GH84.hmm	295	Pfor|Pfor_1568	683	1.2e-95	1	279	19	305	0.942372881355932
GH84.hmm	295	Pfor|Pfor_1569	678	1.2e-95	1	279	19	305	0.942372881355932
GH84.hmm	295	Pfor|Pfor_1570	669	1.2e-95	1	279	19	305	0.942372881355932
GH84.hmm	295	Pfor|Pfor_1571	664	1.2e-95	1	279	19	305	0.942372881355932
GH85.hmm	315	Pfor|Pfor_1372	404	4.4e-27	157	266	10	118	0.346031746031746
GH85.hmm	315	Pfor|Pfor_1373	382	3.9e-27	157	266	10	118	0.346031746031746
GH85.hmm	315	Pfor|Pfor_1374	397	4.3e-27	157	266	10	118	0.346031746031746
GH85.hmm	315	Pfor|Pfor_1375	624	6.9e-88	1	266	84	338	0.841269841269841
GH85.hmm	315	Pfor|Pfor_1379	602	6.1e-88	1	266	84	338	0.841269841269841
GH85.hmm	315	Pfor|Pfor_1380	624	6.9e-88	1	266	84	338	0.841269841269841
GH85.hmm	315	Pfor|Pfor_1381	602	6.1e-88	1	266	84	338	0.841269841269841
GH85.hmm	315	Pfor|Pfor_1382	617	6.6e-88	1	266	84	338	0.841269841269841
GH85.hmm	315	Pfor|Pfor_1383	617	6.6e-88	1	266	84	338	0.841269841269841
GH89.hmm	663	Pfor|Pfor_7626	531	4.6e-175	156	662	1	505	0.763197586726998
GH89.hmm	663	Pfor|Pfor_7628	267	7.4e-68	418	662	3	241	0.368024132730015
GH9.hmm	418	Pfor|Pfor_2781	479	9.6e-124	1	418	42	468	0.997607655502392
GH9.hmm	418	Pfor|Pfor_2783	479	9.6e-124	1	418	42	468	0.997607655502392
GT105.hmm	73	Pfor|Pfor_15293	114	1.9e-12	34	72	1	38	0.520547945205479
GT105.hmm	73	Pfor|Pfor_25447	378	3.1e-28	2	69	261	327	0.917808219178082
GT10.hmm	347	Pfor|Pfor_15048	426	1.3e-90	29	347	82	416	0.9164265129683
GT10.hmm	347	Pfor|Pfor_15051	362	1.4e-90	31	347	20	352	0.910662824207493
GT10.hmm	347	Pfor|Pfor_34541	541	7.5e-86	51	347	240	516	0.853025936599424
GT10.hmm	347	Pfor|Pfor_9993	430	2.9e-93	10	347	35	403	0.971181556195965
GT10.hmm	347	Pfor|Pfor_9994	312	4e-61	10	251	35	311	0.694524495677233
GT11.hmm	276	Pfor|Pfor_32093	355	7.2e-37	7	256	99	340	0.902173913043478
GT13.hmm	395	Pfor|Pfor_29392	515	3.9e-155	10	394	56	508	0.972151898734177
GT14.hmm	250	Pfor|Pfor_29465	920	7.9e-75	1	250	285	534	0.996
GT15.hmm	273	Pfor|Pfor_20287	318	9.3e-116	1	272	3	275	0.992673992673993
GT15.hmm	273	Pfor|Pfor_22449	282	1.3e-52	1	181	84	267	0.659340659340659
GT15.hmm	273	Pfor|Pfor_24914	165	6.1e-36	1	101	65	165	0.366300366300366
GT16.hmm	350	Pfor|Pfor_6658	494	2.7e-145	2	350	118	482	0.994285714285714
GT16.hmm	350	Pfor|Pfor_6660	275	4.2e-52	209	350	109	263	0.402857142857143
GT16.hmm	350	Pfor|Pfor_6662	147	5.9e-45	229	350	1	135	0.345714285714286
GT16.hmm	350	Pfor|Pfor_6663	368	2e-90	2	212	118	328	0.6
GT16.hmm	350	Pfor|Pfor_6665	368	2e-90	2	212	118	328	0.6
GT17.hmm	284	Pfor|Pfor_36974	175	6.2e-14	136	283	4	165	0.517605633802817
GT1.hmm	382	Pfor|Pfor_10925	489	6.8e-27	220	349	246	399	0.337696335078534
GT1.hmm	382	Pfor|Pfor_12823	548	1.3e-24	220	381	268	467	0.421465968586387
GT1.hmm	382	Pfor|Pfor_16535	525	4.6e-28	225	370	279	443	0.379581151832461
GT1.hmm	382	Pfor|Pfor_20359	537	9.9e-22	155	352	190	427	0.515706806282722
GT1.hmm	382	Pfor|Pfor_21392	566	4.5e-22	179	348	246	447	0.442408376963351
GT1.hmm	382	Pfor|Pfor_22085	555	9.1e-26	169	358	230	445	0.494764397905759
GT1.hmm	382	Pfor|Pfor_22231	256	7.2e-23	220	352	37	195	0.345549738219895
GT1.hmm	382	Pfor|Pfor_22293	549	1.8e-29	223	378	302	472	0.405759162303665
GT1.hmm	382	Pfor|Pfor_23938	582	2.1e-24	129	352	173	452	0.583769633507853
GT1.hmm	382	Pfor|Pfor_25142	1206	6.7e-60	4	377	706	1112	0.976439790575916
GT1.hmm	382	Pfor|Pfor_26384	566	2.4e-28	77	349	120	439	0.712041884816754
GT1.hmm	382	Pfor|Pfor_26584	273	5.9e-25	196	350	81	249	0.403141361256544
GT1.hmm	382	Pfor|Pfor_27675	536	4.8e-32	223	378	295	465	0.405759162303665
GT1.hmm	382	Pfor|Pfor_28042	544	6.1e-26	196	366	264	446	0.445026178010471
GT1.hmm	382	Pfor|Pfor_28127	486	1e-32	95	368	95	412	0.714659685863874
GT1.hmm	382	Pfor|Pfor_28553	531	3.6e-31	185	364	263	452	0.468586387434555
GT1.hmm	382	Pfor|Pfor_31271	529	1.2e-29	179	368	226	446	0.494764397905759
GT1.hmm	382	Pfor|Pfor_32976	328	7.9e-25	209	364	120	285	0.405759162303665
GT1.hmm	382	Pfor|Pfor_40803	243	1.4e-28	204	353	81	241	0.390052356020942
GT1.hmm	382	Pfor|Pfor_73	555	2.5e-26	220	351	268	448	0.342931937172775
GT1.hmm	382	Pfor|Pfor_75	312	2.1e-25	220	351	36	212	0.342931937172775
GT20.hmm	475	Pfor|Pfor_14215	822	3.8e-166	9	472	8	488	0.974736842105263
GT20.hmm	475	Pfor|Pfor_22416	476	4.7e-199	5	474	6	475	0.987368421052632
GT20.hmm	475	Pfor|Pfor_2653	764	6.5e-161	11	474	12	488	0.974736842105263
GT20.hmm	475	Pfor|Pfor_2654	770	5.7e-157	12	475	12	489	0.974736842105263
GT20.hmm	475	Pfor|Pfor_2655	770	1.2e-158	11	475	12	489	0.976842105263158
GT20.hmm	475	Pfor|Pfor_2656	764	3.1e-159	12	474	12	488	0.972631578947368
GT21.hmm	233	Pfor|Pfor_17714	398	2.2e-74	1	233	52	281	0.995708154506438
GT21.hmm	233	Pfor|Pfor_20360	512	1.6e-89	1	233	60	291	0.995708154506438
GT22.hmm	389	Pfor|Pfor_11764	298	2.6e-37	2	200	29	298	0.508997429305913
GT22.hmm	389	Pfor|Pfor_11766	221	6.2e-31	2	147	29	195	0.372750642673522
GT22.hmm	389	Pfor|Pfor_16976	161	1.4e-18	75	204	3	161	0.331619537275064
GT22.hmm	389	Pfor|Pfor_17293	487	1.4e-52	104	357	11	331	0.650385604113111
GT22.hmm	389	Pfor|Pfor_33505	344	1.4e-19	224	383	2	181	0.408740359897172
GT22.hmm	389	Pfor|Pfor_34654	376	1.6e-73	36	358	1	357	0.827763496143959
GT22.hmm	389	Pfor|Pfor_35513	258	1.6e-61	6	243	5	258	0.609254498714653
GT22.hmm	389	Pfor|Pfor_40869	131	1.7e-25	139	257	1	129	0.303341902313625
GT22.hmm	389	Pfor|Pfor_8061	250	1.5e-34	224	389	2	200	0.424164524421594
GT22.hmm	389	Pfor|Pfor_8062	305	2.9e-34	224	389	2	200	0.424164524421594
GT23.hmm	318	Pfor|Pfor_2485	214	1.7e-70	141	316	1	173	0.550314465408805
GT23.hmm	318	Pfor|Pfor_2486	560	5.8e-122	1	316	213	519	0.990566037735849
GT24.hmm	248	Pfor|Pfor_23591	1531	2.2e-130	1	248	1232	1479	0.995967741935484
GT24.hmm	248	Pfor|Pfor_29412	790	5.1e-133	1	248	498	745	0.995967741935484
GT25.hmm	181	Pfor|Pfor_41377	108	1.4e-26	59	167	2	107	0.596685082872928
GT27.hmm	295	Pfor|Pfor_13295	393	4e-105	1	237	146	388	0.8
GT27.hmm	295	Pfor|Pfor_15003	607	2.4e-132	1	295	166	465	0.996610169491525
GT27.hmm	295	Pfor|Pfor_15008	611	5.6e-133	2	295	171	469	0.993220338983051
GT27.hmm	295	Pfor|Pfor_29396	369	1.3e-76	97	295	20	223	0.671186440677966
GT27.hmm	295	Pfor|Pfor_29397	263	7.2e-41	1	98	158	256	0.328813559322034
GT27.hmm	295	Pfor|Pfor_33307	537	8.9e-118	1	295	91	397	0.996610169491525
GT27.hmm	295	Pfor|Pfor_35416	562	3.5e-123	1	295	207	501	0.996610169491525
GT27.hmm	295	Pfor|Pfor_36060	461	1.8e-121	1	295	94	388	0.996610169491525
GT27.hmm	295	Pfor|Pfor_9341	604	5.9e-130	1	295	166	463	0.996610169491525
GT27.hmm	295	Pfor|Pfor_9348	608	1.4e-130	2	295	171	467	0.993220338983051
GT28.hmm	157	Pfor|Pfor_24757	144	4.9e-14	27	132	17	122	0.668789808917197
GT28.hmm	157	Pfor|Pfor_30856	169	4.6e-14	13	114	30	132	0.643312101910828
GT2_Chitin_synth_1.hmm	163	Pfor|Pfor_11252	804	1.1e-77	1	163	134	296	0.993865030674847
GT2_Chitin_synth_1.hmm	163	Pfor|Pfor_18619	437	1.2e-77	1	163	173	335	0.993865030674847
GT2_Chitin_synth_1.hmm	163	Pfor|Pfor_20244	433	1.3e-76	1	163	170	332	0.993865030674847
GT2_Chitin_synth_2.hmm	527	Pfor|Pfor_11252	804	1.6e-20	204	375	274	450	0.324478178368121
GT2_Chitin_synth_2.hmm	527	Pfor|Pfor_12094	1159	6.1e-260	10	526	548	1065	0.979127134724858
GT2_Chitin_synth_2.hmm	527	Pfor|Pfor_12626	417	7.1e-134	271	526	1	255	0.483870967741935
GT2_Chitin_synth_2.hmm	527	Pfor|Pfor_1518	814	8.9e-26	193	515	253	563	0.61100569259962
GT2_Chitin_synth_2.hmm	527	Pfor|Pfor_15248	1472	1e-238	4	526	867	1378	0.990512333965844
GT2_Chitin_synth_2.hmm	527	Pfor|Pfor_15764	628	3.4e-176	176	526	2	347	0.664136622390892
GT2_Chitin_synth_2.hmm	527	Pfor|Pfor_16428	1162	1.9e-214	4	526	505	1020	0.990512333965844
GT2_Chitin_synth_2.hmm	527	Pfor|Pfor_17742	211	1.3e-16	85	306	2	209	0.419354838709677
GT2_Chitin_synth_2.hmm	527	Pfor|Pfor_21829	619	5.4e-58	27	369	301	617	0.648956356736243
GT2_Chitin_synth_2.hmm	527	Pfor|Pfor_23957	412	9.9e-113	271	526	1	252	0.483870967741935
GT2_Chitin_synth_2.hmm	527	Pfor|Pfor_26329	311	1.3e-139	271	527	1	252	0.485768500948767
GT2_Chitin_synth_2.hmm	527	Pfor|Pfor_26369	195	7.4e-27	51	239	2	168	0.35673624288425
GT2_Chitin_synth_2.hmm	527	Pfor|Pfor_41898	366	2.6e-137	271	527	1	251	0.485768500948767
GT2_Chitin_synth_2.hmm	527	Pfor|Pfor_5618	1399	1e-120	3	291	1122	1397	0.546489563567362
GT2_Chitin_synth_2.hmm	527	Pfor|Pfor_5639	564	1.6e-77	21	215	380	564	0.368121442125237
GT2_Chitin_synth_2.hmm	527	Pfor|Pfor_5640	153	2.9e-65	57	218	2	153	0.30550284629981
GT2_Chitin_synth_2.hmm	527	Pfor|Pfor_9619	1792	2.9e-230	5	526	1173	1675	0.988614800759013
GT2_Glycos_transf_2.hmm	170	Pfor|Pfor_24610	238	5.4e-34	1	169	6	176	0.988235294117647
GT2_Glycos_transf_2.hmm	170	Pfor|Pfor_32137	185	1.2e-34	1	162	21	184	0.947058823529412
GT2_Glycos_transf_2.hmm	170	Pfor|Pfor_36769	215	2e-26	1	102	71	177	0.594117647058824
GT2_Glycos_transf_2.hmm	170	Pfor|Pfor_6962	322	2.5e-25	1	169	64	245	0.988235294117647
GT2_Glycos_transf_2.hmm	170	Pfor|Pfor_6963	244	5.6e-20	17	169	9	167	0.894117647058824
GT2_Glyco_trans_2_3.hmm	197	Pfor|Pfor_32102	458	1.4e-43	1	195	185	398	0.984771573604061
GT31.hmm	192	Pfor|Pfor_12764	357	4.3e-44	2	190	117	301	0.979166666666667
GT31.hmm	192	Pfor|Pfor_12765	357	4.3e-44	2	190	117	301	0.979166666666667
GT31.hmm	192	Pfor|Pfor_16221	399	4.2e-56	2	191	131	321	0.984375
GT31.hmm	192	Pfor|Pfor_16222	412	4.5e-56	2	191	144	334	0.984375
GT31.hmm	192	Pfor|Pfor_26406	365	9.3e-25	50	190	145	271	0.729166666666667
GT31.hmm	192	Pfor|Pfor_29182	213	7.8e-29	2	129	80	213	0.661458333333333
GT31.hmm	192	Pfor|Pfor_29185	444	6.3e-06	69	190	170	277	0.630208333333333
GT31.hmm	192	Pfor|Pfor_31924	140	5.4e-11	125	189	2	65	0.333333333333333
GT31.hmm	192	Pfor|Pfor_31939	345	2.3e-11	104	169	280	345	0.338541666666667
GT31.hmm	192	Pfor|Pfor_31939	345	7.1e-31	2	115	68	182	0.588541666666667
GT31.hmm	192	Pfor|Pfor_34482	248	2.4e-53	2	191	36	222	0.984375
GT31.hmm	192	Pfor|Pfor_35831	210	1.2e-13	19	114	103	201	0.494791666666667
GT31.hmm	192	Pfor|Pfor_35915	251	2.1e-16	55	164	138	240	0.567708333333333
GT31.hmm	192	Pfor|Pfor_39521	252	4.4e-10	61	160	161	249	0.515625
GT31.hmm	192	Pfor|Pfor_40696	128	1.3e-23	6	129	2	127	0.640625
GT32.hmm	90	Pfor|Pfor_4676	336	1.3e-06	3	87	85	197	0.933333333333333
GT32.hmm	90	Pfor|Pfor_5114	318	1.1e-06	3	87	67	179	0.933333333333333
GT32.hmm	90	Pfor|Pfor_5115	263	1.3e-16	3	88	97	207	0.944444444444444
GT32.hmm	90	Pfor|Pfor_5117	359	2.5e-16	3	88	97	207	0.944444444444444
GT32.hmm	90	Pfor|Pfor_5118	263	1.3e-16	3	88	97	207	0.944444444444444
GT32.hmm	90	Pfor|Pfor_5121	278	1.4e-16	3	88	97	207	0.944444444444444
GT33.hmm	425	Pfor|Pfor_29796	304	5e-94	2	292	32	303	0.682352941176471
GT33.hmm	425	Pfor|Pfor_891	269	8.7e-84	81	332	2	268	0.590588235294118
GT33.hmm	425	Pfor|Pfor_892	457	4.4e-144	3	424	13	452	0.990588235294118
GT35.hmm	674	Pfor|Pfor_21399	888	7e-273	3	674	149	865	0.995548961424332
GT35.hmm	674	Pfor|Pfor_28149	844	8.6e-289	1	674	112	829	0.998516320474777
GT39.hmm	223	Pfor|Pfor_17208	646	6.6e-42	67	223	2	160	0.699551569506726
GT39.hmm	223	Pfor|Pfor_20291	622	1.1e-45	63	223	8	170	0.717488789237668
GT39.hmm	223	Pfor|Pfor_22150	116	3.9e-25	2	72	32	116	0.31390134529148
GT39.hmm	223	Pfor|Pfor_22735	267	1.1e-59	4	206	47	267	0.905829596412556
GT39.hmm	223	Pfor|Pfor_26818	831	1.8e-71	2	223	56	297	0.991031390134529
GT39.hmm	223	Pfor|Pfor_37074	274	6.3e-49	19	223	3	225	0.914798206278027
GT39.hmm	223	Pfor|Pfor_42406	102	7.2e-19	49	133	1	101	0.376681614349776
GT3.hmm	637	Pfor|Pfor_21416	698	3.6e-291	1	623	18	635	0.976452119309262
GT3.hmm	637	Pfor|Pfor_28189	692	3.3e-289	1	634	38	669	0.993720565149137
GT41.hmm	705	Pfor|Pfor_18593	1082	1.1e-138	401	705	462	746	0.431205673758865
GT41.hmm	705	Pfor|Pfor_23153	1582	4.1e-49	301	529	1155	1477	0.323404255319149
GT41.hmm	705	Pfor|Pfor_23359	481	1.5e-07	25	268	148	435	0.34468085106383
GT43.hmm	212	Pfor|Pfor_3440	290	6.6e-68	1	212	59	267	0.995283018867924
GT43.hmm	212	Pfor|Pfor_3442	349	1.2e-67	1	212	118	326	0.995283018867924
GT43.hmm	212	Pfor|Pfor_899	385	1.9e-57	1	211	160	358	0.990566037735849
GT43.hmm	212	Pfor|Pfor_900	385	1.9e-57	1	211	160	358	0.990566037735849
GT43.hmm	212	Pfor|Pfor_901	385	1.9e-57	1	211	160	358	0.990566037735849
GT44.hmm	100	Pfor|Pfor_9198	590	0.00068	10	76	501	567	0.66
GT47.hmm	296	Pfor|Pfor_30386	357	2.4e-48	42	283	103	357	0.814189189189189
GT47.hmm	296	Pfor|Pfor_33585	557	4e-40	89	296	11	222	0.699324324324324
GT47.hmm	296	Pfor|Pfor_34551	237	1.5e-18	174	296	7	182	0.412162162162162
GT48.hmm	739	Pfor|Pfor_19189	388	3.9e-91	1	248	104	388	0.334235453315291
GT48.hmm	739	Pfor|Pfor_217	299	1.6e-137	129	414	1	299	0.385656292286874
GT48.hmm	739	Pfor|Pfor_220	1928	7.8e-289	3	727	869	1641	0.979702300405954
GT48.hmm	739	Pfor|Pfor_222	749	1.3e-191	243	721	1	495	0.646820027063599
GT48.hmm	739	Pfor|Pfor_25435	554	8.8e-67	448	723	1	278	0.37212449255751
GT49.hmm	337	Pfor|Pfor_14340	437	4.5e-31	124	265	281	436	0.41839762611276
GT49.hmm	337	Pfor|Pfor_15152	263	2.6e-82	83	334	2	249	0.744807121661721
GT49.hmm	337	Pfor|Pfor_37688	151	1.5e-16	208	311	5	119	0.305637982195846
GT4.hmm	160	Pfor|Pfor_14784	162	8.8e-19	40	150	2	120	0.6875
GT4.hmm	160	Pfor|Pfor_14989	153	6.3e-07	100	152	1	51	0.325
GT4.hmm	160	Pfor|Pfor_14992	153	6.3e-07	100	152	1	51	0.325
GT4.hmm	160	Pfor|Pfor_24795	204	5.8e-30	24	158	2	160	0.8375
GT4.hmm	160	Pfor|Pfor_26379	477	2.9e-22	6	151	268	434	0.90625
GT4.hmm	160	Pfor|Pfor_30525	397	3.2e-36	7	154	209	368	0.91875
GT4.hmm	160	Pfor|Pfor_9891	164	9.9e-22	47	150	1	106	0.64375
GT4.hmm	160	Pfor|Pfor_9892	446	6.6e-33	6	149	196	341	0.89375
GT50.hmm	262	Pfor|Pfor_17063	350	7.5e-65	1	227	135	349	0.862595419847328
GT50.hmm	262	Pfor|Pfor_22046	187	6.8e-66	91	261	1	173	0.648854961832061
GT51.hmm	177	Pfor|Pfor_24274	236	8.2e-05	47	113	81	140	0.372881355932203
GT54.hmm	290	Pfor|Pfor_32322	426	3.4e-120	6	290	95	381	0.979310344827586
GT57.hmm	481	Pfor|Pfor_21278	295	2.2e-64	163	480	2	292	0.659043659043659
GT57.hmm	481	Pfor|Pfor_25092	236	2.1e-68	3	159	68	231	0.324324324324324
GT57.hmm	481	Pfor|Pfor_29233	202	1.3e-66	2	167	15	202	0.343035343035343
GT57.hmm	481	Pfor|Pfor_8001	412	5.5e-121	70	464	1	411	0.819126819126819
GT58.hmm	364	Pfor|Pfor_23864	220	4.1e-69	145	364	3	218	0.601648351648352
GT58.hmm	364	Pfor|Pfor_24859	210	2.2e-54	3	143	68	209	0.384615384615385
GT58.hmm	364	Pfor|Pfor_31302	341	2e-111	3	266	50	314	0.722527472527473
GT59.hmm	404	Pfor|Pfor_20363	501	5.8e-99	2	404	49	452	0.995049504950495
GT59.hmm	404	Pfor|Pfor_39808	233	3e-53	214	404	5	187	0.47029702970297
GT64.hmm	248	Pfor|Pfor_28729	352	6.7e-93	1	248	97	339	0.995967741935484
GT64.hmm	248	Pfor|Pfor_33585	557	1.3e-101	1	248	295	540	0.995967741935484
GT64.hmm	248	Pfor|Pfor_37615	178	1.7e-74	74	248	1	170	0.701612903225806
GT65.hmm	340	Pfor|Pfor_37229	168	2e-67	1	155	15	168	0.452941176470588
GT65.hmm	340	Pfor|Pfor_9772	161	2.5e-25	208	317	1	108	0.320588235294118
GT65.hmm	340	Pfor|Pfor_9773	135	1.1e-44	208	338	1	131	0.382352941176471
GT66.hmm	693	Pfor|Pfor_25722	731	1.8e-187	10	600	14	658	0.851370851370851
GT66.hmm	693	Pfor|Pfor_28512	705	7.4e-192	11	623	23	675	0.883116883116883
GT66.hmm	693	Pfor|Pfor_3721	785	4.1e-190	10	601	28	687	0.852813852813853
GT68.hmm	350	Pfor|Pfor_35002	442	1.1e-115	1	350	51	422	0.997142857142857
GT69.hmm	239	Pfor|Pfor_18793	287	1.3e-52	31	238	1	253	0.866108786610879
GT69.hmm	239	Pfor|Pfor_26528	111	4e-19	12	104	3	92	0.384937238493724
GT69.hmm	239	Pfor|Pfor_26955	138	5.5e-30	109	208	17	113	0.414225941422594
GT69.hmm	239	Pfor|Pfor_41771	116	4.8e-23	128	208	2	79	0.334728033472803
GT76.hmm	407	Pfor|Pfor_17445	217	1.5e-53	2	198	19	217	0.481572481572482
GT76.hmm	407	Pfor|Pfor_17776	468	1.5e-99	1	406	41	468	0.995085995085995
GT76.hmm	407	Pfor|Pfor_18496	187	2.5e-48	228	406	2	186	0.437346437346437
GT76.hmm	407	Pfor|Pfor_34080	259	9.8e-60	2	231	7	257	0.562653562653563
GT7.hmm	250	Pfor|Pfor_16031	400	5e-101	6	249	153	393	0.972
GT7.hmm	250	Pfor|Pfor_16034	400	5e-101	6	249	153	393	0.972
GT7.hmm	250	Pfor|Pfor_30828	309	1.9e-80	14	242	30	258	0.912
GT7.hmm	250	Pfor|Pfor_37791	292	3.6e-77	16	217	90	288	0.804
GT8.hmm	257	Pfor|Pfor_12105	370	2.5e-47	31	255	6	222	0.8715953307393
GT8.hmm	257	Pfor|Pfor_12108	701	1.1e-46	31	255	6	222	0.8715953307393
GT8.hmm	257	Pfor|Pfor_16199	866	5.3e-45	23	256	6	233	0.906614785992218
GT8.hmm	257	Pfor|Pfor_17138	319	1.3e-36	30	254	12	292	0.8715953307393
GT8.hmm	257	Pfor|Pfor_29927	182	2.7e-12	20	150	48	177	0.505836575875486
GT8.hmm	257	Pfor|Pfor_30281	321	3e-14	46	216	102	312	0.66147859922179
GT8.hmm	257	Pfor|Pfor_35510	356	3.2e-35	31	251	6	250	0.856031128404669
GT90.hmm	250	Pfor|Pfor_37648	104	9.4e-30	130	228	6	103	0.392
GT90.hmm	250	Pfor|Pfor_37656	165	1.8e-49	88	250	4	164	0.648
GT92.hmm	279	Pfor|Pfor_10566	590	5.1e-65	1	239	308	571	0.853046594982079
GT92.hmm	279	Pfor|Pfor_10568	109	2e-18	155	240	1	91	0.304659498207885
GT92.hmm	279	Pfor|Pfor_29636	435	8.8e-14	2	181	188	367	0.6415770609319
GT92.hmm	279	Pfor|Pfor_35825	305	8e-64	3	189	112	305	0.666666666666667
GT98.hmm	644	Pfor|Pfor_38221	249	2.1e-80	421	644	4	234	0.346273291925466
PL1_12.hmm	180	Pfor|Pfor_1724	111	0.00062	70	144	14	92	0.411111111111111
PL1_12.hmm	180	Pfor|Pfor_1728	111	0.00062	70	144	14	92	0.411111111111111
PL1_12.hmm	180	Pfor|Pfor_1733	111	0.00062	70	144	14	92	0.411111111111111
PL1_12.hmm	180	Pfor|Pfor_1738	111	0.00062	70	144	14	92	0.411111111111111
PL1_12.hmm	180	Pfor|Pfor_1742	111	0.00062	70	144	14	92	0.411111111111111
PL1_12.hmm	180	Pfor|Pfor_1746	111	0.00062	70	144	14	92	0.411111111111111
PL1_12.hmm	180	Pfor|Pfor_1750	111	0.00062	70	144	14	92	0.411111111111111
PL1_12.hmm	180	Pfor|Pfor_1755	111	0.00062	70	144	14	92	0.411111111111111
PL1_12.hmm	180	Pfor|Pfor_1759	111	0.00062	70	144	14	92	0.411111111111111
PL1_12.hmm	180	Pfor|Pfor_1763	111	0.00062	70	144	14	92	0.411111111111111
PL1_12.hmm	180	Pfor|Pfor_1767	111	0.00062	70	144	14	92	0.411111111111111
PL1_5.hmm	186	Pfor|Pfor_26011	594	0.00019	51	124	441	517	0.39247311827957
PL17.hmm	139	Pfor|Pfor_39046	115	2e-05	13	56	21	64	0.309352517985612
