AA11.hmm	191	Scas|Scas_11810	368	4.8e-37	12	163	37	172	0.790575916230366
AA11.hmm	191	Scas|Scas_12898	254	6.7e-07	40	124	59	159	0.43979057591623
AA11.hmm	191	Scas|Scas_14734	238	4e-40	11	171	41	190	0.837696335078534
AA11.hmm	191	Scas|Scas_17165	265	2.7e-39	9	163	47	188	0.806282722513089
AA11.hmm	191	Scas|Scas_1993	309	8.7e-34	25	145	64	174	0.628272251308901
AA11.hmm	191	Scas|Scas_22164	336	3e-31	4	145	38	173	0.738219895287958
AA11.hmm	191	Scas|Scas_24553	131	2.4e-35	44	163	5	115	0.62303664921466
AA11.hmm	191	Scas|Scas_25079	258	4.7e-31	45	163	7	117	0.617801047120419
AA11.hmm	191	Scas|Scas_25246	122	4.1e-33	48	163	2	108	0.602094240837696
AA11.hmm	191	Scas|Scas_26795	169	3e-06	62	167	4	134	0.549738219895288
AA11.hmm	191	Scas|Scas_27801	144	4.1e-32	63	163	1	91	0.523560209424084
AA11.hmm	191	Scas|Scas_28313	123	1e-15	12	115	29	122	0.539267015706806
AA11.hmm	191	Scas|Scas_479	247	7.6e-06	24	124	41	158	0.523560209424084
AA11.hmm	191	Scas|Scas_7895	194	1.2e-32	25	145	65	173	0.628272251308901
AA1_1.hmm	303	Scas|Scas_23840	126	1e-12	70	174	1	113	0.343234323432343
AA1_3.hmm	312	Scas|Scas_19954	1061	8.7e-48	24	190	294	471	0.532051282051282
AA15.hmm	193	Scas|Scas_7772	139	1.3e-32	1	115	24	139	0.590673575129534
AA15.hmm	193	Scas|Scas_7773	112	6.2e-24	110	193	2	79	0.430051813471503
AA1.hmm	943	Scas|Scas_19569	727	1.9e-71	396	720	44	454	0.343584305408271
AA1.hmm	943	Scas|Scas_19954	1061	3.3e-25	394	941	833	999	0.580063626723224
AA1.hmm	943	Scas|Scas_21061	542	1.1e-61	450	744	34	341	0.311770943796394
AA2.hmm	255	Scas|Scas_27681	188	1.2e-41	84	254	1	172	0.666666666666667
AA2.hmm	255	Scas|Scas_28247	105	2.2e-11	155	253	2	97	0.384313725490196
AA2.hmm	255	Scas|Scas_3185	269	2.9e-51	14	253	23	261	0.937254901960784
AA3_2.hmm	568	Scas|Scas_11359	622	1.8e-161	3	568	56	612	0.994718309859155
AA3_2.hmm	568	Scas|Scas_1306	335	6e-90	226	567	1	329	0.600352112676056
AA3_2.hmm	568	Scas|Scas_14005	638	7.1e-145	3	567	85	631	0.992957746478873
AA3_2.hmm	568	Scas|Scas_14727	617	2.6e-169	1	568	53	613	0.998239436619718
AA3_2.hmm	568	Scas|Scas_168	253	3.3e-70	2	230	35	253	0.401408450704225
AA3_2.hmm	568	Scas|Scas_16834	259	5.2e-55	337	568	5	245	0.40669014084507
AA3_2.hmm	568	Scas|Scas_19482	572	6.3e-95	25	566	5	570	0.952464788732394
AA3_2.hmm	568	Scas|Scas_19483	314	2.3e-41	14	279	2	306	0.466549295774648
AA3_2.hmm	568	Scas|Scas_19484	247	7.9e-37	308	566	3	245	0.454225352112676
AA3_2.hmm	568	Scas|Scas_19485	619	1.5e-108	2	566	17	604	0.992957746478873
AA3_2.hmm	568	Scas|Scas_20083	633	3.5e-156	2	568	63	616	0.996478873239437
AA3_2.hmm	568	Scas|Scas_25944	363	3.3e-70	213	565	1	352	0.619718309859155
AA3_2.hmm	568	Scas|Scas_3384	246	9.6e-57	387	568	33	240	0.318661971830986
AA3_2.hmm	568	Scas|Scas_6202	419	1.3e-112	161	567	2	412	0.714788732394366
AA3.hmm	618	Scas|Scas_11842	642	1.5e-69	89	401	29	619	0.504854368932039
AA3.hmm	618	Scas|Scas_1741	357	4.4e-41	90	284	49	333	0.313915857605178
AA4.hmm	522	Scas|Scas_18750	517	5.4e-16	21	202	67	246	0.346743295019157
AA4.hmm	522	Scas|Scas_6933	559	1.5e-17	17	191	89	262	0.333333333333333
AA6.hmm	195	Scas|Scas_21844	208	3e-79	1	194	6	200	0.98974358974359
AA6.hmm	195	Scas|Scas_6599	689	4.1e-71	1	194	23	216	0.98974358974359
AA7.hmm	458	Scas|Scas_16360	483	5.2e-89	4	458	46	479	0.991266375545852
AA7.hmm	458	Scas|Scas_516	504	1.6e-13	8	197	13	214	0.412663755458515
CBM13.hmm	188	Scas|Scas_10490	517	4.4e-12	10	146	375	514	0.723404255319149
CBM13.hmm	188	Scas|Scas_13240	588	1.6e-09	5	133	456	582	0.680851063829787
CBM13.hmm	188	Scas|Scas_13566	630	4.3e-14	3	138	485	618	0.718085106382979
CBM13.hmm	188	Scas|Scas_13820	666	6.8e-12	7	134	515	660	0.675531914893617
CBM13.hmm	188	Scas|Scas_15786	641	9.4e-16	8	135	515	634	0.675531914893617
CBM13.hmm	188	Scas|Scas_15897	695	1.4e-16	8	147	547	690	0.73936170212766
CBM13.hmm	188	Scas|Scas_21625	655	1.5e-10	14	138	517	643	0.659574468085106
CBM13.hmm	188	Scas|Scas_27409	125	1.3e-20	14	137	7	121	0.654255319148936
CBM13.hmm	188	Scas|Scas_5429	128	9.1e-10	8	136	7	124	0.680851063829787
CBM14.hmm	54	Scas|Scas_10181	157	7.2e-11	1	54	31	83	0.981481481481482
CBM14.hmm	54	Scas|Scas_10216	191	7.3e-09	6	54	80	131	0.888888888888889
CBM14.hmm	54	Scas|Scas_10695	233	2.9e-10	6	49	28	73	0.796296296296296
CBM14.hmm	54	Scas|Scas_10695	233	2e-11	8	54	177	223	0.851851851851852
CBM14.hmm	54	Scas|Scas_10695	233	6.4e-11	1	54	92	145	0.981481481481482
CBM14.hmm	54	Scas|Scas_10696	249	1.1e-10	4	54	27	77	0.925925925925926
CBM14.hmm	54	Scas|Scas_10696	249	1.2e-10	6	54	97	146	0.888888888888889
CBM14.hmm	54	Scas|Scas_10696	249	1e-10	10	54	174	220	0.814814814814815
CBM14.hmm	54	Scas|Scas_13103	354	2.4e-05	11	47	234	269	0.666666666666667
CBM14.hmm	54	Scas|Scas_13103	354	2.4e-08	13	49	95	131	0.666666666666667
CBM14.hmm	54	Scas|Scas_13103	354	2.4e-10	11	54	164	206	0.796296296296296
CBM14.hmm	54	Scas|Scas_13103	354	3.3e-07	14	51	293	329	0.685185185185185
CBM14.hmm	54	Scas|Scas_13103	354	4.7e-07	11	54	30	73	0.796296296296296
CBM14.hmm	54	Scas|Scas_13104	656	1.2e-05	15	54	2	41	0.722222222222222
CBM14.hmm	54	Scas|Scas_13104	656	1.8e-08	10	48	470	508	0.703703703703704
CBM14.hmm	54	Scas|Scas_13104	656	2.3e-08	14	54	542	580	0.740740740740741
CBM14.hmm	54	Scas|Scas_13104	656	2.4e-06	1	54	398	452	0.981481481481482
CBM14.hmm	54	Scas|Scas_13104	656	2.5e-13	1	54	249	300	0.981481481481482
CBM14.hmm	54	Scas|Scas_13104	656	3.5e-10	1	50	320	368	0.907407407407407
CBM14.hmm	54	Scas|Scas_13104	656	5.6e-11	1	54	63	115	0.981481481481482
CBM14.hmm	54	Scas|Scas_13104	656	8.1e-12	3	54	185	235	0.944444444444444
CBM14.hmm	54	Scas|Scas_13104	656	8.9e-10	1	49	123	170	0.888888888888889
CBM14.hmm	54	Scas|Scas_13104	656	9e-08	1	54	601	655	0.981481481481482
CBM14.hmm	54	Scas|Scas_13142	533	7.9e-11	1	54	36	96	0.981481481481482
CBM14.hmm	54	Scas|Scas_14057	154	0.00022	14	54	41	85	0.740740740740741
CBM14.hmm	54	Scas|Scas_14057	154	2.1e-05	1	42	94	135	0.759259259259259
CBM14.hmm	54	Scas|Scas_15223	325	2.6e-09	6	49	51	93	0.796296296296296
CBM14.hmm	54	Scas|Scas_15223	325	6.9e-10	7	51	135	180	0.814814814814815
CBM14.hmm	54	Scas|Scas_15223	325	9.4e-07	9	51	248	289	0.777777777777778
CBM14.hmm	54	Scas|Scas_15278	184	8.2e-11	6	47	135	175	0.759259259259259
CBM14.hmm	54	Scas|Scas_17110	550	0.00013	18	51	496	533	0.611111111111111
CBM14.hmm	54	Scas|Scas_17110	550	0.00028	10	46	351	395	0.666666666666667
CBM14.hmm	54	Scas|Scas_17110	550	3.4e-07	6	49	290	337	0.796296296296296
CBM14.hmm	54	Scas|Scas_17414	376	1.5e-10	1	54	249	301	0.981481481481482
CBM14.hmm	54	Scas|Scas_17414	376	2e-12	1	54	24	77	0.981481481481482
CBM14.hmm	54	Scas|Scas_17414	376	5e-08	1	51	326	374	0.925925925925926
CBM14.hmm	54	Scas|Scas_17672	322	3.6e-08	1	52	27	77	0.944444444444444
CBM14.hmm	54	Scas|Scas_17673	403	1.6e-11	1	54	242	294	0.981481481481482
CBM14.hmm	54	Scas|Scas_17673	403	2.8e-11	7	54	352	399	0.87037037037037
CBM14.hmm	54	Scas|Scas_18490	579	1.2e-13	1	54	23	76	0.981481481481482
CBM14.hmm	54	Scas|Scas_18490	579	1.5e-07	1	49	532	578	0.888888888888889
CBM14.hmm	54	Scas|Scas_19110	242	1.7e-09	7	54	188	237	0.87037037037037
CBM14.hmm	54	Scas|Scas_19364	456	0.00012	12	54	413	454	0.777777777777778
CBM14.hmm	54	Scas|Scas_19365	295	9.3e-10	6	49	36	78	0.796296296296296
CBM14.hmm	54	Scas|Scas_20185	2192	0.00026	1	47	425	469	0.851851851851852
CBM14.hmm	54	Scas|Scas_20185	2192	1.2e-08	1	48	507	553	0.87037037037037
CBM14.hmm	54	Scas|Scas_20185	2192	1.7e-07	1	52	880	929	0.944444444444444
CBM14.hmm	54	Scas|Scas_20185	2192	1.7e-12	1	54	258	309	0.981481481481482
CBM14.hmm	54	Scas|Scas_20185	2192	4.5e-07	3	47	354	396	0.814814814814815
CBM14.hmm	54	Scas|Scas_20185	2192	4.9e-12	1	54	157	208	0.981481481481482
CBM14.hmm	54	Scas|Scas_20185	2192	5.9e-13	1	54	807	858	0.981481481481482
CBM14.hmm	54	Scas|Scas_20185	2192	8.5e-10	1	50	671	718	0.907407407407407
CBM14.hmm	54	Scas|Scas_20185	2192	9.7e-10	1	51	591	639	0.925925925925926
CBM14.hmm	54	Scas|Scas_20814	1044	1.1e-06	11	48	466	503	0.685185185185185
CBM14.hmm	54	Scas|Scas_20814	1044	1.3e-10	1	54	145	197	0.981481481481482
CBM14.hmm	54	Scas|Scas_20814	1044	1.4e-05	8	52	304	347	0.814814814814815
CBM14.hmm	54	Scas|Scas_20814	1044	1.5e-07	1	50	387	435	0.907407407407407
CBM14.hmm	54	Scas|Scas_20814	1044	2.1e-11	1	54	535	587	0.981481481481482
CBM14.hmm	54	Scas|Scas_20814	1044	2.2e-08	1	49	223	271	0.888888888888889
CBM14.hmm	54	Scas|Scas_20814	1044	2.6e-06	1	51	61	110	0.925925925925926
CBM14.hmm	54	Scas|Scas_20814	1044	3.2e-10	1	54	805	858	0.981481481481482
CBM14.hmm	54	Scas|Scas_20814	1044	3.8e-07	13	54	1002	1042	0.759259259259259
CBM14.hmm	54	Scas|Scas_20814	1044	4e-06	1	48	608	654	0.87037037037037
CBM14.hmm	54	Scas|Scas_20814	1044	6.4e-12	1	54	707	759	0.981481481481482
CBM14.hmm	54	Scas|Scas_20814	1044	8.4e-07	2	47	933	977	0.833333333333333
CBM14.hmm	54	Scas|Scas_21298	127	8e-09	7	52	41	89	0.833333333333333
CBM14.hmm	54	Scas|Scas_22094	237	3e-10	1	54	112	164	0.981481481481482
CBM14.hmm	54	Scas|Scas_22094	237	7.6e-07	1	48	186	231	0.87037037037037
CBM14.hmm	54	Scas|Scas_23925	100	5e-10	1	54	22	75	0.981481481481482
CBM14.hmm	54	Scas|Scas_24455	297	1.1e-12	1	54	198	250	0.981481481481482
CBM14.hmm	54	Scas|Scas_24455	297	2.6e-13	1	54	51	104	0.981481481481482
CBM14.hmm	54	Scas|Scas_24707	110	7.4e-07	8	48	40	82	0.740740740740741
CBM14.hmm	54	Scas|Scas_247	538	1.1e-10	13	54	61	102	0.759259259259259
CBM14.hmm	54	Scas|Scas_24878	105	6.1e-09	1	41	64	103	0.740740740740741
CBM14.hmm	54	Scas|Scas_25198	119	6e-05	1	49	54	105	0.888888888888889
CBM14.hmm	54	Scas|Scas_25788	151	2.2e-11	10	51	100	146	0.759259259259259
CBM14.hmm	54	Scas|Scas_26123	334	1.6e-10	3	54	202	255	0.944444444444444
CBM14.hmm	54	Scas|Scas_26123	334	3e-06	1	54	280	334	0.981481481481482
CBM14.hmm	54	Scas|Scas_26726	113	2.1e-13	1	54	22	75	0.981481481481482
CBM14.hmm	54	Scas|Scas_26838	132	3e-05	9	54	79	127	0.833333333333333
CBM14.hmm	54	Scas|Scas_311	266	2.7e-10	1	54	44	96	0.981481481481482
CBM14.hmm	54	Scas|Scas_3129	242	2e-12	10	54	192	238	0.814814814814815
CBM14.hmm	54	Scas|Scas_3129	242	6.3e-06	12	48	112	147	0.666666666666667
CBM14.hmm	54	Scas|Scas_3129	242	6e-10	1	54	28	79	0.981481481481482
CBM14.hmm	54	Scas|Scas_3716	161	2.3e-11	1	54	105	157	0.981481481481482
CBM14.hmm	54	Scas|Scas_4499	118	1.5e-05	15	48	72	106	0.611111111111111
CBM14.hmm	54	Scas|Scas_5285	211	1.5e-05	10	36	180	210	0.481481481481481
CBM14.hmm	54	Scas|Scas_5285	211	5.9e-10	1	48	118	164	0.87037037037037
CBM14.hmm	54	Scas|Scas_5701	254	2.3e-07	1	54	162	214	0.981481481481482
CBM14.hmm	54	Scas|Scas_5701	254	8.7e-11	1	54	60	112	0.981481481481482
CBM14.hmm	54	Scas|Scas_7897	488	9.9e-11	5	54	32	79	0.907407407407407
CBM14.hmm	54	Scas|Scas_7903	197	1.1e-06	10	47	43	82	0.685185185185185
CBM14.hmm	54	Scas|Scas_8121	149	3.5e-10	10	54	100	144	0.814814814814815
CBM14.hmm	54	Scas|Scas_8369	224	6.8e-08	13	48	179	219	0.648148148148148
CBM14.hmm	54	Scas|Scas_8419	123	6.9e-07	9	48	73	116	0.722222222222222
CBM14.hmm	54	Scas|Scas_8957	492	9.9e-11	6	54	445	492	0.888888888888889
CBM14.hmm	54	Scas|Scas_9150	259	1.5e-10	6	54	27	78	0.888888888888889
CBM14.hmm	54	Scas|Scas_9150	259	3.1e-11	10	54	167	218	0.814814814814815
CBM14.hmm	54	Scas|Scas_9150	259	3.3e-11	10	54	98	144	0.814814814814815
CBM14.hmm	54	Scas|Scas_9371	293	1.9e-14	6	52	128	174	0.851851851851852
CBM14.hmm	54	Scas|Scas_9371	293	5.3e-10	1	54	56	109	0.981481481481482
CBM14.hmm	54	Scas|Scas_9371	293	8.1e-11	10	54	198	248	0.814814814814815
CBM14.hmm	54	Scas|Scas_9912	225	2e-09	1	54	25	80	0.981481481481482
CBM14.hmm	54	Scas|Scas_9912	225	3.1e-08	10	52	99	144	0.777777777777778
CBM14.hmm	54	Scas|Scas_9912	225	3.6e-09	2	54	159	220	0.962962962962963
CBM18.hmm	38	Scas|Scas_11651	140	5.3e-06	2	38	23	65	0.947368421052632
CBM18.hmm	38	Scas|Scas_12093	172	2.5e-07	2	28	142	172	0.684210526315789
CBM18.hmm	38	Scas|Scas_12125	110	1.4e-10	1	38	3	46	0.973684210526316
CBM18.hmm	38	Scas|Scas_13878	325	1.5e-07	1	38	94	137	0.973684210526316
CBM18.hmm	38	Scas|Scas_13878	325	3.4e-09	1	38	149	192	0.973684210526316
CBM18.hmm	38	Scas|Scas_13878	325	6.4e-09	1	38	38	81	0.973684210526316
CBM18.hmm	38	Scas|Scas_15530	553	1.5e-05	2	38	236	278	0.947368421052632
CBM18.hmm	38	Scas|Scas_15530	553	3.4e-09	2	38	167	209	0.947368421052632
CBM18.hmm	38	Scas|Scas_18879	631	1.2e-08	1	38	262	305	0.973684210526316
CBM18.hmm	38	Scas|Scas_18879	631	3.4e-09	2	38	204	246	0.947368421052632
CBM18.hmm	38	Scas|Scas_18879	631	7.7e-06	2	38	318	360	0.947368421052632
CBM18.hmm	38	Scas|Scas_26068	356	1e-05	10	35	43	69	0.657894736842105
CBM18.hmm	38	Scas|Scas_26697	146	4.4e-07	1	33	107	144	0.842105263157895
CBM18.hmm	38	Scas|Scas_26697	146	4e-08	2	38	50	93	0.947368421052632
CBM18.hmm	38	Scas|Scas_27035	300	2.9e-07	10	35	33	59	0.657894736842105
CBM18.hmm	38	Scas|Scas_27865	116	2.1e-09	1	38	25	68	0.973684210526316
CBM18.hmm	38	Scas|Scas_3239	249	6.6e-10	2	38	203	245	0.947368421052632
CBM18.hmm	38	Scas|Scas_3800	347	3.8e-08	1	38	22	65	0.973684210526316
CBM18.hmm	38	Scas|Scas_9242	190	4.8e-09	1	38	25	68	0.973684210526316
CBM19.hmm	45	Scas|Scas_13678	496	4.1e-08	3	44	411	449	0.911111111111111
CBM19.hmm	45	Scas|Scas_16876	497	4.3e-05	18	44	462	486	0.577777777777778
CBM19.hmm	45	Scas|Scas_3002	166	2.2e-07	2	43	117	153	0.911111111111111
CBM20.hmm	90	Scas|Scas_17746	666	2.1e-11	4	76	62	140	0.8
CBM20.hmm	90	Scas|Scas_20753	696	5.1e-15	5	66	41	105	0.677777777777778
CBM20.hmm	90	Scas|Scas_9492	676	2.2e-14	2	82	50	140	0.888888888888889
CBM21.hmm	107	Scas|Scas_21893	361	9e-29	3	106	102	207	0.962616822429907
CBM21.hmm	107	Scas|Scas_23102	209	5.2e-07	3	36	176	209	0.308411214953271
CBM21.hmm	107	Scas|Scas_26284	342	3.7e-27	3	107	72	180	0.97196261682243
CBM21.hmm	107	Scas|Scas_28741	104	6.8e-18	3	70	32	99	0.626168224299065
CBM23.hmm	162	Scas|Scas_6581	310	1.4e-06	63	160	177	285	0.598765432098765
CBM32.hmm	124	Scas|Scas_10083	139	1.1e-08	11	110	18	124	0.798387096774194
CBM32.hmm	124	Scas|Scas_14023	628	1e-08	36	114	323	401	0.629032258064516
CBM32.hmm	124	Scas|Scas_14023	628	8.2e-09	22	112	439	548	0.725806451612903
CBM32.hmm	124	Scas|Scas_24524	103	2.2e-08	37	114	3	92	0.620967741935484
CBM32.hmm	124	Scas|Scas_28753	145	3.6e-08	16	79	42	114	0.508064516129032
CBM32.hmm	124	Scas|Scas_8342	139	1.4e-10	11	109	19	122	0.790322580645161
CBM39.hmm	94	Scas|Scas_10690	409	3.9e-11	56	94	1	39	0.404255319148936
CBM39.hmm	94	Scas|Scas_18589	448	1.4e-11	1	87	22	101	0.914893617021277
CBM39.hmm	94	Scas|Scas_20019	495	3e-18	4	87	44	125	0.882978723404255
CBM39.hmm	94	Scas|Scas_7350	159	3.6e-42	1	94	28	121	0.98936170212766
CBM40.hmm	179	Scas|Scas_8415	1031	3.7e-06	52	173	404	543	0.675977653631285
CBM43.hmm	83	Scas|Scas_11824	371	5.9e-05	6	82	258	337	0.91566265060241
CBM43.hmm	83	Scas|Scas_16774	524	0.00026	9	82	376	450	0.879518072289157
CBM43.hmm	83	Scas|Scas_5120	215	1.4e-11	2	77	88	171	0.903614457831325
CBM43.hmm	83	Scas|Scas_9652	500	8.7e-11	2	76	374	456	0.891566265060241
CBM47.hmm	128	Scas|Scas_23288	183	4.4e-18	4	88	99	182	0.65625
CBM47.hmm	128	Scas|Scas_5263	200	2.1e-16	48	128	2	82	0.625
CBM48.hmm	76	Scas|Scas_15817	647	0.00018	16	61	21	82	0.592105263157895
CBM48.hmm	76	Scas|Scas_17457	727	3.9e-12	2	48	77	133	0.605263157894737
CBM48.hmm	76	Scas|Scas_644	689	4.8e-06	3	47	59	114	0.578947368421053
CBM50.hmm	40	Scas|Scas_16082	329	1.4e-06	1	40	64	107	0.975
CBM50.hmm	40	Scas|Scas_4122	294	6.6e-09	2	40	60	102	0.95
CBM50.hmm	40	Scas|Scas_4150	183	2.3e-05	1	40	51	93	0.975
CBM57.hmm	147	Scas|Scas_7074	332	2.2e-36	1	146	40	199	0.986394557823129
CBM63.hmm	78	Scas|Scas_1813	260	1.8e-06	13	71	143	202	0.743589743589744
CBM63.hmm	78	Scas|Scas_27116	112	1.9e-16	2	67	47	112	0.833333333333333
CBM63.hmm	78	Scas|Scas_3612	212	2.6e-17	2	72	126	195	0.897435897435897
CBM63.hmm	78	Scas|Scas_8443	208	1.7e-18	2	72	120	191	0.897435897435897
CBM63.hmm	78	Scas|Scas_8750	219	4.5e-16	2	72	133	202	0.897435897435897
CBM76.hmm	161	Scas|Scas_13724	107	0.00097	26	95	16	82	0.428571428571429
CBM77.hmm	103	Scas|Scas_25908	358	0.0002	22	58	35	71	0.349514563106796
CBM78.hmm	130	Scas|Scas_22337	176	0.00097	28	99	37	114	0.546153846153846
CE14.hmm	124	Scas|Scas_12817	340	3.8e-11	1	124	118	231	0.991935483870968
CE14.hmm	124	Scas|Scas_9016	309	8.7e-16	1	122	74	185	0.975806451612903
CE16.hmm	267	Scas|Scas_21259	154	9.3e-08	2	110	24	124	0.404494382022472
CE16.hmm	267	Scas|Scas_22547	195	1.7e-06	169	262	24	129	0.348314606741573
CE16.hmm	267	Scas|Scas_23747	299	3.7e-06	2	119	23	131	0.438202247191011
CE16.hmm	267	Scas|Scas_6603	309	7.1e-07	32	266	55	283	0.876404494382023
CE16.hmm	267	Scas|Scas_7835	321	1.1e-06	2	264	27	279	0.9812734082397
CE1.hmm	227	Scas|Scas_10147	340	5.2e-06	10	122	100	202	0.493392070484582
CE1.hmm	227	Scas|Scas_10520	253	7.4e-11	21	214	21	223	0.850220264317181
CE1.hmm	227	Scas|Scas_10623	570	1.7e-06	21	140	122	249	0.524229074889868
CE1.hmm	227	Scas|Scas_10948	359	4.6e-06	28	143	151	286	0.506607929515419
CE1.hmm	227	Scas|Scas_11353	413	7.1e-08	29	143	89	254	0.502202643171806
CE1.hmm	227	Scas|Scas_12119	217	3.6e-10	24	142	13	144	0.519823788546256
CE1.hmm	227	Scas|Scas_12506	404	8.7e-09	6	122	55	162	0.511013215859031
CE1.hmm	227	Scas|Scas_14045	580	5.5e-10	10	141	109	252	0.577092511013216
CE1.hmm	227	Scas|Scas_14171	566	1.1e-08	23	142	118	244	0.524229074889868
CE1.hmm	227	Scas|Scas_14216	763	2.4e-06	59	194	550	711	0.594713656387665
CE1.hmm	227	Scas|Scas_14242	363	9.9e-06	20	174	54	195	0.6784140969163
CE1.hmm	227	Scas|Scas_14333	243	3.2e-09	26	182	21	188	0.687224669603524
CE1.hmm	227	Scas|Scas_14819	296	6.9e-10	21	143	38	171	0.537444933920705
CE1.hmm	227	Scas|Scas_14936	321	3.3e-06	16	193	41	277	0.779735682819383
CE1.hmm	227	Scas|Scas_15395	323	6.5e-40	1	225	51	317	0.986784140969163
CE1.hmm	227	Scas|Scas_15930	749	1.1e-11	12	219	506	732	0.911894273127753
CE1.hmm	227	Scas|Scas_16337	645	3e-06	14	146	184	315	0.581497797356828
CE1.hmm	227	Scas|Scas_16398	267	8.1e-07	81	179	33	223	0.431718061674009
CE1.hmm	227	Scas|Scas_16676	374	3.6e-16	22	211	144	355	0.832599118942731
CE1.hmm	227	Scas|Scas_16747	458	1.3e-06	10	143	125	270	0.585903083700441
CE1.hmm	227	Scas|Scas_1698	336	6.5e-06	22	123	65	162	0.444933920704846
CE1.hmm	227	Scas|Scas_17304	609	2.7e-09	12	140	462	592	0.563876651982379
CE1.hmm	227	Scas|Scas_17331	584	5.3e-15	8	221	336	568	0.938325991189427
CE1.hmm	227	Scas|Scas_18515	998	2.4e-06	47	210	795	978	0.718061674008811
CE1.hmm	227	Scas|Scas_1910	418	6.9e-06	66	143	157	247	0.33920704845815
CE1.hmm	227	Scas|Scas_20674	549	8.2e-11	21	141	109	242	0.52863436123348
CE1.hmm	227	Scas|Scas_21166	285	1.8e-49	1	224	23	280	0.982378854625551
CE1.hmm	227	Scas|Scas_22041	475	7.3e-11	23	213	247	459	0.837004405286344
CE1.hmm	227	Scas|Scas_2433	539	2.2e-06	21	161	97	234	0.616740088105727
CE1.hmm	227	Scas|Scas_25103	370	1.8e-10	9	142	192	327	0.585903083700441
CE1.hmm	227	Scas|Scas_26014	299	5.1e-06	78	208	86	277	0.572687224669604
CE1.hmm	227	Scas|Scas_26464	257	2e-09	21	143	39	209	0.537444933920705
CE1.hmm	227	Scas|Scas_5722	262	2e-09	21	207	49	241	0.819383259911894
CE1.hmm	227	Scas|Scas_8095	211	1.4e-34	58	224	1	205	0.731277533039648
CE1.hmm	227	Scas|Scas_9333	604	3e-09	10	149	130	270	0.612334801762115
CE3.hmm	194	Scas|Scas_23744	225	3.2e-13	55	185	67	199	0.670103092783505
CE3.hmm	194	Scas|Scas_5295	235	6.1e-13	50	193	39	205	0.737113402061856
CE4.hmm	130	Scas|Scas_12064	258	5.1e-34	9	125	64	183	0.892307692307692
CE4.hmm	130	Scas|Scas_1288	397	1.9e-11	8	126	73	205	0.907692307692308
CE4.hmm	130	Scas|Scas_13142	533	8.1e-09	34	126	225	324	0.707692307692308
CE4.hmm	130	Scas|Scas_15530	553	4.7e-27	8	124	322	441	0.892307692307692
CE4.hmm	130	Scas|Scas_17061	379	2e-27	6	124	138	259	0.907692307692308
CE4.hmm	130	Scas|Scas_18879	631	1.9e-23	10	124	406	523	0.876923076923077
CE4.hmm	130	Scas|Scas_24029	180	7.7e-21	34	124	6	99	0.692307692307692
CE4.hmm	130	Scas|Scas_247	538	7.1e-15	10	127	199	330	0.9
CE4.hmm	130	Scas|Scas_2873	337	1.5e-12	19	109	89	175	0.692307692307692
CE4.hmm	130	Scas|Scas_3800	347	2.8e-27	6	124	109	230	0.907692307692308
CE4.hmm	130	Scas|Scas_7897	488	7e-10	8	127	129	260	0.915384615384615
CE4.hmm	130	Scas|Scas_9241	128	7.9e-06	80	124	2	47	0.338461538461538
CE4.hmm	130	Scas|Scas_9242	190	1.8e-17	7	84	112	190	0.592307692307692
CE5.hmm	189	Scas|Scas_15189	406	0.00068	30	103	160	230	0.386243386243386
CE7.hmm	313	Scas|Scas_10147	340	7.9e-10	152	291	161	291	0.44408945686901
CE9.hmm	373	Scas|Scas_19386	405	3.4e-122	2	373	11	389	0.994638069705094
CE9.hmm	373	Scas|Scas_25498	416	4.4e-122	1	373	26	411	0.997319034852547
dockerin.hmm	21	Scas|Scas_28359	141	0.00045	3	20	21	38	0.80952380952381
GH109.hmm	126	Scas|Scas_18835	335	1.9e-10	38	122	41	119	0.666666666666667
GH109.hmm	126	Scas|Scas_2458	124	0.00066	53	104	46	97	0.404761904761905
GH109.hmm	126	Scas|Scas_2921	350	0.00011	1	43	2	44	0.333333333333333
GH109.hmm	126	Scas|Scas_7855	388	6.2e-09	8	118	5	110	0.873015873015873
GH116.hmm	363	Scas|Scas_22607	373	1.1e-115	1	270	40	372	0.741046831955923
GH13_15.hmm	285	Scas|Scas_18231	500	3.3e-140	1	285	61	343	0.996491228070175
GH13_15.hmm	285	Scas|Scas_19195	498	7.2e-146	1	284	59	341	0.992982456140351
GH13_15.hmm	285	Scas|Scas_8254	511	2.7e-137	1	285	66	352	0.996491228070175
GH13_17.hmm	350	Scas|Scas_13871	582	4.5e-164	1	349	44	401	0.994285714285714
GH13_17.hmm	350	Scas|Scas_15325	630	7.5e-21	53	232	246	418	0.511428571428571
GH13_17.hmm	350	Scas|Scas_15948	212	1.2e-80	80	285	1	211	0.585714285714286
GH13_17.hmm	350	Scas|Scas_16408	303	1.2e-132	70	350	1	285	0.8
GH13_17.hmm	350	Scas|Scas_18780	399	9.3e-92	134	349	1	221	0.614285714285714
GH13_17.hmm	350	Scas|Scas_18999	583	1.4e-167	1	350	49	402	0.997142857142857
GH13_17.hmm	350	Scas|Scas_19080	459	1e-128	71	349	1	280	0.794285714285714
GH13_17.hmm	350	Scas|Scas_19821	577	8.9e-157	1	349	58	412	0.994285714285714
GH13_17.hmm	350	Scas|Scas_20022	574	1.3e-162	1	349	43	399	0.994285714285714
GH13_17.hmm	350	Scas|Scas_20023	577	6.9e-168	1	350	45	403	0.997142857142857
GH13_17.hmm	350	Scas|Scas_20042	433	2.1e-108	100	350	1	255	0.714285714285714
GH13_25.hmm	434	Scas|Scas_13847	1535	4.1e-201	2	434	1084	1522	0.995391705069124
GH13_25.hmm	434	Scas|Scas_14861	1485	1.8e-177	3	434	1036	1474	0.993087557603687
GH132.hmm	303	Scas|Scas_5799	280	2.8e-58	68	302	55	277	0.772277227722772
GH132.hmm	303	Scas|Scas_6194	426	2.8e-65	7	302	126	422	0.973597359735974
GH13_3.hmm	210	Scas|Scas_14861	1485	5.4e-06	2	88	144	234	0.40952380952381
GH13_5.hmm	342	Scas|Scas_1465	481	8.6e-134	3	341	33	367	0.988304093567251
GH13_8.hmm	293	Scas|Scas_17457	727	1.9e-150	1	293	259	552	0.996587030716723
GH13_8.hmm	293	Scas|Scas_644	689	9.1e-153	1	293	237	530	0.996587030716723
GH13.hmm	299	Scas|Scas_5924	637	3.2e-24	12	294	209	484	0.94314381270903
GH15.hmm	361	Scas|Scas_16999	1090	3.7e-08	45	282	88	344	0.656509695290859
GH15.hmm	361	Scas|Scas_20665	358	5e-17	4	280	17	307	0.764542936288089
GH15.hmm	361	Scas|Scas_6297	661	1.9e-81	3	360	278	653	0.988919667590028
GH16_19.hmm	174	Scas|Scas_22143	245	9.6e-51	22	174	78	222	0.873563218390805
GH16_19.hmm	174	Scas|Scas_22283	261	2.5e-50	22	174	94	238	0.873563218390805
GH16_19.hmm	174	Scas|Scas_25263	369	8.1e-50	6	174	105	265	0.96551724137931
GH16_19.hmm	174	Scas|Scas_26068	356	5.2e-53	4	174	118	280	0.977011494252874
GH16_19.hmm	174	Scas|Scas_27035	300	1.9e-54	3	174	105	270	0.982758620689655
GH16_19.hmm	174	Scas|Scas_27435	214	5.5e-57	3	168	55	214	0.948275862068966
GH16_19.hmm	174	Scas|Scas_2994	174	5.7e-21	4	65	113	174	0.350574712643678
GH16_19.hmm	174	Scas|Scas_9319	287	1.4e-19	3	156	62	207	0.879310344827586
GH16_2.hmm	326	Scas|Scas_3290	398	1.6e-122	1	292	110	398	0.892638036809816
GH16_2.hmm	326	Scas|Scas_8955	474	2.6e-131	1	326	101	421	0.996932515337423
GH16_3.hmm	230	Scas|Scas_14595	305	6.1e-60	2	230	43	302	0.991304347826087
GH16_3.hmm	230	Scas|Scas_679	468	4.2e-67	1	230	196	464	0.995652173913044
GH16_4.hmm	316	Scas|Scas_10690	409	7e-72	1	316	93	407	0.996835443037975
GH16_4.hmm	316	Scas|Scas_116	377	6.2e-120	1	316	55	375	0.996835443037975
GH16_4.hmm	316	Scas|Scas_125	450	3.5e-107	1	316	104	448	0.996835443037975
GH16_4.hmm	316	Scas|Scas_15957	399	3.3e-116	1	316	65	397	0.996835443037975
GH16_4.hmm	316	Scas|Scas_18589	448	2.1e-48	2	227	159	380	0.712025316455696
GH16_4.hmm	316	Scas|Scas_20019	495	1.2e-81	1	316	191	493	0.996835443037975
GH16_4.hmm	316	Scas|Scas_21364	362	3.8e-112	1	316	29	359	0.996835443037975
GH16_4.hmm	316	Scas|Scas_23908	139	5.1e-46	184	316	6	137	0.417721518987342
GH16_4.hmm	316	Scas|Scas_24132	150	9.6e-56	81	226	2	148	0.458860759493671
GH16_4.hmm	316	Scas|Scas_4386	397	1.7e-116	1	315	52	390	0.993670886075949
GH17.hmm	311	Scas|Scas_1016	336	9.5e-28	9	306	72	327	0.954983922829582
GH17.hmm	311	Scas|Scas_13352	338	1.8e-24	14	304	73	325	0.932475884244373
GH17.hmm	311	Scas|Scas_1766	272	1.1e-21	3	294	22	271	0.935691318327974
GH17.hmm	311	Scas|Scas_27508	101	1.7e-19	174	299	1	100	0.401929260450161
GH17.hmm	311	Scas|Scas_28959	99	8.6e-07	165	264	16	97	0.318327974276527
GH17.hmm	311	Scas|Scas_3672	293	6.5e-21	14	301	35	279	0.922829581993569
GH17.hmm	311	Scas|Scas_432	290	5.7e-22	13	304	41	288	0.935691318327974
GH18.hmm	296	Scas|Scas_1054	454	3.9e-58	2	282	30	433	0.945945945945946
GH18.hmm	296	Scas|Scas_11862	439	2.9e-47	2	282	23	420	0.945945945945946
GH18.hmm	296	Scas|Scas_11863	439	1.1e-55	4	283	23	420	0.942567567567568
GH18.hmm	296	Scas|Scas_12533	441	4.3e-59	4	283	26	423	0.942567567567568
GH18.hmm	296	Scas|Scas_13600	574	7.8e-22	4	220	60	338	0.72972972972973
GH18.hmm	296	Scas|Scas_13678	496	1.4e-25	2	198	22	267	0.662162162162162
GH18.hmm	296	Scas|Scas_14055	480	1e-65	5	284	124	460	0.942567567567568
GH18.hmm	296	Scas|Scas_16404	303	1.4e-34	6	203	25	302	0.665540540540541
GH18.hmm	296	Scas|Scas_16439	221	4.4e-35	135	282	5	202	0.496621621621622
GH18.hmm	296	Scas|Scas_16440	230	1.3e-18	4	133	28	223	0.435810810810811
GH18.hmm	296	Scas|Scas_16541	433	3.8e-54	3	282	26	414	0.942567567567568
GH18.hmm	296	Scas|Scas_16876	497	1.4e-76	3	284	21	402	0.949324324324324
GH18.hmm	296	Scas|Scas_1742	310	2e-24	4	131	118	301	0.429054054054054
GH18.hmm	296	Scas|Scas_17961	727	4.1e-16	4	240	27	312	0.797297297297297
GH18.hmm	296	Scas|Scas_2082	406	4.2e-76	2	283	17	401	0.949324324324324
GH18.hmm	296	Scas|Scas_21295	323	1.3e-31	2	208	23	298	0.695945945945946
GH18.hmm	296	Scas|Scas_21677	641	7.7e-76	2	282	194	563	0.945945945945946
GH18.hmm	296	Scas|Scas_22289	281	3.2e-65	51	272	10	281	0.746621621621622
GH18.hmm	296	Scas|Scas_2270	170	5.3e-11	7	118	24	167	0.375
GH18.hmm	296	Scas|Scas_23298	154	2.1e-25	185	285	3	144	0.337837837837838
GH18.hmm	296	Scas|Scas_23539	171	1.3e-26	168	283	8	141	0.388513513513513
GH18.hmm	296	Scas|Scas_23545	140	1.5e-14	139	232	9	139	0.314189189189189
GH18.hmm	296	Scas|Scas_25288	426	7.5e-78	2	285	18	401	0.956081081081081
GH18.hmm	296	Scas|Scas_25373	363	1.2e-68	3	258	37	363	0.861486486486487
GH18.hmm	296	Scas|Scas_25413	310	8.1e-20	2	206	15	241	0.689189189189189
GH18.hmm	296	Scas|Scas_25825	421	4.1e-55	22	283	28	356	0.881756756756757
GH18.hmm	296	Scas|Scas_27844	150	9.2e-36	54	170	10	150	0.391891891891892
GH18.hmm	296	Scas|Scas_28230	300	1.2e-17	3	201	5	226	0.668918918918919
GH18.hmm	296	Scas|Scas_28647	183	3.6e-21	105	205	38	155	0.337837837837838
GH18.hmm	296	Scas|Scas_3050	177	9.1e-34	61	185	1	176	0.418918918918919
GH18.hmm	296	Scas|Scas_4044	358	1.3e-21	3	203	24	268	0.675675675675676
GH18.hmm	296	Scas|Scas_4843	275	9e-52	96	288	1	267	0.648648648648649
GH18.hmm	296	Scas|Scas_4844	113	1e-17	2	95	6	112	0.314189189189189
GH18.hmm	296	Scas|Scas_6726	256	7.1e-37	116	292	12	209	0.594594594594595
GH18.hmm	296	Scas|Scas_7179	417	2.5e-81	4	285	30	407	0.949324324324324
GH18.hmm	296	Scas|Scas_8568	546	1.6e-73	2	285	31	415	0.956081081081081
GH18.hmm	296	Scas|Scas_8957	492	3.6e-83	2	281	25	377	0.942567567567568
GH18.hmm	296	Scas|Scas_9091	419	4.5e-72	3	284	24	394	0.949324324324324
GH18.hmm	296	Scas|Scas_9190	403	4.8e-27	69	279	167	394	0.709459459459459
GH1.hmm	429	Scas|Scas_17167	510	1e-150	3	427	40	499	0.988344988344988
GH1.hmm	429	Scas|Scas_19510	547	5e-155	2	428	27	494	0.993006993006993
GH20.hmm	337	Scas|Scas_13153	729	2.2e-28	16	237	215	436	0.655786350148368
GH20.hmm	337	Scas|Scas_14085	542	1.7e-93	4	336	148	489	0.985163204747775
GH20.hmm	337	Scas|Scas_14878	559	1.7e-13	141	328	2	203	0.554896142433234
GH20.hmm	337	Scas|Scas_16559	611	4.6e-90	8	336	211	559	0.973293768545994
GH20.hmm	337	Scas|Scas_18154	511	1e-91	9	336	174	490	0.970326409495549
GH20.hmm	337	Scas|Scas_24988	559	2.2e-96	5	336	155	494	0.982195845697329
GH22.hmm	122	Scas|Scas_12772	173	7.2e-31	1	116	27	147	0.942622950819672
GH22.hmm	122	Scas|Scas_1717	140	1.3e-42	1	122	20	139	0.991803278688525
GH22.hmm	122	Scas|Scas_3288	153	1.6e-43	1	122	32	152	0.991803278688525
GH22.hmm	122	Scas|Scas_81	146	1.1e-42	1	122	28	146	0.991803278688525
GH24.hmm	137	Scas|Scas_1536	171	1.7e-31	3	137	24	161	0.978102189781022
GH27.hmm	375	Scas|Scas_15028	415	2.8e-26	125	343	129	321	0.581333333333333
GH29.hmm	346	Scas|Scas_18637	511	6.2e-95	13	345	33	383	0.959537572254335
GH2.hmm	752	Scas|Scas_18115	657	5.7e-105	18	489	25	618	0.626329787234043
GH2.hmm	752	Scas|Scas_18116	673	1.7e-97	22	486	43	655	0.617021276595745
GH2.hmm	752	Scas|Scas_9325	906	1.7e-86	28	527	29	742	0.663563829787234
GH30_1.hmm	416	Scas|Scas_12188	451	3.8e-142	3	415	18	448	0.990384615384615
GH30_1.hmm	416	Scas|Scas_17027	556	1.7e-143	3	415	125	553	0.990384615384615
GH31.hmm	427	Scas|Scas_11446	865	4.2e-154	3	427	244	727	0.992974238875878
GH31.hmm	427	Scas|Scas_15261	728	1.4e-61	59	422	345	721	0.850117096018735
GH31.hmm	427	Scas|Scas_19022	583	1.9e-122	58	427	55	452	0.864168618266979
GH31.hmm	427	Scas|Scas_2059	646	3.2e-87	34	423	257	646	0.911007025761124
GH31.hmm	427	Scas|Scas_7000	964	1.1e-156	2	427	367	810	0.995316159250585
GH35.hmm	307	Scas|Scas_16228	1132	1.3e-44	1	181	60	257	0.586319218241042
GH35.hmm	307	Scas|Scas_16228	1132	2.3e-14	210	303	344	441	0.302931596091205
GH35.hmm	307	Scas|Scas_19539	684	1.5e-107	1	306	77	397	0.993485342019544
GH37.hmm	491	Scas|Scas_10606	464	4.2e-110	130	490	1	429	0.733197556008147
GH37.hmm	491	Scas|Scas_16454	605	3.8e-145	3	491	48	586	0.993890020366599
GH37.hmm	491	Scas|Scas_17367	629	3.4e-171	1	491	85	590	0.9979633401222
GH37.hmm	491	Scas|Scas_7641	900	4.3e-144	2	490	156	712	0.993890020366599
GH37.hmm	491	Scas|Scas_8492	594	1.1e-142	3	490	38	579	0.991853360488798
GH38.hmm	269	Scas|Scas_14526	1070	1.4e-85	3	255	271	522	0.936802973977695
GH38.hmm	269	Scas|Scas_18095	1149	1.8e-75	1	269	168	494	0.996282527881041
GH38.hmm	269	Scas|Scas_20142	1007	7.6e-80	1	269	37	353	0.996282527881041
GH38.hmm	269	Scas|Scas_20143	1083	3.8e-77	1	269	52	368	0.996282527881041
GH39.hmm	431	Scas|Scas_15807	609	9.9e-44	20	431	54	481	0.953596287703016
GH3.hmm	216	Scas|Scas_13257	769	1.2e-59	2	214	123	349	0.981481481481482
GH3.hmm	216	Scas|Scas_18400	264	1.7e-45	4	155	104	263	0.699074074074074
GH3.hmm	216	Scas|Scas_18401	531	2.3e-16	127	215	13	109	0.407407407407407
GH3.hmm	216	Scas|Scas_20406	763	2.8e-61	3	215	111	339	0.981481481481482
GH3.hmm	216	Scas|Scas_20648	783	6.3e-60	4	216	137	365	0.981481481481482
GH47.hmm	446	Scas|Scas_13810	729	9.7e-138	1	445	53	488	0.995515695067265
GH47.hmm	446	Scas|Scas_14428	466	2.5e-123	2	445	34	463	0.993273542600897
GH47.hmm	446	Scas|Scas_16023	710	5.6e-156	1	446	269	707	0.997757847533632
GH47.hmm	446	Scas|Scas_16752	796	1.2e-72	165	445	43	315	0.62780269058296
GH47.hmm	446	Scas|Scas_17394	826	8.8e-141	1	445	73	509	0.995515695067265
GH47.hmm	446	Scas|Scas_17688	562	1.9e-149	1	446	93	559	0.997757847533632
GH47.hmm	446	Scas|Scas_18181	386	1.4e-85	2	330	65	383	0.73542600896861
GH47.hmm	446	Scas|Scas_21926	634	1.1e-153	1	446	87	540	0.997757847533632
GH47.hmm	446	Scas|Scas_21997	362	9.5e-96	80	444	12	362	0.816143497757848
GH47.hmm	446	Scas|Scas_3910	475	5.6e-122	2	445	46	474	0.993273542600897
GH47.hmm	446	Scas|Scas_7532	468	4.5e-142	1	446	35	466	0.997757847533632
GH5_12.hmm	539	Scas|Scas_13379	1041	4.1e-176	1	539	299	807	0.998144712430427
GH5_12.hmm	539	Scas|Scas_7778	749	7.4e-185	3	539	25	558	0.99443413729128
GH5_9.hmm	303	Scas|Scas_10953	401	4.5e-106	2	303	74	375	0.993399339933993
GH5_9.hmm	303	Scas|Scas_11252	413	9e-102	1	303	76	387	0.996699669966997
GH5_9.hmm	303	Scas|Scas_14999	408	6e-105	1	303	77	382	0.996699669966997
GH5_9.hmm	303	Scas|Scas_22643	182	1.9e-41	64	234	1	182	0.561056105610561
GH5_9.hmm	303	Scas|Scas_27106	527	1.8e-101	1	303	182	498	0.996699669966997
GH5_9.hmm	303	Scas|Scas_5204	503	5.8e-105	1	303	158	472	0.996699669966997
GH5_9.hmm	303	Scas|Scas_5777	250	2.6e-70	64	303	1	249	0.788778877887789
GH5_9.hmm	303	Scas|Scas_7072	394	2.5e-82	1	303	69	348	0.996699669966997
GH5_9.hmm	303	Scas|Scas_7360	500	6.6e-49	2	303	161	463	0.993399339933993
GH63.hmm	570	Scas|Scas_19160	856	9.4e-28	319	567	640	854	0.435087719298246
GH65.hmm	372	Scas|Scas_26447	173	1.3e-39	133	334	1	170	0.540322580645161
GH72.hmm	312	Scas|Scas_1006	312	3.6e-111	5	305	19	311	0.961538461538462
GH72.hmm	312	Scas|Scas_11824	371	6.5e-75	108	311	2	200	0.650641025641026
GH72.hmm	312	Scas|Scas_11826	119	4.7e-36	4	114	16	118	0.352564102564103
GH72.hmm	312	Scas|Scas_12959	446	2.5e-114	4	311	16	313	0.983974358974359
GH72.hmm	312	Scas|Scas_16774	524	1.7e-119	3	311	17	314	0.987179487179487
GH72.hmm	312	Scas|Scas_22278	181	2e-68	4	185	4	181	0.580128205128205
GH72.hmm	312	Scas|Scas_22950	133	5.3e-46	57	191	1	132	0.429487179487179
GH72.hmm	312	Scas|Scas_24586	109	2.8e-34	5	108	11	108	0.330128205128205
GH72.hmm	312	Scas|Scas_28235	139	3.5e-50	188	312	2	125	0.397435897435897
GH72.hmm	312	Scas|Scas_9652	500	9.1e-118	4	311	17	322	0.983974358974359
GH81.hmm	622	Scas|Scas_22845	715	2.8e-174	15	622	91	709	0.97588424437299
GH84.hmm	295	Scas|Scas_9156	1007	1.4e-85	21	284	2	273	0.891525423728814
GH99.hmm	334	Scas|Scas_3319	100	1.8e-15	51	153	1	96	0.305389221556886
GT105.hmm	73	Scas|Scas_23946	190	4.6e-27	8	73	1	65	0.89041095890411
GT10.hmm	347	Scas|Scas_15787	135	3.1e-46	225	347	3	122	0.351585014409222
GT10.hmm	347	Scas|Scas_25137	516	1.6e-90	28	347	184	492	0.919308357348703
GT10.hmm	347	Scas|Scas_4546	460	1.7e-84	5	342	33	394	0.971181556195965
GT110.hmm	178	Scas|Scas_26880	315	0.00055	76	134	181	239	0.325842696629214
GT13.hmm	395	Scas|Scas_12433	472	2.4e-157	35	394	107	465	0.908860759493671
GT15.hmm	273	Scas|Scas_10052	380	1.4e-114	1	272	66	338	0.992673992673993
GT15.hmm	273	Scas|Scas_12650	388	3.7e-112	1	272	78	349	0.992673992673993
GT15.hmm	273	Scas|Scas_13772	407	8.3e-85	2	270	83	363	0.981684981684982
GT15.hmm	273	Scas|Scas_17772	378	2.4e-117	2	272	66	337	0.989010989010989
GT15.hmm	273	Scas|Scas_5857	410	3.2e-108	2	272	60	352	0.989010989010989
GT1.hmm	382	Scas|Scas_10269	568	5.8e-29	76	350	121	442	0.717277486910995
GT1.hmm	382	Scas|Scas_10270	535	1.5e-30	220	368	277	457	0.387434554973822
GT1.hmm	382	Scas|Scas_10548	472	8.9e-40	96	370	132	443	0.717277486910995
GT1.hmm	382	Scas|Scas_12632	547	6.6e-29	176	381	218	466	0.536649214659686
GT1.hmm	382	Scas|Scas_13287	523	1.9e-27	224	370	288	448	0.382198952879581
GT1.hmm	382	Scas|Scas_14799	1200	3.5e-59	5	378	703	1109	0.976439790575916
GT1.hmm	382	Scas|Scas_16914	545	1.3e-30	220	368	288	459	0.387434554973822
GT1.hmm	382	Scas|Scas_18399	551	1.6e-24	190	354	238	441	0.429319371727749
GT1.hmm	382	Scas|Scas_18650	396	9.9e-12	178	370	126	322	0.50261780104712
GT1.hmm	382	Scas|Scas_18920	517	5.1e-29	219	362	257	436	0.37434554973822
GT1.hmm	382	Scas|Scas_18948	528	5.6e-33	145	368	198	445	0.583769633507853
GT1.hmm	382	Scas|Scas_19749	526	1.2e-36	190	370	232	444	0.471204188481675
GT1.hmm	382	Scas|Scas_20036	520	1.8e-33	186	369	251	444	0.479057591623037
GT1.hmm	382	Scas|Scas_2221	563	5.9e-21	220	343	271	441	0.321989528795811
GT1.hmm	382	Scas|Scas_22376	528	9.3e-22	177	358	213	425	0.473821989528796
GT1.hmm	382	Scas|Scas_25598	523	1.3e-16	221	352	267	416	0.342931937172775
GT1.hmm	382	Scas|Scas_3115	529	2.2e-39	94	369	137	449	0.719895287958115
GT1.hmm	382	Scas|Scas_3176	468	2.8e-23	185	353	145	359	0.43979057591623
GT1.hmm	382	Scas|Scas_4072	649	4.5e-11	225	348	305	446	0.321989528795811
GT1.hmm	382	Scas|Scas_4263	566	2.5e-23	135	352	195	456	0.568062827225131
GT1.hmm	382	Scas|Scas_4461	548	1.6e-26	212	380	252	466	0.43979057591623
GT1.hmm	382	Scas|Scas_4900	542	3.4e-28	192	353	237	436	0.421465968586387
GT1.hmm	382	Scas|Scas_4960	552	2.5e-28	192	381	234	474	0.494764397905759
GT1.hmm	382	Scas|Scas_8367	533	1.4e-30	221	366	295	455	0.379581151832461
GT1.hmm	382	Scas|Scas_9658	528	3.4e-23	185	348	240	416	0.426701570680628
GT20.hmm	475	Scas|Scas_11920	763	1.2e-157	9	474	9	487	0.978947368421053
GT20.hmm	475	Scas|Scas_1273	475	5.8e-198	6	474	6	474	0.985263157894737
GT20.hmm	475	Scas|Scas_15234	815	6.3e-166	6	473	11	497	0.983157894736842
GT20.hmm	475	Scas|Scas_4102	627	3.8e-155	12	475	12	489	0.974736842105263
GT21.hmm	233	Scas|Scas_19002	511	3e-91	1	233	60	291	0.995708154506438
GT21.hmm	233	Scas|Scas_21420	219	1.7e-20	146	233	3	89	0.373390557939914
GT22.hmm	389	Scas|Scas_11112	607	3.3e-88	4	365	3	377	0.928020565552699
GT22.hmm	389	Scas|Scas_13014	759	3e-58	2	387	36	497	0.989717223650386
GT22.hmm	389	Scas|Scas_17370	474	7.5e-52	106	358	2	316	0.647814910025707
GT22.hmm	389	Scas|Scas_20857	301	2.6e-40	192	389	3	181	0.506426735218509
GT22.hmm	389	Scas|Scas_25529	697	4e-72	1	386	24	518	0.989717223650386
GT22.hmm	389	Scas|Scas_6580	615	3.5e-92	2	389	68	492	0.994858611825193
GT22.hmm	389	Scas|Scas_8999	645	6.9e-87	3	389	75	524	0.992287917737789
GT22.hmm	389	Scas|Scas_9527	561	1.5e-102	1	389	6	396	0.997429305912596
GT23.hmm	318	Scas|Scas_8529	448	3.1e-125	1	317	77	386	0.993710691823899
GT24.hmm	248	Scas|Scas_20298	1529	1.1e-130	1	248	1231	1478	0.995967741935484
GT24.hmm	248	Scas|Scas_6931	1089	8.6e-131	1	248	787	1034	0.995967741935484
GT25.hmm	181	Scas|Scas_16304	638	7.1e-46	2	180	354	535	0.983425414364641
GT27.hmm	295	Scas|Scas_10490	517	1.3e-112	1	295	55	353	0.996610169491525
GT27.hmm	295	Scas|Scas_13240	588	3.2e-121	1	295	127	425	0.996610169491525
GT27.hmm	295	Scas|Scas_13566	630	3.2e-118	1	295	165	474	0.996610169491525
GT27.hmm	295	Scas|Scas_13820	666	1.8e-123	1	295	155	455	0.996610169491525
GT27.hmm	295	Scas|Scas_15786	641	1.3e-130	1	295	201	500	0.996610169491525
GT27.hmm	295	Scas|Scas_15897	695	2.2e-120	1	295	230	527	0.996610169491525
GT27.hmm	295	Scas|Scas_21625	655	6.8e-115	1	295	192	490	0.996610169491525
GT27.hmm	295	Scas|Scas_5921	191	1.9e-63	110	288	2	191	0.603389830508475
GT27.hmm	295	Scas|Scas_5922	257	8.3e-49	1	111	145	256	0.372881355932203
GT28.hmm	157	Scas|Scas_6499	169	2e-12	1	131	3	142	0.828025477707006
GT28.hmm	157	Scas|Scas_9798	166	4.5e-12	4	125	9	138	0.770700636942675
GT29.hmm	247	Scas|Scas_5369	359	1.9e-29	19	112	256	345	0.376518218623482
GT2_Chitin_synth_1.hmm	163	Scas|Scas_14089	558	1.6e-76	1	163	6	168	0.993865030674847
GT2_Chitin_synth_1.hmm	163	Scas|Scas_17295	805	2.1e-76	1	163	135	297	0.993865030674847
GT2_Chitin_synth_1.hmm	163	Scas|Scas_20072	808	2.4e-76	1	163	134	296	0.993865030674847
GT2_Chitin_synth_2.hmm	527	Scas|Scas_11044	750	5.7e-84	10	205	556	750	0.370018975332068
GT2_Chitin_synth_2.hmm	527	Scas|Scas_11891	934	2e-57	26	488	352	786	0.876660341555977
GT2_Chitin_synth_2.hmm	527	Scas|Scas_13419	1681	2.5e-157	4	375	1317	1681	0.703984819734345
GT2_Chitin_synth_2.hmm	527	Scas|Scas_13886	1831	1.2e-228	4	526	1140	1646	0.990512333965844
GT2_Chitin_synth_2.hmm	527	Scas|Scas_14089	558	1.2e-22	204	375	146	322	0.324478178368121
GT2_Chitin_synth_2.hmm	527	Scas|Scas_15196	984	1.7e-251	21	526	382	878	0.958254269449715
GT2_Chitin_synth_2.hmm	527	Scas|Scas_17295	805	8.3e-22	204	375	275	451	0.324478178368121
GT2_Chitin_synth_2.hmm	527	Scas|Scas_18447	1278	4e-54	4	172	1123	1278	0.318785578747628
GT2_Chitin_synth_2.hmm	527	Scas|Scas_18451	1469	2.4e-171	4	380	1111	1469	0.713472485768501
GT2_Chitin_synth_2.hmm	527	Scas|Scas_18452	515	1.1e-168	168	526	1	355	0.679316888045541
GT2_Chitin_synth_2.hmm	527	Scas|Scas_18703	1796	2e-228	6	526	1125	1630	0.986717267552182
GT2_Chitin_synth_2.hmm	527	Scas|Scas_18807	853	1.7e-25	189	518	298	614	0.624288425047438
GT2_Chitin_synth_2.hmm	527	Scas|Scas_20072	808	4.9e-21	204	400	274	476	0.371916508538899
GT2_Chitin_synth_2.hmm	527	Scas|Scas_20348	1040	1.2e-279	11	527	465	979	0.979127134724858
GT2_Chitin_synth_2.hmm	527	Scas|Scas_20349	224	5.1e-138	174	397	1	224	0.42314990512334
GT2_Chitin_synth_2.hmm	527	Scas|Scas_20459	1787	5.8e-230	6	526	1174	1675	0.986717267552182
GT2_Chitin_synth_2.hmm	527	Scas|Scas_21590	348	1.2e-120	293	527	2	234	0.444022770398482
GT2_Chitin_synth_2.hmm	527	Scas|Scas_2213	968	4.1e-248	21	526	380	876	0.958254269449715
GT2_Chitin_synth_2.hmm	527	Scas|Scas_22860	500	5e-224	18	462	64	500	0.842504743833017
GT2_Chitin_synth_2.hmm	527	Scas|Scas_5796	483	3.2e-21	264	520	3	244	0.485768500948767
GT2_Chitin_synth_2.hmm	527	Scas|Scas_5853	221	4.9e-119	169	394	1	221	0.426944971537002
GT2_Chitin_synth_2.hmm	527	Scas|Scas_8280	773	2.5e-168	15	377	419	773	0.686907020872865
GT2_Chitin_synth_2.hmm	527	Scas|Scas_8665	822	2.2e-25	204	512	308	602	0.584440227703985
GT2_Chitin_synth_2.hmm	527	Scas|Scas_9008	1095	1.5e-76	26	500	351	798	0.899430740037951
GT2_Glycos_transf_2.hmm	170	Scas|Scas_10642	238	5e-37	1	168	6	175	0.982352941176471
GT2_Glycos_transf_2.hmm	170	Scas|Scas_13954	326	1.5e-22	1	169	71	251	0.988235294117647
GT2_Glycos_transf_2.hmm	170	Scas|Scas_18248	325	2.5e-23	1	168	64	244	0.982352941176471
GT2_Glycos_transf_2.hmm	170	Scas|Scas_4449	238	2.5e-33	1	169	6	176	0.988235294117647
GT2_Glyco_tranf_2_4.hmm	96	Scas|Scas_16304	638	2e-11	1	88	52	166	0.90625
GT2_Glyco_trans_2_3.hmm	197	Scas|Scas_1604	342	5.3e-48	1	196	69	283	0.989847715736041
GT31.hmm	192	Scas|Scas_11339	379	2.4e-20	53	187	153	273	0.697916666666667
GT31.hmm	192	Scas|Scas_20973	442	5.8e-18	61	185	241	367	0.645833333333333
GT31.hmm	192	Scas|Scas_22298	386	2.3e-35	2	185	64	309	0.953125
GT31.hmm	192	Scas|Scas_22822	101	2.1e-29	39	132	1	95	0.484375
GT31.hmm	192	Scas|Scas_25455	234	1.1e-33	3	167	57	231	0.854166666666667
GT31.hmm	192	Scas|Scas_25974	315	7.8e-08	75	160	101	181	0.442708333333333
GT31.hmm	192	Scas|Scas_27819	223	6.9e-14	50	115	145	212	0.338541666666667
GT31.hmm	192	Scas|Scas_3950	282	3.2e-12	55	190	62	181	0.703125
GT31.hmm	192	Scas|Scas_7382	357	1.4e-52	1	192	106	313	0.994791666666667
GT33.hmm	425	Scas|Scas_13304	450	1.8e-161	2	424	9	444	0.992941176470588
GT33.hmm	425	Scas|Scas_7764	463	1.4e-142	3	424	18	457	0.990588235294118
GT35.hmm	674	Scas|Scas_16726	844	4.5e-291	1	674	112	829	0.998516320474777
GT35.hmm	674	Scas|Scas_7842	900	2e-269	3	674	161	877	0.995548961424332
GT39.hmm	223	Scas|Scas_11648	836	3.5e-71	2	223	63	304	0.991031390134529
GT39.hmm	223	Scas|Scas_15695	816	1.9e-69	2	223	84	321	0.991031390134529
GT39.hmm	223	Scas|Scas_19320	628	2.8e-34	68	223	7	165	0.695067264573991
GT39.hmm	223	Scas|Scas_24633	162	3.5e-40	2	131	18	162	0.57847533632287
GT39.hmm	223	Scas|Scas_25994	354	3.2e-38	45	223	2	197	0.798206278026906
GT39.hmm	223	Scas|Scas_28827	133	2.4e-06	55	143	37	127	0.394618834080717
GT39.hmm	223	Scas|Scas_9944	722	3.3e-65	4	223	50	287	0.982062780269058
GT3.hmm	637	Scas|Scas_14998	689	3.6e-289	1	633	33	668	0.992150706436421
GT3.hmm	637	Scas|Scas_3087	699	1.4e-290	1	624	19	637	0.978021978021978
GT41.hmm	705	Scas|Scas_10240	482	6e-06	20	249	54	320	0.324822695035461
GT41.hmm	705	Scas|Scas_18555	1073	8.2e-140	401	705	465	751	0.431205673758865
GT41.hmm	705	Scas|Scas_20555	1333	3.1e-48	294	524	899	1223	0.326241134751773
GT43.hmm	212	Scas|Scas_18876	398	2e-52	1	211	141	338	0.990566037735849
GT43.hmm	212	Scas|Scas_25560	308	2.2e-59	1	212	73	285	0.995283018867924
GT43.hmm	212	Scas|Scas_497	206	1.8e-47	25	211	3	177	0.877358490566038
GT47.hmm	296	Scas|Scas_11999	712	7.8e-37	2	294	94	373	0.986486486486487
GT47.hmm	296	Scas|Scas_4529	237	3.1e-25	148	296	2	186	0.5
GT48.hmm	739	Scas|Scas_19095	1816	3.4e-287	1	724	791	1565	0.978349120433018
GT48.hmm	739	Scas|Scas_19098	1157	3e-292	2	727	236	1009	0.98105548037889
GT48.hmm	739	Scas|Scas_19308	1932	1.4e-287	3	723	873	1646	0.974289580514208
GT48.hmm	739	Scas|Scas_19312	1928	4.8e-291	3	721	881	1656	0.971583220568336
GT49.hmm	337	Scas|Scas_25078	304	1.1e-30	121	252	159	303	0.388724035608309
GT4.hmm	160	Scas|Scas_12184	428	3.3e-36	8	159	222	385	0.94375
GT4.hmm	160	Scas|Scas_15009	479	2.5e-26	8	133	280	422	0.78125
GT4.hmm	160	Scas|Scas_16328	499	2.3e-23	7	151	291	456	0.9
GT4.hmm	160	Scas|Scas_16894	464	5.7e-37	9	158	211	384	0.93125
GT4.hmm	160	Scas|Scas_18554	449	8.7e-32	6	128	193	315	0.7625
GT4.hmm	160	Scas|Scas_28697	111	0.00013	14	86	19	92	0.45
GT4.hmm	160	Scas|Scas_3168	393	1.8e-12	17	124	229	336	0.66875
GT4.hmm	160	Scas|Scas_916	356	1.5e-30	6	150	53	194	0.9
GT50.hmm	262	Scas|Scas_1002	485	1.6e-89	1	262	152	456	0.99618320610687
GT50.hmm	262	Scas|Scas_13705	464	2e-74	1	262	175	448	0.99618320610687
GT54.hmm	290	Scas|Scas_4329	591	4.6e-122	5	290	141	432	0.982758620689655
GT57.hmm	481	Scas|Scas_13365	545	8.9e-133	3	480	67	524	0.991683991683992
GT57.hmm	481	Scas|Scas_15728	501	2.7e-136	3	479	19	472	0.98960498960499
GT57.hmm	481	Scas|Scas_15907	573	8.6e-154	2	479	37	505	0.991683991683992
GT57.hmm	481	Scas|Scas_21143	511	1.8e-168	3	480	10	503	0.991683991683992
GT58.hmm	364	Scas|Scas_16431	543	2.9e-142	3	364	57	487	0.991758241758242
GT58.hmm	364	Scas|Scas_6356	445	5.5e-130	3	364	55	413	0.991758241758242
GT59.hmm	404	Scas|Scas_8362	514	3.7e-100	2	404	62	465	0.995049504950495
GT59.hmm	404	Scas|Scas_8968	450	4.6e-101	5	404	30	402	0.987623762376238
GT64.hmm	248	Scas|Scas_11999	712	4.1e-95	1	248	450	695	0.995967741935484
GT64.hmm	248	Scas|Scas_24517	101	3.3e-43	71	169	2	101	0.395161290322581
GT65.hmm	340	Scas|Scas_9124	391	1.7e-147	2	339	26	371	0.991176470588235
GT66.hmm	693	Scas|Scas_11382	362	2.1e-88	335	601	1	311	0.383838383838384
GT66.hmm	693	Scas|Scas_11383	358	2.8e-105	10	340	26	358	0.476190476190476
GT66.hmm	693	Scas|Scas_2337	774	4.8e-193	9	604	18	684	0.858585858585859
GT66.hmm	693	Scas|Scas_4792	731	2.1e-185	10	600	15	656	0.851370851370851
GT68.hmm	350	Scas|Scas_25619	204	3.4e-42	2	119	58	181	0.334285714285714
GT69.hmm	239	Scas|Scas_14414	444	8.9e-57	2	238	123	380	0.98744769874477
GT69.hmm	239	Scas|Scas_2184	459	2.7e-57	1	238	117	392	0.99163179916318
GT69.hmm	239	Scas|Scas_6549	414	1.5e-60	1	238	54	336	0.99163179916318
GT69.hmm	239	Scas|Scas_8199	473	1.3e-59	1	238	120	396	0.99163179916318
GT69.hmm	239	Scas|Scas_8711	221	1.2e-21	1	104	113	213	0.430962343096234
GT76.hmm	407	Scas|Scas_10485	428	3.6e-104	2	406	15	427	0.992628992628993
GT76.hmm	407	Scas|Scas_12204	449	3.1e-105	1	407	20	449	0.997542997542998
GT76.hmm	407	Scas|Scas_12675	263	1.4e-48	1	210	17	229	0.513513513513513
GT76.hmm	407	Scas|Scas_12676	198	7.6e-40	231	407	2	198	0.432432432432432
GT76.hmm	407	Scas|Scas_12677	448	1.3e-91	1	405	17	447	0.992628992628993
GT76.hmm	407	Scas|Scas_14394	450	3.9e-106	1	407	12	450	0.997542997542998
GT76.hmm	407	Scas|Scas_8358	244	6.2e-53	1	209	20	231	0.511056511056511
GT76.hmm	407	Scas|Scas_8359	195	2.2e-39	230	406	1	194	0.432432432432432
GT76.hmm	407	Scas|Scas_9791	451	1.3e-99	1	406	26	450	0.995085995085995
GT7.hmm	250	Scas|Scas_13188	311	2.6e-78	24	243	54	274	0.876
GT8.hmm	257	Scas|Scas_10371	371	1.4e-29	24	245	50	296	0.859922178988327
GT8.hmm	257	Scas|Scas_13786	330	4.1e-53	28	254	3	221	0.879377431906615
GT8.hmm	257	Scas|Scas_16356	441	3.6e-22	29	235	120	416	0.801556420233463
GT8.hmm	257	Scas|Scas_2385	319	1.6e-36	30	254	12	292	0.8715953307393
GT8.hmm	257	Scas|Scas_4774	844	1.3e-44	24	255	7	232	0.898832684824903
GT90.hmm	250	Scas|Scas_6776	438	5.5e-81	1	250	169	422	0.996
GT90.hmm	250	Scas|Scas_7662	506	1.1e-60	1	246	231	474	0.98
GT92.hmm	279	Scas|Scas_12513	270	1.2e-40	7	223	4	240	0.774193548387097
GT92.hmm	279	Scas|Scas_13747	246	7.9e-28	37	225	1	218	0.673835125448029
GT92.hmm	279	Scas|Scas_14851	267	2.5e-40	13	229	4	239	0.774193548387097
GT92.hmm	279	Scas|Scas_15082	559	9.1e-69	2	240	259	523	0.853046594982079
GT92.hmm	279	Scas|Scas_9948	470	6.6e-68	3	220	211	430	0.777777777777778
GT98.hmm	644	Scas|Scas_21991	337	2.1e-54	4	276	21	301	0.422360248447205
GT98.hmm	644	Scas|Scas_26267	235	6.5e-44	432	644	2	215	0.329192546583851
