AA11.hmm	191	ZOOFUN|ZOORAD_002811-T1	550	8.4e-41	10	163	35	172	0.801047120418848
AA11.hmm	191	ZOOFUN|ZOORAD_004968-T1	373	9.3e-06	38	123	55	156	0.445026178010471
AA11.hmm	191	ZOOFUN|ZOORAD_006288-T1	290	1.1e-38	13	181	22	167	0.879581151832461
AA11.hmm	191	ZOOFUN|ZOORAD_006289-T1	375	2.6e-36	12	163	36	171	0.790575916230366
AA11.hmm	191	ZOOFUN|ZOORAD_006291-T1	438	3e-35	12	163	36	171	0.790575916230366
AA11.hmm	191	ZOOFUN|ZOORAD_006293-T1	438	2.7e-35	12	163	36	171	0.790575916230366
AA11.hmm	191	ZOOFUN|ZOORAD_006295-T1	373	6.4e-34	11	163	20	156	0.795811518324607
AA11.hmm	191	ZOOFUN|ZOORAD_006298-T1	373	7.3e-29	11	163	20	156	0.795811518324607
AA11.hmm	191	ZOOFUN|ZOORAD_006300-T1	364	1.1e-34	10	163	19	156	0.801047120418848
AA11.hmm	191	ZOOFUN|ZOORAD_006301-T1	364	1.1e-34	10	163	19	156	0.801047120418848
AA11.hmm	191	ZOOFUN|ZOORAD_007692-T1	257	7.2e-35	10	163	40	180	0.801047120418848
AA11.hmm	191	ZOOFUN|ZOORAD_007693-T1	257	7.2e-35	10	163	40	180	0.801047120418848
AA11.hmm	191	ZOOFUN|ZOORAD_007695-T1	236	4.2e-15	7	116	37	135	0.570680628272251
AA11.hmm	191	ZOOFUN|ZOORAD_007765-T1	256	5.4e-35	29	163	58	179	0.701570680628272
AA11.hmm	191	ZOOFUN|ZOORAD_007957-T1	326	9.6e-38	12	163	41	175	0.790575916230366
AA11.hmm	191	ZOOFUN|ZOORAD_007958-T1	340	1.9e-39	13	162	42	174	0.780104712041885
AA11.hmm	191	ZOOFUN|ZOORAD_007959-T1	269	1.6e-40	13	162	23	155	0.780104712041885
AA11.hmm	191	ZOOFUN|ZOORAD_007960-T1	314	1.3e-40	12	163	34	170	0.790575916230366
AA11.hmm	191	ZOOFUN|ZOORAD_007962-T1	300	5e-40	13	163	23	158	0.785340314136126
AA11.hmm	191	ZOOFUN|ZOORAD_007963-T1	336	1.7e-40	12	163	41	175	0.790575916230366
AA11.hmm	191	ZOOFUN|ZOORAD_008101-T1	259	0.00023	117	183	122	184	0.345549738219895
AA11.hmm	191	ZOOFUN|ZOORAD_008611-T1	386	3.9e-38	8	168	34	182	0.837696335078534
AA11.hmm	191	ZOOFUN|ZOORAD_008612-T1	282	5.5e-37	7	168	33	182	0.842931937172775
AA11.hmm	191	ZOOFUN|ZOORAD_008614-T1	346	4.9e-36	9	167	35	182	0.827225130890052
AA11.hmm	191	ZOOFUN|ZOORAD_009755-T1	408	1.3e-40	1	170	19	183	0.884816753926702
AA11.hmm	191	ZOOFUN|ZOORAD_009756-T1	363	6.4e-41	1	170	19	183	0.884816753926702
AA11.hmm	191	ZOOFUN|ZOORAD_009758-T1	317	5.6e-41	4	170	22	183	0.869109947643979
AA11.hmm	191	ZOOFUN|ZOORAD_009922-T1	252	5.9e-33	10	163	34	175	0.801047120418848
AA11.hmm	191	ZOOFUN|ZOORAD_009923-T1	209	9.4e-15	13	117	22	117	0.544502617801047
AA11.hmm	191	ZOOFUN|ZOORAD_009924-T1	252	3.9e-32	7	163	30	175	0.816753926701571
AA11.hmm	191	ZOOFUN|ZOORAD_010217-T1	204	6e-31	13	163	20	163	0.785340314136126
AA11.hmm	191	ZOOFUN|ZOORAD_011110-T1	292	5.3e-45	1	170	17	181	0.884816753926702
AA11.hmm	191	ZOOFUN|ZOORAD_011111-T1	292	3.8e-45	1	170	17	181	0.884816753926702
AA11.hmm	191	ZOOFUN|ZOORAD_011112-T1	301	4.3e-45	1	170	17	181	0.884816753926702
AA11.hmm	191	ZOOFUN|ZOORAD_011114-T1	303	4e-45	1	163	17	175	0.848167539267016
AA11.hmm	191	ZOOFUN|ZOORAD_011463-T1	202	7.7e-30	25	161	48	174	0.712041884816754
AA11.hmm	191	ZOOFUN|ZOORAD_012336-T1	226	2.2e-38	11	163	39	187	0.795811518324607
AA11.hmm	191	ZOOFUN|ZOORAD_013567-T1	325	2.1e-05	103	162	167	230	0.308900523560209
AA11.hmm	191	ZOOFUN|ZOORAD_014819-T1	347	1e-38	13	168	21	160	0.81151832460733
AA11.hmm	191	ZOOFUN|ZOORAD_014820-T1	226	2.6e-38	8	161	25	161	0.801047120418848
AA11.hmm	191	ZOOFUN|ZOORAD_015066-T1	208	1.2e-32	17	163	44	179	0.764397905759162
AA11.hmm	191	ZOOFUN|ZOORAD_015067-T1	193	1.5e-31	25	163	39	163	0.722513089005236
AA11.hmm	191	ZOOFUN|ZOORAD_016121-T1	256	2.7e-07	38	156	58	199	0.617801047120419
AA11.hmm	191	ZOOFUN|ZOORAD_016372-T1	401	1e-44	1	165	5	163	0.858638743455497
AA11.hmm	191	ZOOFUN|ZOORAD_017037-T1	292	3e-07	62	146	76	204	0.43979057591623
AA11.hmm	191	ZOOFUN|ZOORAD_017834-T1	300	1.5e-07	28	145	46	191	0.612565445026178
AA11.hmm	191	ZOOFUN|ZOORAD_017898-T1	292	3e-07	62	146	76	204	0.43979057591623
AA1.hmm	943	ZOOFUN|ZOORAD_002156-T1	560	2.6e-63	430	713	18	326	0.300106044538706
AA1.hmm	943	ZOOFUN|ZOORAD_002158-T1	560	1.4e-63	427	796	15	406	0.391304347826087
AA1.hmm	943	ZOOFUN|ZOORAD_002161-T1	589	2.7e-66	449	741	40	356	0.309650053022269
AA1.hmm	943	ZOOFUN|ZOORAD_011585-T1	523	1.6e-67	453	796	41	376	0.36373276776246
AA1.hmm	943	ZOOFUN|ZOORAD_011590-T1	515	1.6e-64	453	796	41	376	0.36373276776246
AA1.hmm	943	ZOOFUN|ZOORAD_011635-T1	530	5.6e-66	454	795	42	375	0.361611876988335
AA1.hmm	943	ZOOFUN|ZOORAD_016037-T1	537	1.2e-66	453	744	41	327	0.308589607635207
AA2.hmm	255	ZOOFUN|ZOORAD_015078-T1	269	2.2e-48	14	253	23	261	0.937254901960784
AA3_2.hmm	568	ZOOFUN|ZOORAD_002321-T1	613	6.7e-94	2	567	16	607	0.994718309859155
AA3_2.hmm	568	ZOOFUN|ZOORAD_002322-T1	598	8.3e-102	2	566	16	591	0.992957746478873
AA3_2.hmm	568	ZOOFUN|ZOORAD_002323-T1	599	6.7e-99	2	566	16	591	0.992957746478873
AA3_2.hmm	568	ZOOFUN|ZOORAD_002328-T1	597	9.7e-106	2	566	16	590	0.992957746478873
AA3_2.hmm	568	ZOOFUN|ZOORAD_002329-T1	666	3.2e-101	2	566	56	660	0.992957746478873
AA3_2.hmm	568	ZOOFUN|ZOORAD_005946-T1	578	7.7e-96	2	566	20	577	0.992957746478873
AA3_2.hmm	568	ZOOFUN|ZOORAD_005949-T1	578	2.8e-102	2	566	20	577	0.992957746478873
AA3_2.hmm	568	ZOOFUN|ZOORAD_007019-T1	600	5.2e-100	2	565	20	577	0.991197183098592
AA3_2.hmm	568	ZOOFUN|ZOORAD_007022-T1	598	6.4e-100	2	565	20	577	0.991197183098592
AA3_2.hmm	568	ZOOFUN|ZOORAD_010351-T1	610	2.2e-96	3	566	14	603	0.991197183098592
AA3_2.hmm	568	ZOOFUN|ZOORAD_010352-T1	661	7.2e-96	2	566	68	658	0.992957746478873
AA3_2.hmm	568	ZOOFUN|ZOORAD_011140-T1	682	4.4e-95	2	567	78	672	0.994718309859155
AA3_2.hmm	568	ZOOFUN|ZOORAD_011141-T1	668	4.5e-97	2	567	64	658	0.994718309859155
AA3_2.hmm	568	ZOOFUN|ZOORAD_011142-T1	668	1.2e-94	2	567	64	658	0.994718309859155
AA3_2.hmm	568	ZOOFUN|ZOORAD_011143-T1	666	1.7e-92	1	567	65	660	0.996478873239437
AA3_2.hmm	568	ZOOFUN|ZOORAD_014780-T1	668	1.5e-95	2	567	64	658	0.994718309859155
AA4.hmm	522	ZOOFUN|ZOORAD_016281-T1	558	1.3e-19	18	190	89	260	0.329501915708812
AA6.hmm	195	ZOOFUN|ZOORAD_005864-T1	209	2.4e-81	1	194	6	200	0.98974358974359
AA6.hmm	195	ZOOFUN|ZOORAD_012291-T1	749	7.2e-71	1	194	76	269	0.98974358974359
AA7.hmm	458	ZOOFUN|ZOORAD_002708-T1	530	3.5e-70	6	458	63	501	0.986899563318777
AA7.hmm	458	ZOOFUN|ZOORAD_005496-T1	704	7.1e-75	6	458	109	546	0.986899563318777
AA7.hmm	458	ZOOFUN|ZOORAD_005497-T1	532	6.7e-76	6	458	65	503	0.986899563318777
AA7.hmm	458	ZOOFUN|ZOORAD_005498-T1	554	1.1e-72	6	458	87	525	0.986899563318777
AA7.hmm	458	ZOOFUN|ZOORAD_005499-T1	533	1.8e-75	6	458	66	504	0.986899563318777
AA7.hmm	458	ZOOFUN|ZOORAD_011248-T1	485	5.8e-90	3	458	44	481	0.993449781659389
AA7.hmm	458	ZOOFUN|ZOORAD_011249-T1	486	2.9e-91	3	458	45	482	0.993449781659389
AA7.hmm	458	ZOOFUN|ZOORAD_011251-T1	478	1.9e-93	4	458	27	463	0.991266375545852
AA7.hmm	458	ZOOFUN|ZOORAD_011252-T1	486	1.3e-94	3	458	45	482	0.993449781659389
AA7.hmm	458	ZOOFUN|ZOORAD_011253-T1	485	5.3e-82	4	226	44	267	0.48471615720524
AA7.hmm	458	ZOOFUN|ZOORAD_015416-T1	764	1.2e-68	5	210	106	319	0.447598253275109
AA7.hmm	458	ZOOFUN|ZOORAD_015417-T1	636	4.1e-76	5	458	107	545	0.989082969432314
AA7.hmm	458	ZOOFUN|ZOORAD_015542-T1	685	6e-75	5	458	105	543	0.989082969432314
AA7.hmm	458	ZOOFUN|ZOORAD_015645-T1	708	2.5e-74	5	458	108	546	0.989082969432314
AA9.hmm	220	ZOOFUN|ZOORAD_018525-T1	257	8e-07	58	210	55	217	0.690909090909091
CBM18.hmm	38	ZOOFUN|ZOORAD_000460-T1	366	0.00033	2	36	28	60	0.894736842105263
CBM18.hmm	38	ZOOFUN|ZOORAD_000841-T1	355	0.00013	6	36	57	95	0.789473684210526
CBM18.hmm	38	ZOOFUN|ZOORAD_000843-T1	290	5.3e-06	7	36	20	57	0.763157894736842
CBM18.hmm	38	ZOOFUN|ZOORAD_001222-T1	353	1.3e-07	1	38	26	69	0.973684210526316
CBM18.hmm	38	ZOOFUN|ZOORAD_001224-T1	358	3.4e-08	1	34	26	69	0.868421052631579
CBM18.hmm	38	ZOOFUN|ZOORAD_001225-T1	344	8.3e-09	1	38	26	69	0.973684210526316
CBM18.hmm	38	ZOOFUN|ZOORAD_001226-T1	352	1.8e-07	1	38	26	69	0.973684210526316
CBM18.hmm	38	ZOOFUN|ZOORAD_004857-T1	226	1.7e-08	2	38	131	172	0.947368421052632
CBM18.hmm	38	ZOOFUN|ZOORAD_004857-T1	226	7.3e-07	2	32	185	219	0.789473684210526
CBM18.hmm	38	ZOOFUN|ZOORAD_004858-T1	229	1.4e-08	2	38	134	175	0.947368421052632
CBM18.hmm	38	ZOOFUN|ZOORAD_004858-T1	229	1.6e-08	2	31	188	221	0.763157894736842
CBM18.hmm	38	ZOOFUN|ZOORAD_004862-T1	144	3.4e-09	2	38	56	97	0.947368421052632
CBM18.hmm	38	ZOOFUN|ZOORAD_004862-T1	144	6.3e-09	1	31	109	143	0.789473684210526
CBM18.hmm	38	ZOOFUN|ZOORAD_004863-T1	149	1.2e-07	2	31	110	143	0.763157894736842
CBM18.hmm	38	ZOOFUN|ZOORAD_004863-T1	149	4.2e-08	2	38	56	97	0.947368421052632
CBM18.hmm	38	ZOOFUN|ZOORAD_006566-T1	343	4.7e-08	1	38	24	67	0.973684210526316
CBM18.hmm	38	ZOOFUN|ZOORAD_006742-T1	223	2.4e-07	2	38	123	165	0.947368421052632
CBM18.hmm	38	ZOOFUN|ZOORAD_006742-T1	223	7.3e-07	2	38	180	222	0.947368421052632
CBM18.hmm	38	ZOOFUN|ZOORAD_006743-T1	165	1.2e-07	2	38	65	107	0.947368421052632
CBM18.hmm	38	ZOOFUN|ZOORAD_006743-T1	165	5e-07	2	38	122	164	0.947368421052632
CBM18.hmm	38	ZOOFUN|ZOORAD_007465-T1	304	2.4e-08	10	36	29	56	0.684210526315789
CBM18.hmm	38	ZOOFUN|ZOORAD_007467-T1	304	2.3e-07	10	36	29	56	0.684210526315789
CBM18.hmm	38	ZOOFUN|ZOORAD_010874-T1	253	1.1e-08	1	38	82	125	0.973684210526316
CBM18.hmm	38	ZOOFUN|ZOORAD_010874-T1	253	6.3e-10	1	38	26	69	0.973684210526316
CBM18.hmm	38	ZOOFUN|ZOORAD_010874-T1	253	8.5e-08	1	38	137	180	0.973684210526316
CBM18.hmm	38	ZOOFUN|ZOORAD_015731-T1	344	4.4e-08	1	38	26	69	0.973684210526316
CBM18.hmm	38	ZOOFUN|ZOORAD_016378-T1	370	0.00092	10	35	33	59	0.657894736842105
CBM19.hmm	45	ZOOFUN|ZOORAD_002811-T1	550	0.00025	7	43	504	540	0.8
CBM19.hmm	45	ZOOFUN|ZOORAD_003838-T1	499	4.5e-05	9	43	451	487	0.755555555555556
CBM19.hmm	45	ZOOFUN|ZOORAD_004431-T1	110	1.5e-05	11	43	62	95	0.711111111111111
CBM19.hmm	45	ZOOFUN|ZOORAD_004432-T1	110	0.00026	11	41	62	93	0.666666666666667
CBM19.hmm	45	ZOOFUN|ZOORAD_004433-T1	110	0.00024	11	41	62	93	0.666666666666667
CBM19.hmm	45	ZOOFUN|ZOORAD_004434-T1	107	0.00066	11	38	73	100	0.6
CBM19.hmm	45	ZOOFUN|ZOORAD_004435-T1	110	0.00025	11	41	62	93	0.666666666666667
CBM19.hmm	45	ZOOFUN|ZOORAD_004436-T1	110	0.00038	11	38	62	89	0.6
CBM19.hmm	45	ZOOFUN|ZOORAD_004442-T1	116	4.4e-05	10	43	62	95	0.733333333333333
CBM19.hmm	45	ZOOFUN|ZOORAD_004443-T1	116	0.00039	10	37	62	88	0.6
CBM19.hmm	45	ZOOFUN|ZOORAD_004444-T1	116	0.00041	10	37	62	88	0.6
CBM19.hmm	45	ZOOFUN|ZOORAD_007958-T1	340	2.6e-06	10	44	297	331	0.755555555555556
CBM19.hmm	45	ZOOFUN|ZOORAD_007960-T1	314	2.1e-05	8	44	269	305	0.8
CBM19.hmm	45	ZOOFUN|ZOORAD_007962-T1	300	0.00041	10	44	257	291	0.755555555555556
CBM19.hmm	45	ZOOFUN|ZOORAD_007963-T1	336	7.2e-05	7	43	290	326	0.8
CBM19.hmm	45	ZOOFUN|ZOORAD_011111-T1	292	0.00022	10	43	249	282	0.733333333333333
CBM19.hmm	45	ZOOFUN|ZOORAD_011207-T1	167	0.00015	8	43	114	147	0.777777777777778
CBM19.hmm	45	ZOOFUN|ZOORAD_011209-T1	167	9.3e-05	8	43	114	147	0.777777777777778
CBM19.hmm	45	ZOOFUN|ZOORAD_011213-T1	167	0.0001	8	43	114	147	0.777777777777778
CBM19.hmm	45	ZOOFUN|ZOORAD_011401-T1	480	6.1e-11	2	44	397	436	0.933333333333333
CBM19.hmm	45	ZOOFUN|ZOORAD_014819-T1	347	7.9e-06	11	39	305	333	0.622222222222222
CBM19.hmm	45	ZOOFUN|ZOORAD_018130-T1	110	0.00099	11	43	62	95	0.711111111111111
CBM19.hmm	45	ZOOFUN|ZOORAD_018281-T1	71	3.5e-05	11	43	23	56	0.711111111111111
CBM19.hmm	45	ZOOFUN|ZOORAD_018382-T1	101	6.9e-06	11	43	58	91	0.711111111111111
CBM21.hmm	107	ZOOFUN|ZOORAD_005976-T1	317	1.5e-19	5	107	131	235	0.953271028037383
CBM21.hmm	107	ZOOFUN|ZOORAD_005986-T1	328	1.5e-27	4	107	56	163	0.962616822429907
CBM21.hmm	107	ZOOFUN|ZOORAD_006005-T1	384	5e-30	4	107	104	209	0.962616822429907
CBM32.hmm	124	ZOOFUN|ZOORAD_007654-T1	103	4.3e-06	6	70	14	79	0.516129032258065
CBM43.hmm	83	ZOOFUN|ZOORAD_001639-T1	443	5.5e-08	8	78	364	439	0.843373493975904
CBM43.hmm	83	ZOOFUN|ZOORAD_001641-T1	443	6.1e-07	8	77	364	438	0.831325301204819
CBM43.hmm	83	ZOOFUN|ZOORAD_001647-T1	566	5.8e-08	11	77	377	443	0.795180722891566
CBM43.hmm	83	ZOOFUN|ZOORAD_002120-T1	494	1e-08	2	69	368	443	0.807228915662651
CBM43.hmm	83	ZOOFUN|ZOORAD_008721-T1	546	6.8e-08	9	79	377	448	0.843373493975904
CBM43.hmm	83	ZOOFUN|ZOORAD_012058-T1	501	5.3e-05	2	65	371	442	0.759036144578313
CBM43.hmm	83	ZOOFUN|ZOORAD_012060-T1	219	3e-05	35	69	134	173	0.409638554216867
CBM43.hmm	83	ZOOFUN|ZOORAD_014001-T1	517	3.6e-05	36	65	418	447	0.349397590361446
CBM43.hmm	83	ZOOFUN|ZOORAD_014005-T1	510	0.00042	37	65	412	440	0.337349397590361
CBM43.hmm	83	ZOOFUN|ZOORAD_014007-T1	493	7.2e-08	2	72	370	446	0.843373493975904
CBM43.hmm	83	ZOOFUN|ZOORAD_014546-T1	504	1.3e-09	2	76	375	457	0.891566265060241
CBM43.hmm	83	ZOOFUN|ZOORAD_014667-T1	533	8.4e-05	9	82	376	450	0.879518072289157
CBM43.hmm	83	ZOOFUN|ZOORAD_014668-T1	586	0.00024	9	82	380	454	0.879518072289157
CBM43.hmm	83	ZOOFUN|ZOORAD_015847-T1	439	0.0001	36	65	400	429	0.349397590361446
CBM43.hmm	83	ZOOFUN|ZOORAD_015849-T1	517	3.6e-05	36	65	418	447	0.349397590361446
CBM43.hmm	83	ZOOFUN|ZOORAD_017023-T1	222	0.00016	2	65	98	169	0.759036144578313
CBM48.hmm	76	ZOOFUN|ZOORAD_010944-T1	411	0.00073	15	61	208	266	0.605263157894737
CBM48.hmm	76	ZOOFUN|ZOORAD_017289-T1	840	5.8e-11	3	48	191	246	0.592105263157895
CBM50.hmm	40	ZOOFUN|ZOORAD_016879-T1	184	1.2e-05	1	40	51	93	0.975
CBM63.hmm	78	ZOOFUN|ZOORAD_008730-T1	211	2.9e-15	2	71	125	193	0.884615384615385
CBM63.hmm	78	ZOOFUN|ZOORAD_008731-T1	211	2.2e-15	2	72	125	194	0.897435897435897
CBM63.hmm	78	ZOOFUN|ZOORAD_014170-T1	211	2.4e-13	1	74	124	196	0.935897435897436
CBM63.hmm	78	ZOOFUN|ZOORAD_014171-T1	211	5.2e-15	2	71	125	193	0.884615384615385
CE14.hmm	124	ZOOFUN|ZOORAD_007446-T1	289	1.1e-17	1	123	54	166	0.983870967741935
CE14.hmm	124	ZOOFUN|ZOORAD_015921-T1	289	5.7e-18	1	123	54	166	0.983870967741935
CE16.hmm	267	ZOOFUN|ZOORAD_000395-T1	295	1.5e-18	3	262	26	283	0.970037453183521
CE16.hmm	267	ZOOFUN|ZOORAD_000396-T1	311	5.9e-19	3	261	42	298	0.966292134831461
CE16.hmm	267	ZOOFUN|ZOORAD_002042-T1	285	2.7e-08	4	98	44	131	0.352059925093633
CE16.hmm	267	ZOOFUN|ZOORAD_002463-T1	342	2.4e-05	4	87	102	178	0.310861423220974
CE16.hmm	267	ZOOFUN|ZOORAD_004179-T1	359	6.2e-07	2	97	65	152	0.355805243445693
CE16.hmm	267	ZOOFUN|ZOORAD_004664-T1	327	5.6e-10	3	265	57	321	0.9812734082397
CE16.hmm	267	ZOOFUN|ZOORAD_004665-T1	316	3.7e-12	3	265	46	310	0.9812734082397
CE16.hmm	267	ZOOFUN|ZOORAD_004666-T1	324	1.3e-09	3	265	53	317	0.9812734082397
CE16.hmm	267	ZOOFUN|ZOORAD_004667-T1	313	1.2e-12	4	264	49	306	0.973782771535581
CE16.hmm	267	ZOOFUN|ZOORAD_005318-T1	530	2.2e-07	4	264	35	289	0.973782771535581
CE16.hmm	267	ZOOFUN|ZOORAD_005489-T1	349	6.7e-08	4	264	74	300	0.973782771535581
CE16.hmm	267	ZOOFUN|ZOORAD_005493-T1	317	5.4e-06	4	97	69	155	0.348314606741573
CE16.hmm	267	ZOOFUN|ZOORAD_009038-T1	322	2.2e-11	2	264	29	309	0.9812734082397
CE16.hmm	267	ZOOFUN|ZOORAD_011387-T1	322	1.6e-07	2	99	29	121	0.363295880149813
CE16.hmm	267	ZOOFUN|ZOORAD_011389-T1	313	1.2e-06	4	93	72	154	0.333333333333333
CE16.hmm	267	ZOOFUN|ZOORAD_011395-T1	311	2.5e-08	4	266	69	301	0.9812734082397
CE16.hmm	267	ZOOFUN|ZOORAD_011548-T1	359	6.2e-07	2	97	65	152	0.355805243445693
CE16.hmm	267	ZOOFUN|ZOORAD_013142-T1	298	2.2e-10	4	266	29	292	0.9812734082397
CE16.hmm	267	ZOOFUN|ZOORAD_013143-T1	322	1.1e-06	2	264	27	294	0.9812734082397
CE16.hmm	267	ZOOFUN|ZOORAD_013145-T1	263	5.4e-06	3	113	28	130	0.411985018726592
CE16.hmm	267	ZOOFUN|ZOORAD_013826-T1	303	1.4e-07	3	263	28	287	0.973782771535581
CE16.hmm	267	ZOOFUN|ZOORAD_013827-T1	303	4.1e-09	3	263	28	287	0.973782771535581
CE16.hmm	267	ZOOFUN|ZOORAD_013901-T1	293	2.8e-07	4	142	69	190	0.51685393258427
CE16.hmm	267	ZOOFUN|ZOORAD_015351-T1	311	2.1e-06	4	133	69	181	0.48314606741573
CE16.hmm	267	ZOOFUN|ZOORAD_015519-T1	244	2.1e-08	33	263	19	232	0.861423220973783
CE16.hmm	267	ZOOFUN|ZOORAD_016104-T1	310	8.1e-07	25	120	48	142	0.355805243445693
CE16.hmm	267	ZOOFUN|ZOORAD_016615-T1	255	6.4e-11	34	263	10	241	0.857677902621723
CE16.hmm	267	ZOOFUN|ZOORAD_017483-T1	314	1.1e-19	3	262	20	277	0.970037453183521
CE1.hmm	227	ZOOFUN|ZOORAD_002609-T1	341	2e-07	27	143	50	206	0.511013215859031
CE1.hmm	227	ZOOFUN|ZOORAD_004288-T1	286	8.1e-07	8	207	19	265	0.876651982378855
CE1.hmm	227	ZOOFUN|ZOORAD_004289-T1	286	3e-08	8	129	19	145	0.533039647577093
CE1.hmm	227	ZOOFUN|ZOORAD_007309-T1	760	1.8e-10	12	175	464	646	0.718061674008811
CE1.hmm	227	ZOOFUN|ZOORAD_008727-T1	346	4.9e-07	8	123	53	174	0.506607929515419
CE1.hmm	227	ZOOFUN|ZOORAD_009677-T1	830	6.6e-14	12	211	590	811	0.876651982378855
CE1.hmm	227	ZOOFUN|ZOORAD_009883-T1	259	2.4e-12	22	209	22	220	0.823788546255507
CE1.hmm	227	ZOOFUN|ZOORAD_009886-T1	772	3e-06	25	143	539	669	0.519823788546256
CE1.hmm	227	ZOOFUN|ZOORAD_012330-T1	360	1.6e-07	12	142	65	185	0.572687224669604
CE1.hmm	227	ZOOFUN|ZOORAD_013698-T1	419	9.9e-06	15	143	107	255	0.563876651982379
CE1.hmm	227	ZOOFUN|ZOORAD_013920-T1	228	5.9e-11	14	202	7	200	0.828193832599119
CE1.hmm	227	ZOOFUN|ZOORAD_018050-T1	297	1.1e-44	1	224	34	291	0.982378854625551
CE1.hmm	227	ZOOFUN|ZOORAD_018292-T1	983	2.7e-06	21	210	755	963	0.832599118942731
CE1.hmm	227	ZOOFUN|ZOORAD_018601-T1	333	2.7e-42	1	224	56	321	0.982378854625551
CE3.hmm	194	ZOOFUN|ZOORAD_018279-T1	237	5.6e-11	49	193	38	205	0.742268041237113
CE4.hmm	130	ZOOFUN|ZOORAD_000884-T1	253	9.4e-34	9	125	53	171	0.892307692307692
CE4.hmm	130	ZOOFUN|ZOORAD_001222-T1	353	2.1e-26	7	124	115	235	0.9
CE4.hmm	130	ZOOFUN|ZOORAD_001224-T1	358	9.8e-23	6	122	114	233	0.892307692307692
CE4.hmm	130	ZOOFUN|ZOORAD_001225-T1	344	4.9e-27	7	122	115	233	0.884615384615385
CE4.hmm	130	ZOOFUN|ZOORAD_001226-T1	352	1.9e-18	6	124	122	243	0.907692307692308
CE4.hmm	130	ZOOFUN|ZOORAD_003388-T1	244	3e-34	8	125	52	171	0.9
CE4.hmm	130	ZOOFUN|ZOORAD_003389-T1	244	4.4e-31	9	123	53	169	0.876923076923077
CE4.hmm	130	ZOOFUN|ZOORAD_005416-T1	247	1.2e-32	9	125	53	172	0.892307692307692
CE4.hmm	130	ZOOFUN|ZOORAD_005418-T1	248	6.1e-34	9	125	53	172	0.892307692307692
CE4.hmm	130	ZOOFUN|ZOORAD_005794-T1	245	1.8e-33	9	125	38	157	0.892307692307692
CE4.hmm	130	ZOOFUN|ZOORAD_005795-T1	263	1.3e-33	10	125	70	188	0.884615384615385
CE4.hmm	130	ZOOFUN|ZOORAD_006565-T1	350	5.4e-27	7	125	120	241	0.907692307692308
CE4.hmm	130	ZOOFUN|ZOORAD_006566-T1	343	1e-27	8	124	115	234	0.892307692307692
CE4.hmm	130	ZOOFUN|ZOORAD_008335-T1	282	4.6e-13	6	126	24	149	0.923076923076923
CE4.hmm	130	ZOOFUN|ZOORAD_009962-T1	246	9.5e-34	9	125	52	171	0.892307692307692
CE4.hmm	130	ZOOFUN|ZOORAD_012704-T1	340	3.4e-14	14	109	84	175	0.730769230769231
CE4.hmm	130	ZOOFUN|ZOORAD_012998-T1	233	3.6e-31	9	125	39	158	0.892307692307692
CE4.hmm	130	ZOOFUN|ZOORAD_012999-T1	246	5.2e-34	9	125	52	171	0.892307692307692
CE4.hmm	130	ZOOFUN|ZOORAD_013000-T1	239	7.3e-35	9	125	45	164	0.892307692307692
CE4.hmm	130	ZOOFUN|ZOORAD_014242-T1	247	1.6e-36	8	125	52	172	0.9
CE4.hmm	130	ZOOFUN|ZOORAD_015731-T1	344	2e-26	6	124	114	235	0.907692307692308
CE9.hmm	373	ZOOFUN|ZOORAD_000459-T1	417	5.7e-123	1	373	27	412	0.997319034852547
dockerin.hmm	21	ZOOFUN|ZOORAD_016137-T1	143	0.00014	1	20	21	40	0.904761904761905
GH109.hmm	126	ZOOFUN|ZOORAD_014906-T1	351	0.00012	1	40	2	41	0.30952380952381
GH13_17.hmm	350	ZOOFUN|ZOORAD_006844-T1	1109	2e-06	139	309	833	1000	0.485714285714286
GH13_25.hmm	434	ZOOFUN|ZOORAD_015860-T1	1503	2e-181	3	434	1050	1488	0.993087557603687
GH132.hmm	303	ZOOFUN|ZOORAD_005324-T1	280	1.9e-58	69	302	55	276	0.768976897689769
GH132.hmm	303	ZOOFUN|ZOORAD_015931-T1	407	2.3e-66	32	302	124	405	0.891089108910891
GH13_5.hmm	342	ZOOFUN|ZOORAD_010671-T1	487	1.8e-134	2	342	32	370	0.994152046783626
GH13_8.hmm	293	ZOOFUN|ZOORAD_017289-T1	840	7.5e-152	1	293	372	665	0.996587030716723
GH15.hmm	361	ZOOFUN|ZOORAD_001299-T1	661	7.4e-81	4	360	279	653	0.986149584487535
GH15.hmm	361	ZOOFUN|ZOORAD_015685-T1	1419	3.8e-15	4	259	11	285	0.706371191135734
GH16_19.hmm	174	ZOOFUN|ZOORAD_000460-T1	366	3.5e-59	10	174	115	273	0.942528735632184
GH16_19.hmm	174	ZOOFUN|ZOORAD_000841-T1	355	1.4e-51	3	174	140	304	0.982758620689655
GH16_19.hmm	174	ZOOFUN|ZOORAD_000843-T1	290	4.4e-50	3	174	102	266	0.982758620689655
GH16_19.hmm	174	ZOOFUN|ZOORAD_000845-T1	351	2.6e-53	4	174	105	267	0.977011494252874
GH16_19.hmm	174	ZOOFUN|ZOORAD_000847-T1	343	1.9e-53	4	174	105	267	0.977011494252874
GH16_19.hmm	174	ZOOFUN|ZOORAD_007465-T1	304	2.7e-51	11	174	124	280	0.936781609195402
GH16_19.hmm	174	ZOOFUN|ZOORAD_007467-T1	304	3.7e-47	11	174	124	280	0.936781609195402
GH16_19.hmm	174	ZOOFUN|ZOORAD_010195-T1	360	1.3e-59	4	174	116	283	0.977011494252874
GH16_19.hmm	174	ZOOFUN|ZOORAD_010297-T1	308	1.3e-47	3	174	54	214	0.982758620689655
GH16_19.hmm	174	ZOOFUN|ZOORAD_011277-T1	249	3e-50	22	174	81	225	0.873563218390805
GH16_19.hmm	174	ZOOFUN|ZOORAD_016378-T1	370	1.3e-49	6	174	108	268	0.96551724137931
GH16_2.hmm	326	ZOOFUN|ZOORAD_000523-T1	478	1.9e-133	1	326	105	426	0.996932515337423
GH16_2.hmm	326	ZOOFUN|ZOORAD_008687-T1	486	7.1e-136	1	326	114	434	0.996932515337423
GH16_2.hmm	326	ZOOFUN|ZOORAD_013430-T1	486	7.1e-136	1	326	114	434	0.996932515337423
GH16_3.hmm	230	ZOOFUN|ZOORAD_008165-T1	435	2.2e-68	1	230	166	432	0.995652173913044
GH16_4.hmm	316	ZOOFUN|ZOORAD_000974-T1	371	9.5e-117	1	316	49	369	0.996835443037975
GH16_4.hmm	316	ZOOFUN|ZOORAD_001256-T1	485	8.9e-106	1	315	135	473	0.993670886075949
GH16_4.hmm	316	ZOOFUN|ZOORAD_001257-T1	391	1.1e-92	3	316	47	385	0.990506329113924
GH16_4.hmm	316	ZOOFUN|ZOORAD_003052-T1	365	5.2e-114	1	316	31	362	0.996835443037975
GH16_4.hmm	316	ZOOFUN|ZOORAD_003369-T1	520	1.1e-116	1	316	164	514	0.996835443037975
GH16_4.hmm	316	ZOOFUN|ZOORAD_010250-T1	543	2.3e-106	1	315	186	524	0.993670886075949
GH16_4.hmm	316	ZOOFUN|ZOORAD_010252-T1	403	4.8e-107	1	315	46	385	0.993670886075949
GH16_4.hmm	316	ZOOFUN|ZOORAD_010254-T1	168	7.7e-33	178	316	6	163	0.436708860759494
GH16_4.hmm	316	ZOOFUN|ZOORAD_010259-T1	466	4.1e-111	1	316	120	461	0.996835443037975
GH16_4.hmm	316	ZOOFUN|ZOORAD_010267-T1	462	1.1e-108	1	316	109	450	0.996835443037975
GH16_4.hmm	316	ZOOFUN|ZOORAD_012539-T1	462	1.1e-108	1	316	109	450	0.996835443037975
GH16_4.hmm	316	ZOOFUN|ZOORAD_012540-T1	462	9.6e-107	1	316	109	450	0.996835443037975
GH16_4.hmm	316	ZOOFUN|ZOORAD_012541-T1	518	9.3e-108	1	315	164	502	0.993670886075949
GH16_4.hmm	316	ZOOFUN|ZOORAD_013714-T1	460	4.6e-106	1	316	107	448	0.996835443037975
GH16_4.hmm	316	ZOOFUN|ZOORAD_013715-T1	465	2.8e-111	1	316	119	460	0.996835443037975
GH17.hmm	311	ZOOFUN|ZOORAD_001271-T1	490	2.9e-24	2	306	212	476	0.977491961414791
GH17.hmm	311	ZOOFUN|ZOORAD_004547-T1	324	1.7e-28	9	308	58	317	0.961414790996785
GH17.hmm	311	ZOOFUN|ZOORAD_005920-T1	293	2.1e-26	2	304	23	283	0.971061093247588
GH17.hmm	311	ZOOFUN|ZOORAD_007524-T1	346	3.2e-30	11	306	85	337	0.948553054662379
GH17.hmm	311	ZOOFUN|ZOORAD_009354-T1	515	1.3e-29	2	306	239	505	0.977491961414791
GH17.hmm	311	ZOOFUN|ZOORAD_012117-T1	385	1.3e-35	2	309	110	379	0.987138263665595
GH17.hmm	311	ZOOFUN|ZOORAD_012119-T1	380	2.2e-36	2	310	105	375	0.990353697749196
GH17.hmm	311	ZOOFUN|ZOORAD_014354-T1	332	1.6e-29	13	306	73	323	0.942122186495177
GH17.hmm	311	ZOOFUN|ZOORAD_015618-T1	351	4e-30	18	308	91	343	0.932475884244373
GH18.hmm	296	ZOOFUN|ZOORAD_003838-T1	499	3.2e-76	2	285	19	401	0.956081081081081
GH18.hmm	296	ZOOFUN|ZOORAD_004629-T1	1045	9.6e-18	2	240	24	312	0.804054054054054
GH18.hmm	296	ZOOFUN|ZOORAD_005563-T1	445	7.2e-79	3	284	21	405	0.949324324324324
GH18.hmm	296	ZOOFUN|ZOORAD_005567-T1	413	6.2e-76	3	284	20	404	0.949324324324324
GH18.hmm	296	ZOOFUN|ZOORAD_006733-T1	525	5.2e-61	3	285	72	452	0.952702702702703
GH18.hmm	296	ZOOFUN|ZOORAD_007342-T1	429	5.8e-59	16	286	28	363	0.912162162162162
GH18.hmm	296	ZOOFUN|ZOORAD_008085-T1	491	4.6e-59	3	284	26	407	0.949324324324324
GH18.hmm	296	ZOOFUN|ZOORAD_008207-T1	612	4.5e-22	4	198	57	301	0.655405405405405
GH18.hmm	296	ZOOFUN|ZOORAD_010320-T1	490	9.6e-73	3	284	26	408	0.949324324324324
GH18.hmm	296	ZOOFUN|ZOORAD_010724-T1	312	5.2e-21	2	203	16	239	0.679054054054054
GH18.hmm	296	ZOOFUN|ZOORAD_011294-T1	413	1.4e-76	2	284	19	390	0.952702702702703
GH18.hmm	296	ZOOFUN|ZOORAD_011401-T1	480	1.7e-26	3	203	25	274	0.675675675675676
GH18.hmm	296	ZOOFUN|ZOORAD_011815-T1	416	4.6e-84	4	284	29	405	0.945945945945946
GH18.hmm	296	ZOOFUN|ZOORAD_011816-T1	305	3.9e-59	52	284	11	282	0.783783783783784
GH18.hmm	296	ZOOFUN|ZOORAD_013053-T1	429	5e-54	5	285	22	370	0.945945945945946
GH18.hmm	296	ZOOFUN|ZOORAD_014874-T1	369	5.9e-22	3	199	25	270	0.662162162162162
GH18.hmm	296	ZOOFUN|ZOORAD_016091-T1	758	3.9e-77	2	281	309	678	0.942567567567568
GH18.hmm	296	ZOOFUN|ZOORAD_016726-T1	423	7.5e-73	2	284	18	384	0.952702702702703
GH18.hmm	296	ZOOFUN|ZOORAD_016727-T1	338	4.8e-53	2	235	18	335	0.787162162162162
GH18.hmm	296	ZOOFUN|ZOORAD_017091-T1	1045	9.6e-18	2	240	24	312	0.804054054054054
GH18.hmm	296	ZOOFUN|ZOORAD_018039-T1	423	6.4e-73	2	284	18	384	0.952702702702703
GH18.hmm	296	ZOOFUN|ZOORAD_018194-T1	322	4e-16	4	203	23	245	0.672297297297297
GH20.hmm	337	ZOOFUN|ZOORAD_000746-T1	559	3.3e-96	7	336	161	498	0.976261127596439
GH20.hmm	337	ZOOFUN|ZOORAD_006996-T1	547	3.3e-97	5	336	157	497	0.982195845697329
GH20.hmm	337	ZOOFUN|ZOORAD_006997-T1	470	3.3e-71	5	336	118	431	0.982195845697329
GH20.hmm	337	ZOOFUN|ZOORAD_007000-T1	546	6e-100	5	336	157	497	0.982195845697329
GH20.hmm	337	ZOOFUN|ZOORAD_007003-T1	545	3.4e-101	5	336	156	496	0.982195845697329
GH20.hmm	337	ZOOFUN|ZOORAD_007004-T1	209	1.4e-31	192	336	3	153	0.427299703264095
GH20.hmm	337	ZOOFUN|ZOORAD_007005-T1	301	6.1e-47	4	147	155	301	0.42433234421365
GH20.hmm	337	ZOOFUN|ZOORAD_008345-T1	837	1.2e-32	10	329	163	479	0.946587537091988
GH20.hmm	337	ZOOFUN|ZOORAD_009774-T1	552	7.4e-97	4	336	155	496	0.985163204747775
GH20.hmm	337	ZOOFUN|ZOORAD_016752-T1	579	2.2e-100	7	336	160	498	0.976261127596439
GH20.hmm	337	ZOOFUN|ZOORAD_018585-T1	353	6.6e-78	44	336	1	301	0.86646884272997
GH24.hmm	137	ZOOFUN|ZOORAD_009047-T1	155	1.8e-31	2	137	7	145	0.985401459854015
GH24.hmm	137	ZOOFUN|ZOORAD_015751-T1	169	2.6e-31	1	137	21	159	0.992700729927007
GH24.hmm	137	ZOOFUN|ZOORAD_015752-T1	171	1.7e-29	2	137	24	161	0.985401459854015
GH31.hmm	427	ZOOFUN|ZOORAD_002841-T1	944	8.2e-159	2	427	347	790	0.995316159250585
GH31.hmm	427	ZOOFUN|ZOORAD_004071-T1	766	1e-69	201	427	362	591	0.529274004683841
GH31.hmm	427	ZOOFUN|ZOORAD_013350-T1	873	4.2e-155	3	427	245	728	0.992974238875878
GH31.hmm	427	ZOOFUN|ZOORAD_013351-T1	907	1.9e-152	3	427	242	725	0.992974238875878
GH35.hmm	307	ZOOFUN|ZOORAD_012771-T1	1143	7.2e-65	1	303	60	441	0.98371335504886
GH37.hmm	491	ZOOFUN|ZOORAD_003715-T1	642	4.5e-152	3	489	71	614	0.989816700610998
GH37.hmm	491	ZOOFUN|ZOORAD_005056-T1	583	2.5e-74	4	375	51	449	0.755600814663951
GH37.hmm	491	ZOOFUN|ZOORAD_005057-T1	582	1.2e-149	3	491	6	548	0.993890020366599
GH37.hmm	491	ZOOFUN|ZOORAD_013542-T1	916	6.2e-142	4	489	159	712	0.987780040733198
GH37.hmm	491	ZOOFUN|ZOORAD_016058-T1	597	5.8e-143	3	490	41	582	0.991853360488798
GH38.hmm	269	ZOOFUN|ZOORAD_013524-T1	1069	3e-83	3	255	271	522	0.936802973977695
GH38.hmm	269	ZOOFUN|ZOORAD_013525-T1	1074	3.1e-83	3	255	273	524	0.936802973977695
GH3.hmm	216	ZOOFUN|ZOORAD_006321-T1	769	5.2e-60	4	216	123	351	0.981481481481482
GH3.hmm	216	ZOOFUN|ZOORAD_006323-T1	769	3.8e-61	4	208	123	342	0.944444444444444
GH3.hmm	216	ZOOFUN|ZOORAD_006324-T1	808	4.3e-58	4	214	123	349	0.972222222222222
GH3.hmm	216	ZOOFUN|ZOORAD_006325-T1	769	1.1e-58	4	215	123	350	0.976851851851852
GH3.hmm	216	ZOOFUN|ZOORAD_006771-T1	753	6.4e-57	3	215	103	332	0.981481481481482
GH3.hmm	216	ZOOFUN|ZOORAD_006774-T1	773	3.4e-58	4	207	120	339	0.939814814814815
GH3.hmm	216	ZOOFUN|ZOORAD_012635-T1	760	7.3e-63	4	215	111	338	0.976851851851852
GH3.hmm	216	ZOOFUN|ZOORAD_012636-T1	760	9.2e-64	4	215	111	338	0.976851851851852
GH47.hmm	446	ZOOFUN|ZOORAD_007666-T1	658	9.9e-152	1	446	77	530	0.997757847533632
GH47.hmm	446	ZOOFUN|ZOORAD_008746-T1	564	5.2e-153	1	446	95	561	0.997757847533632
GH47.hmm	446	ZOOFUN|ZOORAD_009523-T1	528	4.4e-113	2	445	81	509	0.993273542600897
GH47.hmm	446	ZOOFUN|ZOORAD_009877-T1	477	2.8e-120	2	445	46	474	0.993273542600897
GH47.hmm	446	ZOOFUN|ZOORAD_011431-T1	594	8.1e-148	1	446	90	578	0.997757847533632
GH47.hmm	446	ZOOFUN|ZOORAD_011432-T1	628	9.7e-147	1	446	90	611	0.997757847533632
GH47.hmm	446	ZOOFUN|ZOORAD_011499-T1	474	2.2e-143	1	446	41	472	0.997757847533632
GH47.hmm	446	ZOOFUN|ZOORAD_011864-T1	480	1.5e-119	2	446	49	478	0.995515695067265
GH47.hmm	446	ZOOFUN|ZOORAD_012290-T1	702	6.8e-138	1	445	60	495	0.995515695067265
GH47.hmm	446	ZOOFUN|ZOORAD_012891-T1	387	3.1e-100	48	446	1	385	0.89237668161435
GH47.hmm	446	ZOOFUN|ZOORAD_012893-T1	453	7e-120	2	446	14	443	0.995515695067265
GH47.hmm	446	ZOOFUN|ZOORAD_013405-T1	567	1.8e-145	1	446	97	561	0.997757847533632
GH47.hmm	446	ZOOFUN|ZOORAD_014514-T1	478	1.5e-123	2	446	48	476	0.995515695067265
GH47.hmm	446	ZOOFUN|ZOORAD_014693-T1	504	1.5e-112	2	445	70	498	0.993273542600897
GH47.hmm	446	ZOOFUN|ZOORAD_018201-T1	477	2.8e-120	2	445	46	474	0.993273542600897
GH5_12.hmm	539	ZOOFUN|ZOORAD_002634-T1	747	1.6e-188	2	539	24	558	0.996289424860853
GH5_12.hmm	539	ZOOFUN|ZOORAD_002635-T1	721	1.9e-166	2	539	23	532	0.996289424860853
GH5_12.hmm	539	ZOOFUN|ZOORAD_002638-T1	738	1.4e-188	3	539	25	558	0.99443413729128
GH5_12.hmm	539	ZOOFUN|ZOORAD_008987-T1	1032	2e-179	1	539	290	800	0.998144712430427
GH5_9.hmm	303	ZOOFUN|ZOORAD_002435-T1	479	5.3e-77	1	302	124	447	0.993399339933993
GH5_9.hmm	303	ZOOFUN|ZOORAD_003355-T1	504	6e-76	1	303	161	473	0.996699669966997
GH5_9.hmm	303	ZOOFUN|ZOORAD_003356-T1	505	6e-76	1	303	162	474	0.996699669966997
GH5_9.hmm	303	ZOOFUN|ZOORAD_003358-T1	504	1.1e-75	1	303	162	473	0.996699669966997
GH5_9.hmm	303	ZOOFUN|ZOORAD_003361-T1	504	4.4e-74	1	303	162	473	0.996699669966997
GH5_9.hmm	303	ZOOFUN|ZOORAD_003368-T1	520	1.6e-106	1	303	173	487	0.996699669966997
GH5_9.hmm	303	ZOOFUN|ZOORAD_006852-T1	369	1.2e-79	1	303	34	314	0.996699669966997
GH5_9.hmm	303	ZOOFUN|ZOORAD_006854-T1	273	8.3e-51	63	303	1	219	0.792079207920792
GH5_9.hmm	303	ZOOFUN|ZOORAD_006855-T1	385	1.4e-81	1	303	65	344	0.996699669966997
GH5_9.hmm	303	ZOOFUN|ZOORAD_006856-T1	405	8.4e-84	1	303	65	345	0.996699669966997
GH5_9.hmm	303	ZOOFUN|ZOORAD_010192-T1	401	2.5e-104	2	303	74	375	0.993399339933993
GH5_9.hmm	303	ZOOFUN|ZOORAD_010196-T1	416	1.5e-106	1	303	79	389	0.996699669966997
GH5_9.hmm	303	ZOOFUN|ZOORAD_010197-T1	416	9.1e-101	1	303	79	390	0.996699669966997
GH5_9.hmm	303	ZOOFUN|ZOORAD_010198-T1	416	5.3e-103	1	303	79	390	0.996699669966997
GH5_9.hmm	303	ZOOFUN|ZOORAD_010199-T1	406	4.7e-94	18	303	85	380	0.940594059405941
GH5_9.hmm	303	ZOOFUN|ZOORAD_010200-T1	411	1.6e-105	1	303	73	385	0.996699669966997
GH5_9.hmm	303	ZOOFUN|ZOORAD_011025-T1	491	1.7e-87	1	303	117	434	0.996699669966997
GH5_9.hmm	303	ZOOFUN|ZOORAD_012725-T1	511	1.3e-85	1	303	163	479	0.996699669966997
GH5_9.hmm	303	ZOOFUN|ZOORAD_012926-T1	529	3.3e-101	1	303	183	499	0.996699669966997
GH5_9.hmm	303	ZOOFUN|ZOORAD_013670-T1	475	2.1e-86	1	303	107	424	0.996699669966997
GH5_9.hmm	303	ZOOFUN|ZOORAD_014161-T1	490	7.8e-87	1	303	117	434	0.996699669966997
GH5_9.hmm	303	ZOOFUN|ZOORAD_014666-T1	416	1e-99	1	303	79	390	0.996699669966997
GH5_9.hmm	303	ZOOFUN|ZOORAD_015027-T1	418	9.8e-108	1	303	80	391	0.996699669966997
GH5_9.hmm	303	ZOOFUN|ZOORAD_016512-T1	480	3.4e-87	1	303	107	424	0.996699669966997
GH5_9.hmm	303	ZOOFUN|ZOORAD_017129-T1	511	1.3e-85	1	303	163	479	0.996699669966997
GH5_9.hmm	303	ZOOFUN|ZOORAD_018222-T1	279	5.6e-52	63	303	1	219	0.792079207920792
GH63.hmm	570	ZOOFUN|ZOORAD_004943-T1	858	4.3e-28	319	567	642	856	0.435087719298246
GH72.hmm	312	ZOOFUN|ZOORAD_001639-T1	443	6e-108	3	306	15	302	0.971153846153846
GH72.hmm	312	ZOOFUN|ZOORAD_001641-T1	443	7.6e-107	3	309	15	305	0.980769230769231
GH72.hmm	312	ZOOFUN|ZOORAD_001647-T1	566	3.8e-111	4	311	16	313	0.983974358974359
GH72.hmm	312	ZOOFUN|ZOORAD_002120-T1	494	2.6e-98	5	301	17	304	0.948717948717949
GH72.hmm	312	ZOOFUN|ZOORAD_004574-T1	529	4.1e-112	3	310	15	312	0.983974358974359
GH72.hmm	312	ZOOFUN|ZOORAD_008721-T1	546	7.2e-112	3	311	17	315	0.987179487179487
GH72.hmm	312	ZOOFUN|ZOORAD_008740-T1	392	2.1e-57	3	279	18	287	0.884615384615385
GH72.hmm	312	ZOOFUN|ZOORAD_009545-T1	498	1.5e-51	3	293	18	299	0.92948717948718
GH72.hmm	312	ZOOFUN|ZOORAD_012057-T1	491	3.3e-63	3	291	16	296	0.923076923076923
GH72.hmm	312	ZOOFUN|ZOORAD_012058-T1	501	6.5e-52	3	279	18	287	0.884615384615385
GH72.hmm	312	ZOOFUN|ZOORAD_012059-T1	224	1.7e-44	3	212	18	222	0.669871794871795
GH72.hmm	312	ZOOFUN|ZOORAD_013308-T1	519	1.1e-97	4	309	20	319	0.977564102564103
GH72.hmm	312	ZOOFUN|ZOORAD_014001-T1	517	7e-50	3	296	23	307	0.939102564102564
GH72.hmm	312	ZOOFUN|ZOORAD_014005-T1	510	1.8e-49	3	278	38	310	0.881410256410256
GH72.hmm	312	ZOOFUN|ZOORAD_014006-T1	493	9.3e-58	4	289	19	295	0.913461538461538
GH72.hmm	312	ZOOFUN|ZOORAD_014007-T1	493	5.7e-94	3	310	16	317	0.983974358974359
GH72.hmm	312	ZOOFUN|ZOORAD_014546-T1	504	2e-118	4	312	15	324	0.987179487179487
GH72.hmm	312	ZOOFUN|ZOORAD_014664-T1	533	3.2e-109	3	311	18	315	0.987179487179487
GH72.hmm	312	ZOOFUN|ZOORAD_014667-T1	533	7.9e-121	3	311	17	314	0.987179487179487
GH72.hmm	312	ZOOFUN|ZOORAD_014668-T1	586	9.7e-122	3	311	17	316	0.987179487179487
GH72.hmm	312	ZOOFUN|ZOORAD_015847-T1	439	3e-26	3	135	23	150	0.423076923076923
GH72.hmm	312	ZOOFUN|ZOORAD_015847-T1	439	5.5e-20	154	276	150	271	0.391025641025641
GH72.hmm	312	ZOOFUN|ZOORAD_015849-T1	517	9.7e-50	3	296	23	307	0.939102564102564
GH72.hmm	312	ZOOFUN|ZOORAD_017022-T1	224	1.3e-45	3	212	18	222	0.669871794871795
GH74.hmm	233	ZOOFUN|ZOORAD_006964-T1	2150	2.5e-09	24	117	42	130	0.399141630901288
GH74.hmm	233	ZOOFUN|ZOORAD_006964-T1	2150	4.8e-06	14	132	754	875	0.506437768240343
GH81.hmm	622	ZOOFUN|ZOORAD_007658-T1	694	3.7e-173	9	622	66	689	0.985530546623794
GH81.hmm	622	ZOOFUN|ZOORAD_013941-T1	674	8.2e-155	8	622	38	663	0.987138263665595
GT15.hmm	273	ZOOFUN|ZOORAD_000100-T1	388	2.3e-115	1	272	71	343	0.992673992673993
GT15.hmm	273	ZOOFUN|ZOORAD_001998-T1	383	9e-111	2	272	74	344	0.989010989010989
GT15.hmm	273	ZOOFUN|ZOORAD_002000-T1	300	1.7e-113	1	272	19	290	0.992673992673993
GT15.hmm	273	ZOOFUN|ZOORAD_002001-T1	366	3.6e-114	1	272	55	326	0.992673992673993
GT15.hmm	273	ZOOFUN|ZOORAD_002002-T1	368	7.1e-112	2	272	59	329	0.989010989010989
GT15.hmm	273	ZOOFUN|ZOORAD_002003-T1	371	1.7e-111	1	272	60	331	0.992673992673993
GT15.hmm	273	ZOOFUN|ZOORAD_002004-T1	368	9.1e-108	2	272	59	329	0.989010989010989
GT15.hmm	273	ZOOFUN|ZOORAD_002005-T1	368	8e-109	2	272	59	329	0.989010989010989
GT15.hmm	273	ZOOFUN|ZOORAD_002007-T1	369	5.2e-111	1	272	59	330	0.992673992673993
GT15.hmm	273	ZOOFUN|ZOORAD_002029-T1	372	3.3e-122	1	272	61	331	0.992673992673993
GT15.hmm	273	ZOOFUN|ZOORAD_003236-T1	375	3.6e-113	1	272	64	335	0.992673992673993
GT15.hmm	273	ZOOFUN|ZOORAD_004932-T1	348	1.4e-102	1	272	52	307	0.992673992673993
GT15.hmm	273	ZOOFUN|ZOORAD_004933-T1	348	1.4e-102	1	272	52	307	0.992673992673993
GT15.hmm	273	ZOOFUN|ZOORAD_004935-T1	362	9.6e-121	1	272	51	321	0.992673992673993
GT15.hmm	273	ZOOFUN|ZOORAD_008132-T1	421	1e-110	1	272	63	358	0.992673992673993
GT15.hmm	273	ZOOFUN|ZOORAD_012715-T1	369	6.8e-115	2	272	59	329	0.989010989010989
GT15.hmm	273	ZOOFUN|ZOORAD_013983-T1	382	2.5e-117	1	272	65	337	0.992673992673993
GT15.hmm	273	ZOOFUN|ZOORAD_014869-T1	364	5.7e-107	1	272	53	323	0.992673992673993
GT15.hmm	273	ZOOFUN|ZOORAD_015799-T1	406	2.8e-82	1	272	82	364	0.992673992673993
GT15.hmm	273	ZOOFUN|ZOORAD_016859-T1	291	7.6e-110	22	273	1	251	0.919413919413919
GT15.hmm	273	ZOOFUN|ZOORAD_018213-T1	406	1.2e-80	1	272	82	364	0.992673992673993
GT1.hmm	382	ZOOFUN|ZOORAD_000980-T1	551	2.7e-34	191	361	246	447	0.445026178010471
GT1.hmm	382	ZOOFUN|ZOORAD_001566-T1	530	6.2e-19	220	340	238	399	0.31413612565445
GT1.hmm	382	ZOOFUN|ZOORAD_002191-T1	569	2.2e-24	216	351	287	455	0.353403141361257
GT1.hmm	382	ZOOFUN|ZOORAD_002194-T1	557	2.5e-26	221	358	276	452	0.358638743455497
GT1.hmm	382	ZOOFUN|ZOORAD_002195-T1	565	1.4e-23	221	352	284	452	0.342931937172775
GT1.hmm	382	ZOOFUN|ZOORAD_002197-T1	582	4.3e-25	221	352	297	465	0.342931937172775
GT1.hmm	382	ZOOFUN|ZOORAD_002199-T1	530	7.9e-21	221	352	249	417	0.342931937172775
GT1.hmm	382	ZOOFUN|ZOORAD_002202-T1	565	3.3e-23	221	352	284	452	0.342931937172775
GT1.hmm	382	ZOOFUN|ZOORAD_002203-T1	569	6.1e-23	221	352	287	455	0.342931937172775
GT1.hmm	382	ZOOFUN|ZOORAD_002208-T1	565	4.2e-25	198	352	265	452	0.403141361256544
GT1.hmm	382	ZOOFUN|ZOORAD_002218-T1	574	4.9e-26	183	350	240	457	0.43717277486911
GT1.hmm	382	ZOOFUN|ZOORAD_002845-T1	526	1.4e-30	127	354	155	417	0.594240837696335
GT1.hmm	382	ZOOFUN|ZOORAD_003767-T1	557	2e-20	222	344	276	433	0.319371727748691
GT1.hmm	382	ZOOFUN|ZOORAD_005584-T1	552	7.7e-27	190	380	245	468	0.49738219895288
GT1.hmm	382	ZOOFUN|ZOORAD_005585-T1	547	1.6e-29	220	381	253	466	0.421465968586387
GT1.hmm	382	ZOOFUN|ZOORAD_005586-T1	549	9.1e-32	220	381	260	468	0.421465968586387
GT1.hmm	382	ZOOFUN|ZOORAD_005587-T1	549	7e-30	191	381	248	468	0.49738219895288
GT1.hmm	382	ZOOFUN|ZOORAD_005588-T1	550	4.7e-28	191	380	246	468	0.494764397905759
GT1.hmm	382	ZOOFUN|ZOORAD_009102-T1	564	1e-26	173	362	217	453	0.494764397905759
GT1.hmm	382	ZOOFUN|ZOORAD_009103-T1	481	8.1e-21	220	361	245	433	0.369109947643979
GT1.hmm	382	ZOOFUN|ZOORAD_009104-T1	364	5e-26	172	363	14	257	0.5
GT1.hmm	382	ZOOFUN|ZOORAD_009324-T1	558	7.1e-24	221	363	278	457	0.371727748691099
GT1.hmm	382	ZOOFUN|ZOORAD_009325-T1	549	5.9e-22	220	351	275	444	0.342931937172775
GT1.hmm	382	ZOOFUN|ZOORAD_009326-T1	555	5.4e-23	220	352	265	446	0.345549738219895
GT1.hmm	382	ZOOFUN|ZOORAD_009327-T1	553	5.6e-22	225	361	282	457	0.356020942408377
GT1.hmm	382	ZOOFUN|ZOORAD_009328-T1	576	2.5e-23	207	327	282	434	0.31413612565445
GT1.hmm	382	ZOOFUN|ZOORAD_009329-T1	578	3.8e-30	93	352	137	446	0.678010471204188
GT1.hmm	382	ZOOFUN|ZOORAD_009333-T1	578	2.4e-29	89	352	133	446	0.68848167539267
GT1.hmm	382	ZOOFUN|ZOORAD_009334-T1	578	2.4e-29	89	352	133	446	0.68848167539267
GT1.hmm	382	ZOOFUN|ZOORAD_009336-T1	581	3.7e-29	91	327	138	424	0.617801047120419
GT1.hmm	382	ZOOFUN|ZOORAD_011773-T1	1178	1.1e-59	5	377	694	1099	0.973821989528796
GT1.hmm	382	ZOOFUN|ZOORAD_014598-T1	585	4.6e-24	224	352	279	439	0.335078534031414
GT1.hmm	382	ZOOFUN|ZOORAD_014599-T1	538	2.3e-23	94	352	132	428	0.675392670157068
GT1.hmm	382	ZOOFUN|ZOORAD_014600-T1	540	6.7e-23	220	351	259	428	0.342931937172775
GT1.hmm	382	ZOOFUN|ZOORAD_015552-T1	527	3.7e-23	179	353	235	422	0.455497382198953
GT1.hmm	382	ZOOFUN|ZOORAD_015553-T1	561	3.1e-25	181	353	271	456	0.450261780104712
GT1.hmm	382	ZOOFUN|ZOORAD_015554-T1	526	1.1e-25	181	353	236	421	0.450261780104712
GT1.hmm	382	ZOOFUN|ZOORAD_015876-T1	584	9.8e-27	177	346	251	452	0.442408376963351
GT1.hmm	382	ZOOFUN|ZOORAD_016882-T1	498	3.9e-11	180	350	238	401	0.445026178010471
GT1.hmm	382	ZOOFUN|ZOORAD_016883-T1	535	1.8e-24	178	348	238	422	0.445026178010471
GT1.hmm	382	ZOOFUN|ZOORAD_016884-T1	533	8e-25	180	362	239	440	0.476439790575916
GT1.hmm	382	ZOOFUN|ZOORAD_017679-T1	535	3.7e-25	165	359	221	431	0.507853403141361
GT1.hmm	382	ZOOFUN|ZOORAD_017768-T1	527	2.5e-23	179	351	235	420	0.450261780104712
GT1.hmm	382	ZOOFUN|ZOORAD_017769-T1	528	1e-24	184	352	238	420	0.43979057591623
GT1.hmm	382	ZOOFUN|ZOORAD_017854-T1	535	4.9e-23	183	352	243	426	0.442408376963351
GT1.hmm	382	ZOOFUN|ZOORAD_017855-T1	536	1.4e-25	187	351	247	425	0.429319371727749
GT1.hmm	382	ZOOFUN|ZOORAD_017888-T1	532	6.8e-20	177	352	232	421	0.458115183246073
GT1.hmm	382	ZOOFUN|ZOORAD_018280-T1	527	2.5e-23	179	351	235	420	0.450261780104712
GT1.hmm	382	ZOOFUN|ZOORAD_018405-T1	538	3.2e-24	177	347	237	422	0.445026178010471
GT1.hmm	382	ZOOFUN|ZOORAD_018432-T1	499	3.9e-11	180	350	238	401	0.445026178010471
GT20.hmm	475	ZOOFUN|ZOORAD_007764-T1	474	1.7e-196	9	474	8	473	0.978947368421053
GT20.hmm	475	ZOOFUN|ZOORAD_011417-T1	772	7.7e-157	11	474	12	489	0.974736842105263
GT20.hmm	475	ZOOFUN|ZOORAD_017892-T1	764	7.3e-161	6	474	7	488	0.985263157894737
GT20.hmm	475	ZOOFUN|ZOORAD_017923-T1	764	7.3e-161	6	474	7	488	0.985263157894737
GT21.hmm	233	ZOOFUN|ZOORAD_005675-T1	508	1.2e-87	1	233	60	291	0.995708154506438
GT22.hmm	389	ZOOFUN|ZOORAD_003636-T1	605	1.7e-76	36	389	127	478	0.90745501285347
GT22.hmm	389	ZOOFUN|ZOORAD_008599-T1	649	1.8e-80	2	389	60	519	0.994858611825193
GT22.hmm	389	ZOOFUN|ZOORAD_011810-T1	665	8.9e-70	12	363	66	508	0.902313624678663
GT22.hmm	389	ZOOFUN|ZOORAD_012797-T1	797	5.5e-60	2	361	69	494	0.922879177377892
GT24.hmm	248	ZOOFUN|ZOORAD_003737-T1	1560	3e-130	1	248	1260	1507	0.995967741935484
GT28.hmm	157	ZOOFUN|ZOORAD_006647-T1	166	2.9e-13	29	134	39	145	0.668789808917197
GT2_Chitin_synth_1.hmm	163	ZOOFUN|ZOORAD_009281-T1	852	4.3e-78	1	163	183	345	0.993865030674847
GT2_Chitin_synth_1.hmm	163	ZOOFUN|ZOORAD_013294-T1	822	1.1e-75	1	163	152	314	0.993865030674847
GT2_Chitin_synth_1.hmm	163	ZOOFUN|ZOORAD_014774-T1	817	1.5e-75	1	163	147	309	0.993865030674847
GT2_Chitin_synth_1.hmm	163	ZOOFUN|ZOORAD_017794-T1	817	1.5e-75	1	163	147	309	0.993865030674847
GT2_Chitin_synth_2.hmm	527	ZOOFUN|ZOORAD_000608-T1	1133	4.4e-225	4	526	428	937	0.990512333965844
GT2_Chitin_synth_2.hmm	527	ZOOFUN|ZOORAD_001076-T1	1549	3.1e-232	18	526	737	1233	0.963946869070209
GT2_Chitin_synth_2.hmm	527	ZOOFUN|ZOORAD_001813-T1	1101	1.8e-69	27	491	354	790	0.88045540796964
GT2_Chitin_synth_2.hmm	527	ZOOFUN|ZOORAD_001847-T1	1844	1e-217	4	526	1106	1612	0.990512333965844
GT2_Chitin_synth_2.hmm	527	ZOOFUN|ZOORAD_001967-T1	968	2.3e-250	21	526	381	877	0.958254269449715
GT2_Chitin_synth_2.hmm	527	ZOOFUN|ZOORAD_002599-T1	845	1.6e-25	204	522	310	613	0.603415559772296
GT2_Chitin_synth_2.hmm	527	ZOOFUN|ZOORAD_003577-T1	1840	2.6e-230	4	526	1143	1649	0.990512333965844
GT2_Chitin_synth_2.hmm	527	ZOOFUN|ZOORAD_005440-T1	1798	1.2e-229	5	526	1176	1678	0.988614800759013
GT2_Chitin_synth_2.hmm	527	ZOOFUN|ZOORAD_006772-T1	1171	2.6e-284	11	527	578	1093	0.979127134724858
GT2_Chitin_synth_2.hmm	527	ZOOFUN|ZOORAD_008327-T1	872	7.3e-24	193	514	295	604	0.609108159392789
GT2_Chitin_synth_2.hmm	527	ZOOFUN|ZOORAD_009281-T1	852	2.9e-22	204	390	323	515	0.352941176470588
GT2_Chitin_synth_2.hmm	527	ZOOFUN|ZOORAD_009519-T1	1140	4.5e-262	17	527	479	983	0.967741935483871
GT2_Chitin_synth_2.hmm	527	ZOOFUN|ZOORAD_009985-T1	1923	1.1e-208	4	527	1224	1739	0.992409867172676
GT2_Chitin_synth_2.hmm	527	ZOOFUN|ZOORAD_011263-T1	1216	3.2e-77	27	492	350	788	0.882352941176471
GT2_Chitin_synth_2.hmm	527	ZOOFUN|ZOORAD_011570-T1	1819	5.3e-230	4	527	1178	1685	0.992409867172676
GT2_Chitin_synth_2.hmm	527	ZOOFUN|ZOORAD_012048-T1	982	4.5e-247	18	526	375	874	0.963946869070209
GT2_Chitin_synth_2.hmm	527	ZOOFUN|ZOORAD_013294-T1	822	8.2e-22	204	375	292	468	0.324478178368121
GT2_Chitin_synth_2.hmm	527	ZOOFUN|ZOORAD_014192-T1	1822	1.2e-126	14	448	1383	1809	0.823529411764706
GT2_Chitin_synth_2.hmm	527	ZOOFUN|ZOORAD_014292-T1	898	2.8e-24	204	500	332	614	0.561669829222011
GT2_Chitin_synth_2.hmm	527	ZOOFUN|ZOORAD_014293-T1	771	2.7e-24	204	500	164	446	0.561669829222011
GT2_Chitin_synth_2.hmm	527	ZOOFUN|ZOORAD_014774-T1	817	1.3e-22	204	374	287	462	0.32258064516129
GT2_Chitin_synth_2.hmm	527	ZOOFUN|ZOORAD_015569-T1	982	4.5e-247	18	526	375	874	0.963946869070209
GT2_Chitin_synth_2.hmm	527	ZOOFUN|ZOORAD_016769-T1	1796	7.3e-230	6	526	1122	1627	0.986717267552182
GT2_Chitin_synth_2.hmm	527	ZOOFUN|ZOORAD_017794-T1	817	1.3e-22	204	374	287	462	0.32258064516129
GT2_Chitin_synth_2.hmm	527	ZOOFUN|ZOORAD_018282-T1	1805	6.9e-234	4	527	1118	1627	0.992409867172676
GT2_Glycos_transf_2.hmm	170	ZOOFUN|ZOORAD_011405-T1	238	1.9e-33	1	169	6	176	0.988235294117647
GT2_Glycos_transf_2.hmm	170	ZOOFUN|ZOORAD_014581-T1	329	8.5e-23	1	164	64	240	0.958823529411765
GT33.hmm	425	ZOOFUN|ZOORAD_002084-T1	449	6.5e-143	3	424	3	445	0.990588235294118
GT35.hmm	674	ZOOFUN|ZOORAD_004497-T1	902	1.5e-273	3	673	163	878	0.99406528189911
GT39.hmm	223	ZOOFUN|ZOORAD_004637-T1	861	4.3e-67	2	223	111	349	0.991031390134529
GT39.hmm	223	ZOOFUN|ZOORAD_011060-T1	738	5e-62	4	223	66	303	0.982062780269058
GT39.hmm	223	ZOOFUN|ZOORAD_012817-T1	764	4.1e-55	2	223	79	319	0.991031390134529
GT39.hmm	223	ZOOFUN|ZOORAD_012854-T1	780	1.2e-68	2	223	87	324	0.991031390134529
GT39.hmm	223	ZOOFUN|ZOORAD_016290-T1	846	1.8e-71	2	223	80	321	0.991031390134529
GT3.hmm	637	ZOOFUN|ZOORAD_015460-T1	698	1.8e-290	1	624	18	636	0.978021978021978
GT3.hmm	637	ZOOFUN|ZOORAD_017404-T1	698	1.8e-290	1	624	18	636	0.978021978021978
GT41.hmm	705	ZOOFUN|ZOORAD_013893-T1	1584	3.6e-49	297	527	1153	1477	0.326241134751773
GT48.hmm	739	ZOOFUN|ZOORAD_002266-T1	1810	2.2e-280	1	723	782	1558	0.976995940460081
GT48.hmm	739	ZOOFUN|ZOORAD_009987-T1	1815	1.8e-285	1	722	789	1557	0.975642760487145
GT48.hmm	739	ZOOFUN|ZOORAD_010118-T1	1934	2e-294	3	720	885	1659	0.970230040595399
GT48.hmm	739	ZOOFUN|ZOORAD_013271-T1	1913	2.6e-283	3	727	860	1631	0.979702300405954
GT48.hmm	739	ZOOFUN|ZOORAD_015798-T1	1932	1.4e-287	3	721	873	1643	0.971583220568336
GT48.hmm	739	ZOOFUN|ZOORAD_017708-T1	1932	1.4e-287	3	721	873	1643	0.971583220568336
GT4.hmm	160	ZOOFUN|ZOORAD_000225-T1	446	1.1e-31	6	140	193	325	0.8375
GT4.hmm	160	ZOOFUN|ZOORAD_008552-T1	461	4.1e-34	9	158	211	384	0.93125
GT4.hmm	160	ZOOFUN|ZOORAD_010361-T1	498	2.1e-22	8	134	292	435	0.7875
GT50.hmm	262	ZOOFUN|ZOORAD_010706-T1	479	3.7e-88	1	261	141	442	0.99236641221374
GT57.hmm	481	ZOOFUN|ZOORAD_006143-T1	510	1.2e-166	3	480	10	502	0.991683991683992
GT57.hmm	481	ZOOFUN|ZOORAD_007292-T1	557	8.3e-140	2	480	77	535	0.993762993762994
GT58.hmm	364	ZOOFUN|ZOORAD_004488-T1	456	1.4e-132	4	364	67	425	0.989010989010989
GT59.hmm	404	ZOOFUN|ZOORAD_017280-T1	527	1.4e-93	2	404	41	468	0.995049504950495
GT66.hmm	693	ZOOFUN|ZOORAD_015131-T1	731	7.6e-183	11	600	15	656	0.84992784992785
GT69.hmm	239	ZOOFUN|ZOORAD_002523-T1	461	4.9e-58	2	238	115	397	0.98744769874477
GT69.hmm	239	ZOOFUN|ZOORAD_002525-T1	390	1.1e-50	2	208	115	339	0.861924686192469
GT69.hmm	239	ZOOFUN|ZOORAD_002527-T1	493	1.2e-59	2	238	115	397	0.98744769874477
GT69.hmm	239	ZOOFUN|ZOORAD_002528-T1	461	1.1e-57	2	237	115	395	0.98326359832636
GT69.hmm	239	ZOOFUN|ZOORAD_002529-T1	460	2.4e-57	2	238	115	395	0.98744769874477
GT69.hmm	239	ZOOFUN|ZOORAD_002530-T1	524	1.3e-54	2	237	121	423	0.98326359832636
GT69.hmm	239	ZOOFUN|ZOORAD_005712-T1	457	4.1e-55	1	238	134	393	0.99163179916318
GT69.hmm	239	ZOOFUN|ZOORAD_011192-T1	374	1.2e-62	2	238	25	300	0.98744769874477
GT76.hmm	407	ZOOFUN|ZOORAD_004720-T1	445	2.2e-107	1	407	18	445	0.997542997542998
GT76.hmm	407	ZOOFUN|ZOORAD_004722-T1	446	1.7e-103	1	407	18	446	0.997542997542998
GT76.hmm	407	ZOOFUN|ZOORAD_012524-T1	445	1e-102	2	406	19	444	0.992628992628993
GT87.hmm	231	ZOOFUN|ZOORAD_000154-T1	344	3.6e-06	90	203	219	338	0.489177489177489
GT8.hmm	257	ZOOFUN|ZOORAD_012717-T1	342	1.2e-35	32	254	14	294	0.863813229571984
GT8.hmm	257	ZOOFUN|ZOORAD_017253-T1	996	2.6e-42	17	255	8	240	0.926070038910506
GT8.hmm	257	ZOOFUN|ZOORAD_017263-T1	996	2.6e-42	17	255	8	240	0.926070038910506
PL9_4.hmm	141	ZOOFUN|ZOORAD_012699-T1	202	0.00071	50	97	48	95	0.333333333333333
