AA11.hmm	191	Zoorad1|Zoorad1_371216	179	2.7e-41	12	163	26	162	0.790575916230366
AA11.hmm	191	Zoorad1|Zoorad1_373428	181	8e-37	12	163	39	174	0.790575916230366
AA11.hmm	191	Zoorad1|Zoorad1_373592	175	2.9e-33	10	162	30	170	0.795811518324607
AA11.hmm	191	Zoorad1|Zoorad1_375550	178	3.1e-41	1	163	3	161	0.848167539267016
AA11.hmm	191	Zoorad1|Zoorad1_377412	182	1.2e-45	1	163	12	170	0.848167539267016
AA11.hmm	191	Zoorad1|Zoorad1_385264	154	4.4e-36	9	161	10	153	0.795811518324607
AA11.hmm	191	Zoorad1|Zoorad1_387488	188	5.7e-42	10	163	35	172	0.801047120418848
AA11.hmm	191	Zoorad1|Zoorad1_390271	173	3e-35	10	161	34	169	0.790575916230366
AA11.hmm	191	Zoorad1|Zoorad1_390275	173	1.8e-34	11	162	35	170	0.790575916230366
AA11.hmm	191	Zoorad1|Zoorad1_390278	173	3e-35	10	161	34	169	0.790575916230366
AA11.hmm	191	Zoorad1|Zoorad1_390281	173	2.5e-29	11	161	35	169	0.785340314136126
AA11.hmm	191	Zoorad1|Zoorad1_398130	195	1.3e-39	12	165	41	178	0.801047120418848
AA11.hmm	191	Zoorad1|Zoorad1_399617	186	1.2e-45	1	165	13	171	0.858638743455497
AA11.hmm	191	Zoorad1|Zoorad1_406327	264	8.6e-39	12	181	37	183	0.884816753926702
AA11.hmm	191	Zoorad1|Zoorad1_407712	176	4.2e-41	12	163	22	156	0.790575916230366
AA11.hmm	191	Zoorad1|Zoorad1_408248	178	1.3e-36	7	161	33	177	0.806282722513089
AA11.hmm	191	Zoorad1|Zoorad1_411507	226	2.2e-38	11	163	39	187	0.795811518324607
AA11.hmm	191	Zoorad1|Zoorad1_453146	438	3e-35	12	163	36	171	0.790575916230366
AA11.hmm	191	Zoorad1|Zoorad1_453151	438	2.7e-35	12	163	36	171	0.790575916230366
AA11.hmm	191	Zoorad1|Zoorad1_457941	257	7.2e-35	10	163	40	180	0.801047120418848
AA11.hmm	191	Zoorad1|Zoorad1_458145	256	5.4e-35	29	163	58	179	0.701570680628272
AA11.hmm	191	Zoorad1|Zoorad1_458724	326	9.6e-38	12	163	41	175	0.790575916230366
AA11.hmm	191	Zoorad1|Zoorad1_458728	340	1.9e-39	13	162	42	174	0.780104712041885
AA11.hmm	191	Zoorad1|Zoorad1_464692	313	7e-41	1	170	19	183	0.884816753926702
AA11.hmm	191	Zoorad1|Zoorad1_464695	318	4.6e-41	1	170	19	183	0.884816753926702
AA11.hmm	191	Zoorad1|Zoorad1_464699	317	5.6e-41	4	170	22	183	0.869109947643979
AA11.hmm	191	Zoorad1|Zoorad1_465254	252	3.9e-32	7	163	30	175	0.816753926701571
AA11.hmm	191	Zoorad1|Zoorad1_469359	292	5.3e-45	1	170	17	181	0.884816753926702
AA11.hmm	191	Zoorad1|Zoorad1_469361	292	3.8e-45	1	170	17	181	0.884816753926702
AA11.hmm	191	Zoorad1|Zoorad1_469363	301	4.3e-45	1	170	17	181	0.884816753926702
AA11.hmm	191	Zoorad1|Zoorad1_470634	208	8.4e-30	25	161	54	180	0.712041884816754
AA11.hmm	191	Zoorad1|Zoorad1_483365	208	1.2e-32	17	163	44	179	0.764397905759162
AA11.hmm	191	Zoorad1|Zoorad1_484009	127	0.00029	103	167	11	83	0.335078534031414
AA11.hmm	191	Zoorad1|Zoorad1_486931	256	2.7e-07	38	156	58	199	0.617801047120419
AA11.hmm	191	Zoorad1|Zoorad1_489893	292	3e-07	62	146	76	204	0.43979057591623
AA11.hmm	191	Zoorad1|Zoorad1_492670	299	1.5e-07	28	145	46	191	0.612565445026178
AA11.hmm	191	Zoorad1|Zoorad1_516381	257	7.2e-35	10	163	40	180	0.801047120418848
AA11.hmm	191	Zoorad1|Zoorad1_516383	236	4.2e-15	7	116	37	135	0.570680628272251
AA11.hmm	191	Zoorad1|Zoorad1_516875	369	3.5e-38	8	168	34	182	0.837696335078534
AA11.hmm	191	Zoorad1|Zoorad1_519517	325	2.1e-05	103	162	167	230	0.308900523560209
AA11.hmm	191	Zoorad1|Zoorad1_520300	193	1.5e-31	25	163	39	163	0.722513089005236
AA11.hmm	191	Zoorad1|Zoorad1_669139	373	9.3e-06	38	123	55	156	0.445026178010471
AA11.hmm	191	Zoorad1|Zoorad1_675781	178	3.1e-41	12	162	25	158	0.785340314136126
AA11.hmm	191	Zoorad1|Zoorad1_689447	239	3e-38	8	161	38	174	0.801047120418848
AA11.hmm	191	Zoorad1|Zoorad1_837990	259	0.00023	117	183	122	184	0.345549738219895
AA11.hmm	191	Zoorad1|Zoorad1_843967	243	4.2e-23	12	163	36	166	0.790575916230366
AA11.hmm	191	Zoorad1|Zoorad1_863287	234	8.9e-31	13	163	50	193	0.785340314136126
AA1_3.hmm	312	Zoorad1|Zoorad1_858476	560	1.4e-31	16	121	10	115	0.336538461538462
AA1.hmm	943	Zoorad1|Zoorad1_395086	523	1.6e-67	453	796	41	376	0.36373276776246
AA1.hmm	943	Zoorad1|Zoorad1_418272	560	2.6e-63	430	713	18	326	0.300106044538706
AA1.hmm	943	Zoorad1|Zoorad1_418274	560	1.4e-63	427	796	15	406	0.391304347826087
AA1.hmm	943	Zoorad1|Zoorad1_471033	515	1.6e-64	453	796	41	376	0.36373276776246
AA1.hmm	943	Zoorad1|Zoorad1_486587	537	1.2e-66	453	744	41	327	0.308589607635207
AA1.hmm	943	Zoorad1|Zoorad1_677885	589	2.7e-66	449	741	40	356	0.309650053022269
AA1.hmm	943	Zoorad1|Zoorad1_683040	530	5.6e-66	454	795	42	375	0.361611876988335
AA2.hmm	255	Zoorad1|Zoorad1_483388	269	2.2e-48	14	253	23	261	0.937254901960784
AA3_2.hmm	568	Zoorad1|Zoorad1_149350	613	6.7e-94	2	567	16	607	0.994718309859155
AA3_2.hmm	568	Zoorad1|Zoorad1_197330	668	4.5e-97	2	567	64	658	0.994718309859155
AA3_2.hmm	568	Zoorad1|Zoorad1_300668	668	1.5e-95	2	567	64	658	0.994718309859155
AA3_2.hmm	568	Zoorad1|Zoorad1_390919	600	5.2e-100	2	565	20	577	0.991197183098592
AA3_2.hmm	568	Zoorad1|Zoorad1_393897	623	5.8e-96	2	566	30	620	0.992957746478873
AA3_2.hmm	568	Zoorad1|Zoorad1_418465	599	6.7e-99	2	566	16	591	0.992957746478873
AA3_2.hmm	568	Zoorad1|Zoorad1_440766	597	9.7e-106	2	566	16	590	0.992957746478873
AA3_2.hmm	568	Zoorad1|Zoorad1_440768	627	2.5e-101	2	566	17	621	0.992957746478873
AA3_2.hmm	568	Zoorad1|Zoorad1_469455	682	4.4e-95	2	567	78	672	0.994718309859155
AA3_2.hmm	568	Zoorad1|Zoorad1_510402	598	8.3e-102	2	566	16	591	0.992957746478873
AA3_2.hmm	568	Zoorad1|Zoorad1_515469	578	2.8e-102	2	566	20	577	0.992957746478873
AA3_2.hmm	568	Zoorad1|Zoorad1_518227	666	1.7e-92	1	567	65	660	0.996478873239437
AA3_2.hmm	568	Zoorad1|Zoorad1_671632	578	7.7e-96	2	566	20	577	0.992957746478873
AA3_2.hmm	568	Zoorad1|Zoorad1_673879	598	6.4e-100	2	565	20	577	0.991197183098592
AA3_2.hmm	568	Zoorad1|Zoorad1_836882	609	2.1e-96	3	566	13	602	0.991197183098592
AA3_2.hmm	568	Zoorad1|Zoorad1_863863	668	1.2e-94	2	567	64	658	0.994718309859155
AA4.hmm	522	Zoorad1|Zoorad1_487408	558	1.3e-19	18	190	89	260	0.329501915708812
AA6.hmm	195	Zoorad1|Zoorad1_382067	200	2.2e-72	1	194	2	195	0.98974358974359
AA6.hmm	195	Zoorad1|Zoorad1_451873	209	2.4e-81	1	194	6	200	0.98974358974359
AA7.hmm	458	Zoorad1|Zoorad1_394767	468	4.8e-82	4	226	27	250	0.48471615720524
AA7.hmm	458	Zoorad1|Zoorad1_450836	532	6.7e-76	6	458	65	503	0.986899563318777
AA7.hmm	458	Zoorad1|Zoorad1_450839	509	8.3e-73	6	458	42	480	0.986899563318777
AA7.hmm	458	Zoorad1|Zoorad1_450841	533	1.8e-75	6	458	66	504	0.986899563318777
AA7.hmm	458	Zoorad1|Zoorad1_469874	306	1.2e-33	139	458	1	302	0.696506550218341
AA7.hmm	458	Zoorad1|Zoorad1_469875	486	2.9e-91	3	458	45	482	0.993449781659389
AA7.hmm	458	Zoorad1|Zoorad1_469888	486	1.3e-94	3	458	45	482	0.993449781659389
AA7.hmm	458	Zoorad1|Zoorad1_484922	685	6e-75	5	458	105	543	0.989082969432314
AA7.hmm	458	Zoorad1|Zoorad1_670262	764	1.2e-68	5	210	106	319	0.447598253275109
AA7.hmm	458	Zoorad1|Zoorad1_670264	637	4.1e-76	5	458	108	546	0.989082969432314
AA7.hmm	458	Zoorad1|Zoorad1_670438	704	7.1e-75	6	458	109	546	0.986899563318777
AA7.hmm	458	Zoorad1|Zoorad1_682364	478	1.9e-93	4	458	27	463	0.991266375545852
AA7.hmm	458	Zoorad1|Zoorad1_858792	530	3.5e-70	6	458	63	501	0.986899563318777
AA7.hmm	458	Zoorad1|Zoorad1_866655	708	2.5e-74	5	458	108	546	0.989082969432314
AA9.hmm	220	Zoorad1|Zoorad1_495035	257	8e-07	58	210	55	217	0.690909090909091
CBM18.hmm	38	Zoorad1|Zoorad1_369106	152	1.2e-09	2	38	1	43	0.947368421052632
CBM18.hmm	38	Zoorad1|Zoorad1_369106	152	3e-08	1	36	111	152	0.921052631578947
CBM18.hmm	38	Zoorad1|Zoorad1_369106	152	4.7e-09	1	38	56	99	0.973684210526316
CBM18.hmm	38	Zoorad1|Zoorad1_399003	344	4.4e-08	1	38	26	69	0.973684210526316
CBM18.hmm	38	Zoorad1|Zoorad1_402570	358	3.4e-08	1	34	26	69	0.868421052631579
CBM18.hmm	38	Zoorad1|Zoorad1_417437	319	8.5e-05	6	36	21	59	0.789473684210526
CBM18.hmm	38	Zoorad1|Zoorad1_417438	291	5.3e-06	7	36	21	58	0.763157894736842
CBM18.hmm	38	Zoorad1|Zoorad1_422287	304	2.3e-07	10	36	29	56	0.684210526315789
CBM18.hmm	38	Zoorad1|Zoorad1_435951	366	0.00033	2	36	28	60	0.894736842105263
CBM18.hmm	38	Zoorad1|Zoorad1_437719	353	1.3e-07	1	38	26	69	0.973684210526316
CBM18.hmm	38	Zoorad1|Zoorad1_437727	344	8.3e-09	1	38	26	69	0.973684210526316
CBM18.hmm	38	Zoorad1|Zoorad1_448828	226	1.7e-08	2	38	131	172	0.947368421052632
CBM18.hmm	38	Zoorad1|Zoorad1_448828	226	7.3e-07	2	32	185	219	0.789473684210526
CBM18.hmm	38	Zoorad1|Zoorad1_448836	144	3.4e-09	2	38	56	97	0.947368421052632
CBM18.hmm	38	Zoorad1|Zoorad1_448836	144	6.3e-09	1	31	109	143	0.789473684210526
CBM18.hmm	38	Zoorad1|Zoorad1_454135	343	4.7e-08	1	38	24	67	0.973684210526316
CBM18.hmm	38	Zoorad1|Zoorad1_454695	196	1.6e-07	2	38	96	138	0.947368421052632
CBM18.hmm	38	Zoorad1|Zoorad1_454695	196	6.7e-07	2	38	153	195	0.947368421052632
CBM18.hmm	38	Zoorad1|Zoorad1_487792	370	0.00092	10	35	33	59	0.657894736842105
CBM18.hmm	38	Zoorad1|Zoorad1_499822	168	1.5e-07	2	38	68	110	0.947368421052632
CBM18.hmm	38	Zoorad1|Zoorad1_499822	168	4.5e-07	2	38	125	167	0.947368421052632
CBM18.hmm	38	Zoorad1|Zoorad1_514905	229	1.4e-08	2	38	134	175	0.947368421052632
CBM18.hmm	38	Zoorad1|Zoorad1_514905	229	1.6e-08	2	31	188	221	0.763157894736842
CBM18.hmm	38	Zoorad1|Zoorad1_848256	149	1.2e-07	2	31	110	143	0.763157894736842
CBM18.hmm	38	Zoorad1|Zoorad1_848256	149	4.2e-08	2	38	56	97	0.947368421052632
CBM18.hmm	38	Zoorad1|Zoorad1_852674	352	1.8e-07	1	38	26	69	0.973684210526316
CBM19.hmm	45	Zoorad1|Zoorad1_284991	110	0.00026	11	41	62	93	0.666666666666667
CBM19.hmm	45	Zoorad1|Zoorad1_445657	499	4.5e-05	9	43	451	487	0.755555555555556
CBM19.hmm	45	Zoorad1|Zoorad1_447528	110	0.00024	11	41	62	93	0.666666666666667
CBM19.hmm	45	Zoorad1|Zoorad1_447543	97	0.00055	11	38	63	90	0.6
CBM19.hmm	45	Zoorad1|Zoorad1_447545	110	0.00025	11	41	62	93	0.666666666666667
CBM19.hmm	45	Zoorad1|Zoorad1_447561	116	4.4e-05	10	43	62	95	0.733333333333333
CBM19.hmm	45	Zoorad1|Zoorad1_447562	115	0.00038	10	37	62	88	0.6
CBM19.hmm	45	Zoorad1|Zoorad1_447564	116	0.00041	10	37	62	88	0.6
CBM19.hmm	45	Zoorad1|Zoorad1_458728	340	2.6e-06	10	44	297	331	0.755555555555556
CBM19.hmm	45	Zoorad1|Zoorad1_469361	292	0.00022	10	43	249	282	0.733333333333333
CBM19.hmm	45	Zoorad1|Zoorad1_470320	480	6.1e-11	2	44	397	436	0.933333333333333
CBM19.hmm	45	Zoorad1|Zoorad1_502762	167	0.00015	8	43	114	147	0.777777777777778
CBM19.hmm	45	Zoorad1|Zoorad1_502763	167	9.3e-05	8	43	114	147	0.777777777777778
CBM19.hmm	45	Zoorad1|Zoorad1_502764	185	0.00012	8	43	132	165	0.777777777777778
CBM19.hmm	45	Zoorad1|Zoorad1_840720	78	4.4e-05	11	43	30	63	0.711111111111111
CBM19.hmm	45	Zoorad1|Zoorad1_844663	110	0.00038	11	38	62	89	0.6
CBM19.hmm	45	Zoorad1|Zoorad1_851063	110	1.5e-05	11	43	62	95	0.711111111111111
CBM19.hmm	45	Zoorad1|Zoorad1_853629	101	6.9e-06	11	43	58	91	0.711111111111111
CBM21.hmm	107	Zoorad1|Zoorad1_376534	194	1.2e-19	5	107	83	187	0.953271028037383
CBM21.hmm	107	Zoorad1|Zoorad1_452252	328	1.5e-27	4	107	56	163	0.962616822429907
CBM21.hmm	107	Zoorad1|Zoorad1_452339	384	5e-30	4	107	104	209	0.962616822429907
CBM43.hmm	83	Zoorad1|Zoorad1_379184	461	6.4e-05	9	82	376	450	0.879518072289157
CBM43.hmm	83	Zoorad1|Zoorad1_397378	517	3.6e-05	36	65	418	447	0.349397590361446
CBM43.hmm	83	Zoorad1|Zoorad1_399133	448	0.00011	36	65	409	438	0.349397590361446
CBM43.hmm	83	Zoorad1|Zoorad1_438584	443	5.5e-08	8	78	364	439	0.843373493975904
CBM43.hmm	83	Zoorad1|Zoorad1_438588	443	6.1e-07	8	77	364	438	0.831325301204819
CBM43.hmm	83	Zoorad1|Zoorad1_438596	566	5.8e-08	11	77	377	443	0.795180722891566
CBM43.hmm	83	Zoorad1|Zoorad1_440159	494	1e-08	2	69	368	443	0.807228915662651
CBM43.hmm	83	Zoorad1|Zoorad1_461270	546	6.8e-08	9	79	377	448	0.843373493975904
CBM43.hmm	83	Zoorad1|Zoorad1_472814	458	0.00015	35	68	364	402	0.397590361445783
CBM43.hmm	83	Zoorad1|Zoorad1_479510	493	7.2e-08	2	72	370	446	0.843373493975904
CBM43.hmm	83	Zoorad1|Zoorad1_481432	504	1.3e-09	2	76	375	457	0.891566265060241
CBM43.hmm	83	Zoorad1|Zoorad1_481867	586	0.00024	9	82	380	454	0.879518072289157
CBM43.hmm	83	Zoorad1|Zoorad1_675052	245	0.0002	2	65	121	192	0.759036144578313
CBM43.hmm	83	Zoorad1|Zoorad1_683948	496	5.2e-05	2	65	371	442	0.759036144578313
CBM43.hmm	83	Zoorad1|Zoorad1_687780	502	0.00042	37	65	404	432	0.337349397590361
CBM43.hmm	83	Zoorad1|Zoorad1_844407	517	3.6e-05	36	65	418	447	0.349397590361446
CBM48.hmm	76	Zoorad1|Zoorad1_400523	704	4.5e-11	3	48	55	110	0.592105263157895
CBM48.hmm	76	Zoorad1|Zoorad1_681768	209	0.00026	15	61	6	64	0.605263157894737
CBM50.hmm	40	Zoorad1|Zoorad1_83441	184	1.2e-05	1	40	51	93	0.975
CBM63.hmm	78	Zoorad1|Zoorad1_461288	211	2.9e-15	2	71	125	193	0.884615384615385
CBM63.hmm	78	Zoorad1|Zoorad1_480139	211	5.2e-15	2	71	125	193	0.884615384615385
CBM63.hmm	78	Zoorad1|Zoorad1_854166	211	2.4e-13	1	74	124	196	0.935897435897436
CBM63.hmm	78	Zoorad1|Zoorad1_862376	211	2.2e-15	2	72	125	194	0.897435897435897
CE14.hmm	124	Zoorad1|Zoorad1_391304	289	1.1e-17	1	123	54	166	0.983870967741935
CE14.hmm	124	Zoorad1|Zoorad1_399199	289	5.7e-18	1	123	54	166	0.983870967741935
CE16.hmm	267	Zoorad1|Zoorad1_20003	270	4.4e-06	34	134	55	141	0.374531835205993
CE16.hmm	267	Zoorad1|Zoorad1_439823	285	2.7e-08	4	98	44	131	0.352059925093633
CE16.hmm	267	Zoorad1|Zoorad1_446796	359	6.2e-07	2	97	65	152	0.355805243445693
CE16.hmm	267	Zoorad1|Zoorad1_450300	530	2.2e-07	4	264	35	289	0.973782771535581
CE16.hmm	267	Zoorad1|Zoorad1_450818	349	6.7e-08	4	264	74	300	0.973782771535581
CE16.hmm	267	Zoorad1|Zoorad1_462246	322	2.2e-11	2	264	29	309	0.9812734082397
CE16.hmm	267	Zoorad1|Zoorad1_470278	313	1.2e-06	4	93	72	154	0.333333333333333
CE16.hmm	267	Zoorad1|Zoorad1_470917	359	6.2e-07	2	97	65	152	0.355805243445693
CE16.hmm	267	Zoorad1|Zoorad1_476393	322	1.1e-06	2	264	27	294	0.9812734082397
CE16.hmm	267	Zoorad1|Zoorad1_495868	295	1.5e-18	3	262	26	283	0.970037453183521
CE16.hmm	267	Zoorad1|Zoorad1_498528	324	1.3e-09	3	265	53	317	0.9812734082397
CE16.hmm	267	Zoorad1|Zoorad1_504457	303	1.4e-07	3	263	28	287	0.973782771535581
CE16.hmm	267	Zoorad1|Zoorad1_513739	342	2.4e-05	4	87	102	178	0.310861423220974
CE16.hmm	267	Zoorad1|Zoorad1_514834	327	5.6e-10	3	265	57	321	0.9812734082397
CE16.hmm	267	Zoorad1|Zoorad1_519293	298	2.2e-10	4	266	29	292	0.9812734082397
CE16.hmm	267	Zoorad1|Zoorad1_519295	197	2.6e-06	3	113	28	130	0.411985018726592
CE16.hmm	267	Zoorad1|Zoorad1_520859	310	8.1e-07	25	120	48	142	0.355805243445693
CE16.hmm	267	Zoorad1|Zoorad1_676916	314	1.1e-19	3	262	20	277	0.970037453183521
CE16.hmm	267	Zoorad1|Zoorad1_840953	322	1.6e-07	2	99	29	121	0.363295880149813
CE16.hmm	267	Zoorad1|Zoorad1_846664	244	2.1e-08	33	263	19	232	0.861423220973783
CE16.hmm	267	Zoorad1|Zoorad1_852764	317	5.4e-06	4	97	69	155	0.348314606741573
CE16.hmm	267	Zoorad1|Zoorad1_853691	240	9e-11	35	262	8	237	0.850187265917603
CE16.hmm	267	Zoorad1|Zoorad1_857575	311	5.9e-19	3	261	42	298	0.966292134831461
CE16.hmm	267	Zoorad1|Zoorad1_859910	316	3.7e-12	3	265	46	310	0.9812734082397
CE16.hmm	267	Zoorad1|Zoorad1_859911	313	1.2e-12	4	264	49	306	0.973782771535581
CE16.hmm	267	Zoorad1|Zoorad1_864017	311	2.5e-08	4	266	69	301	0.9812734082397
CE16.hmm	267	Zoorad1|Zoorad1_865529	303	4.1e-09	3	263	28	287	0.973782771535581
CE16.hmm	267	Zoorad1|Zoorad1_865577	263	2.1e-07	4	142	69	190	0.51685393258427
CE1.hmm	227	Zoorad1|Zoorad1_233369	360	1.6e-07	12	142	65	185	0.572687224669604
CE1.hmm	227	Zoorad1|Zoorad1_412643	419	9.9e-06	15	143	107	255	0.563876651982379
CE1.hmm	227	Zoorad1|Zoorad1_441640	341	2e-07	27	143	50	206	0.511013215859031
CE1.hmm	227	Zoorad1|Zoorad1_456622	760	1.8e-10	12	175	464	646	0.718061674008811
CE1.hmm	227	Zoorad1|Zoorad1_461278	346	4.9e-07	8	123	53	174	0.506607929515419
CE1.hmm	227	Zoorad1|Zoorad1_465103	259	2.4e-12	22	209	22	220	0.823788546255507
CE1.hmm	227	Zoorad1|Zoorad1_465116	772	3e-06	25	143	539	669	0.519823788546256
CE1.hmm	227	Zoorad1|Zoorad1_479276	228	5.9e-11	14	202	7	200	0.828193832599119
CE1.hmm	227	Zoorad1|Zoorad1_493384	297	1.1e-44	1	224	34	291	0.982378854625551
CE1.hmm	227	Zoorad1|Zoorad1_495266	333	2.7e-42	1	224	56	321	0.982378854625551
CE1.hmm	227	Zoorad1|Zoorad1_687975	286	8.1e-07	8	207	19	265	0.876651982378855
CE1.hmm	227	Zoorad1|Zoorad1_840743	983	2.7e-06	21	210	755	963	0.832599118942731
CE1.hmm	227	Zoorad1|Zoorad1_846257	286	3e-08	8	129	19	145	0.533039647577093
CE1.hmm	227	Zoorad1|Zoorad1_847066	917	7.9e-14	12	211	677	898	0.876651982378855
CE3.hmm	194	Zoorad1|Zoorad1_494163	237	5.6e-11	49	193	38	205	0.742268041237113
CE4.hmm	130	Zoorad1|Zoorad1_387898	244	3e-34	8	125	52	171	0.9
CE4.hmm	130	Zoorad1|Zoorad1_399003	344	2e-26	6	124	114	235	0.907692307692308
CE4.hmm	130	Zoorad1|Zoorad1_402570	358	9.8e-23	6	122	114	233	0.892307692307692
CE4.hmm	130	Zoorad1|Zoorad1_419223	244	4.4e-31	9	123	53	169	0.876923076923077
CE4.hmm	130	Zoorad1|Zoorad1_426959	246	7.9e-35	9	125	52	171	0.892307692307692
CE4.hmm	130	Zoorad1|Zoorad1_437719	353	2.1e-26	7	124	115	235	0.9
CE4.hmm	130	Zoorad1|Zoorad1_437727	344	4.9e-27	7	122	115	233	0.884615384615385
CE4.hmm	130	Zoorad1|Zoorad1_450596	248	6.1e-34	9	125	53	172	0.892307692307692
CE4.hmm	130	Zoorad1|Zoorad1_451686	247	1.7e-33	9	125	53	172	0.892307692307692
CE4.hmm	130	Zoorad1|Zoorad1_451687	263	1.3e-33	10	125	70	188	0.884615384615385
CE4.hmm	130	Zoorad1|Zoorad1_454133	350	5.4e-27	7	125	120	241	0.907692307692308
CE4.hmm	130	Zoorad1|Zoorad1_454135	343	1e-27	8	124	115	234	0.892307692307692
CE4.hmm	130	Zoorad1|Zoorad1_460020	282	4.6e-13	6	126	24	149	0.923076923076923
CE4.hmm	130	Zoorad1|Zoorad1_474976	340	3.4e-14	14	109	84	175	0.730769230769231
CE4.hmm	130	Zoorad1|Zoorad1_480339	247	1.6e-36	8	125	52	172	0.9
CE4.hmm	130	Zoorad1|Zoorad1_508235	238	1.1e-32	9	125	44	163	0.892307692307692
CE4.hmm	130	Zoorad1|Zoorad1_680008	232	8.2e-34	9	125	38	157	0.892307692307692
CE4.hmm	130	Zoorad1|Zoorad1_685610	176	1.1e-22	31	125	4	101	0.723076923076923
CE4.hmm	130	Zoorad1|Zoorad1_685613	246	5.2e-34	9	125	52	171	0.892307692307692
CE4.hmm	130	Zoorad1|Zoorad1_852674	352	1.9e-18	6	124	122	243	0.907692307692308
CE4.hmm	130	Zoorad1|Zoorad1_857810	253	9.4e-34	9	125	53	171	0.892307692307692
CE9.hmm	373	Zoorad1|Zoorad1_435944	417	5.7e-123	1	373	27	412	0.997319034852547
dockerin.hmm	21	Zoorad1|Zoorad1_486968	143	0.00014	1	20	21	40	0.904761904761905
GH109.hmm	126	Zoorad1|Zoorad1_482736	351	0.00012	1	40	2	41	0.30952380952381
GH13_17.hmm	350	Zoorad1|Zoorad1_455075	699	9.6e-07	139	309	423	590	0.485714285714286
GH13_25.hmm	434	Zoorad1|Zoorad1_866796	1503	2e-181	3	434	1050	1488	0.993087557603687
GH132.hmm	303	Zoorad1|Zoorad1_450317	280	1.9e-58	69	302	55	276	0.768976897689769
GH132.hmm	303	Zoorad1|Zoorad1_486244	407	2.3e-66	32	302	124	405	0.891089108910891
GH132.hmm	303	Zoorad1|Zoorad1_489885	354	1.7e-66	32	302	71	352	0.891089108910891
GH13_5.hmm	342	Zoorad1|Zoorad1_467871	487	1.8e-134	2	342	32	370	0.994152046783626
GH13_8.hmm	293	Zoorad1|Zoorad1_400523	704	5.1e-152	1	293	236	529	0.996587030716723
GH15.hmm	361	Zoorad1|Zoorad1_41708	661	7.4e-81	4	360	279	653	0.986149584487535
GH15.hmm	361	Zoorad1|Zoorad1_854241	1419	3.8e-15	4	259	11	285	0.706371191135734
GH16_19.hmm	174	Zoorad1|Zoorad1_394782	171	1.9e-50	22	174	3	147	0.873563218390805
GH16_19.hmm	174	Zoorad1|Zoorad1_409545	360	1.3e-59	4	174	116	283	0.977011494252874
GH16_19.hmm	174	Zoorad1|Zoorad1_417437	319	1e-51	3	174	104	268	0.982758620689655
GH16_19.hmm	174	Zoorad1|Zoorad1_417438	291	4.5e-50	3	174	103	267	0.982758620689655
GH16_19.hmm	174	Zoorad1|Zoorad1_422287	304	3.7e-47	11	174	124	280	0.936781609195402
GH16_19.hmm	174	Zoorad1|Zoorad1_435951	366	3.5e-59	10	174	115	273	0.942528735632184
GH16_19.hmm	174	Zoorad1|Zoorad1_436770	343	1.9e-53	4	174	105	267	0.977011494252874
GH16_19.hmm	174	Zoorad1|Zoorad1_457206	151	9.9e-42	41	174	1	127	0.764367816091954
GH16_19.hmm	174	Zoorad1|Zoorad1_466405	293	1.1e-47	3	174	54	214	0.982758620689655
GH16_19.hmm	174	Zoorad1|Zoorad1_487792	370	1.3e-49	6	174	108	268	0.96551724137931
GH16_19.hmm	174	Zoorad1|Zoorad1_687845	351	2.6e-53	4	174	105	267	0.977011494252874
GH16_2.hmm	326	Zoorad1|Zoorad1_436086	478	1.9e-133	1	326	105	426	0.996932515337423
GH16_2.hmm	326	Zoorad1|Zoorad1_862346	486	7.1e-136	1	326	114	434	0.996932515337423
GH16_2.hmm	326	Zoorad1|Zoorad1_865276	486	7.1e-136	1	326	114	434	0.996932515337423
GH16_3.hmm	230	Zoorad1|Zoorad1_459391	435	2.2e-68	1	230	166	432	0.995652173913044
GH16_4.hmm	316	Zoorad1|Zoorad1_373134	339	2.5e-106	1	315	1	339	0.993670886075949
GH16_4.hmm	316	Zoorad1|Zoorad1_393800	217	2.8e-51	116	316	2	212	0.632911392405063
GH16_4.hmm	316	Zoorad1|Zoorad1_393802	385	2.1e-111	1	316	39	380	0.996835443037975
GH16_4.hmm	316	Zoorad1|Zoorad1_397105	385	1.4e-111	1	316	39	380	0.996835443037975
GH16_4.hmm	316	Zoorad1|Zoorad1_426563	370	3e-108	1	315	16	354	0.993670886075949
GH16_4.hmm	316	Zoorad1|Zoorad1_436958	399	1.2e-116	1	316	77	397	0.996835443037975
GH16_4.hmm	316	Zoorad1|Zoorad1_443098	365	5.2e-114	1	316	31	362	0.996835443037975
GH16_4.hmm	316	Zoorad1|Zoorad1_444006	520	1.1e-116	1	316	164	514	0.996835443037975
GH16_4.hmm	316	Zoorad1|Zoorad1_466300	531	2.2e-106	1	315	174	512	0.993670886075949
GH16_4.hmm	316	Zoorad1|Zoorad1_466318	462	1.1e-108	1	316	109	450	0.996835443037975
GH16_4.hmm	316	Zoorad1|Zoorad1_474538	462	1.1e-108	1	316	109	450	0.996835443037975
GH16_4.hmm	316	Zoorad1|Zoorad1_478571	460	4.6e-106	1	316	107	448	0.996835443037975
GH16_4.hmm	316	Zoorad1|Zoorad1_671773	391	1.1e-92	3	316	47	385	0.990506329113924
GH16_4.hmm	316	Zoorad1|Zoorad1_680482	403	4.8e-107	1	315	46	385	0.993670886075949
GH16_4.hmm	316	Zoorad1|Zoorad1_684834	380	4.9e-107	1	316	27	368	0.996835443037975
GH17.hmm	311	Zoorad1|Zoorad1_392967	272	1.3e-28	11	306	5	262	0.948553054662379
GH17.hmm	311	Zoorad1|Zoorad1_395656	270	2.7e-35	12	310	5	265	0.958199356913183
GH17.hmm	311	Zoorad1|Zoorad1_437901	490	2.9e-24	2	306	212	476	0.977491961414791
GH17.hmm	311	Zoorad1|Zoorad1_447942	324	1.7e-28	9	308	58	317	0.961414790996785
GH17.hmm	311	Zoorad1|Zoorad1_452032	293	2.1e-26	2	304	23	283	0.971061093247588
GH17.hmm	311	Zoorad1|Zoorad1_457389	346	3.2e-30	11	306	85	337	0.948553054662379
GH17.hmm	311	Zoorad1|Zoorad1_473020	385	1.3e-35	2	309	110	379	0.987138263665595
GH17.hmm	311	Zoorad1|Zoorad1_480720	332	1.6e-29	13	306	73	323	0.942122186495177
GH17.hmm	311	Zoorad1|Zoorad1_485169	351	4e-30	18	308	91	343	0.932475884244373
GH18.hmm	296	Zoorad1|Zoorad1_388981	310	2.9e-18	2	222	24	282	0.743243243243243
GH18.hmm	296	Zoorad1|Zoorad1_391869	294	2.6e-43	3	203	26	285	0.675675675675676
GH18.hmm	296	Zoorad1|Zoorad1_391936	300	5.7e-23	4	198	18	262	0.655405405405405
GH18.hmm	296	Zoorad1|Zoorad1_420830	445	7.2e-79	3	284	21	405	0.949324324324324
GH18.hmm	296	Zoorad1|Zoorad1_420835	413	6.2e-76	3	284	20	404	0.949324324324324
GH18.hmm	296	Zoorad1|Zoorad1_428501	369	5.9e-22	3	199	25	270	0.662162162162162
GH18.hmm	296	Zoorad1|Zoorad1_445657	499	3.2e-76	2	285	19	401	0.956081081081081
GH18.hmm	296	Zoorad1|Zoorad1_454638	525	5.2e-61	3	285	72	452	0.952702702702703
GH18.hmm	296	Zoorad1|Zoorad1_466492	490	9.6e-73	3	284	26	408	0.949324324324324
GH18.hmm	296	Zoorad1|Zoorad1_468057	312	5.2e-21	2	203	16	239	0.679054054054054
GH18.hmm	296	Zoorad1|Zoorad1_470024	413	1.4e-76	2	284	19	390	0.952702702702703
GH18.hmm	296	Zoorad1|Zoorad1_470320	480	1.7e-26	3	203	25	274	0.675675675675676
GH18.hmm	296	Zoorad1|Zoorad1_471933	416	4.6e-84	4	284	29	405	0.945945945945946
GH18.hmm	296	Zoorad1|Zoorad1_476113	429	5e-54	5	285	22	370	0.945945945945946
GH18.hmm	296	Zoorad1|Zoorad1_486832	758	3.9e-77	2	281	309	678	0.942567567567568
GH18.hmm	296	Zoorad1|Zoorad1_488916	423	7.5e-73	2	284	18	384	0.952702702702703
GH18.hmm	296	Zoorad1|Zoorad1_488918	409	1.2e-72	2	284	18	384	0.952702702702703
GH18.hmm	296	Zoorad1|Zoorad1_493353	423	6.4e-73	2	284	18	384	0.952702702702703
GH18.hmm	296	Zoorad1|Zoorad1_508496	301	1.5e-44	92	286	3	235	0.655405405405405
GH18.hmm	296	Zoorad1|Zoorad1_850302	305	3.9e-59	52	284	11	282	0.783783783783784
GH18.hmm	296	Zoorad1|Zoorad1_868238	322	4e-16	4	203	23	245	0.672297297297297
GH20.hmm	337	Zoorad1|Zoorad1_422954	752	9.5e-33	10	329	163	479	0.946587537091988
GH20.hmm	337	Zoorad1|Zoorad1_436502	559	3.3e-96	7	336	161	498	0.976261127596439
GH20.hmm	337	Zoorad1|Zoorad1_455542	547	3.3e-97	5	336	157	497	0.982195845697329
GH20.hmm	337	Zoorad1|Zoorad1_455562	545	6e-100	5	336	156	496	0.982195845697329
GH20.hmm	337	Zoorad1|Zoorad1_455564	545	3.4e-101	5	336	156	496	0.982195845697329
GH20.hmm	337	Zoorad1|Zoorad1_495232	376	6.5e-89	21	336	1	324	0.934718100890208
GH20.hmm	337	Zoorad1|Zoorad1_507410	280	1.7e-41	4	116	168	280	0.332344213649852
GH20.hmm	337	Zoorad1|Zoorad1_516009	545	2.8e-92	4	336	155	489	0.985163204747775
GH20.hmm	337	Zoorad1|Zoorad1_673924	513	1.6e-100	7	336	119	457	0.976261127596439
GH20.hmm	337	Zoorad1|Zoorad1_679617	552	7.4e-97	4	336	155	496	0.985163204747775
GH20.hmm	337	Zoorad1|Zoorad1_848383	492	3.6e-71	5	336	140	453	0.982195845697329
GH24.hmm	137	Zoorad1|Zoorad1_379483	142	1.2e-29	3	137	2	138	0.978102189781022
GH24.hmm	137	Zoorad1|Zoorad1_399032	165	2.4e-31	1	137	17	155	0.992700729927007
GH24.hmm	137	Zoorad1|Zoorad1_849442	155	1.8e-31	2	137	7	145	0.985401459854015
GH31.hmm	427	Zoorad1|Zoorad1_427218	873	4.2e-155	3	427	245	728	0.992974238875878
GH31.hmm	427	Zoorad1|Zoorad1_442352	944	8.2e-159	2	427	347	790	0.995316159250585
GH31.hmm	427	Zoorad1|Zoorad1_446383	766	1e-69	201	427	362	591	0.529274004683841
GH31.hmm	427	Zoorad1|Zoorad1_477200	907	1.9e-152	3	427	242	725	0.992974238875878
GH35.hmm	307	Zoorad1|Zoorad1_396253	1047	7.6e-51	37	303	1	345	0.866449511400652
GH37.hmm	491	Zoorad1|Zoorad1_420450	583	2.5e-74	4	375	51	449	0.755600814663951
GH37.hmm	491	Zoorad1|Zoorad1_445110	642	4.5e-152	3	489	71	614	0.989816700610998
GH37.hmm	491	Zoorad1|Zoorad1_449478	625	1.5e-149	3	491	49	591	0.993890020366599
GH37.hmm	491	Zoorad1|Zoorad1_477829	916	6.2e-142	4	489	159	712	0.987780040733198
GH37.hmm	491	Zoorad1|Zoorad1_486686	597	5.8e-143	3	490	41	582	0.991853360488798
GH38.hmm	269	Zoorad1|Zoorad1_396934	1054	3e-83	3	255	256	507	0.936802973977695
GH38.hmm	269	Zoorad1|Zoorad1_686646	1074	3.1e-83	3	255	273	524	0.936802973977695
GH3.hmm	216	Zoorad1|Zoorad1_390705	740	3.1e-58	4	207	87	306	0.939814814814815
GH3.hmm	216	Zoorad1|Zoorad1_396136	737	8.7e-64	4	215	88	315	0.976851851851852
GH3.hmm	216	Zoorad1|Zoorad1_421358	769	5.2e-60	4	216	123	351	0.981481481481482
GH3.hmm	216	Zoorad1|Zoorad1_453244	808	4.3e-58	4	214	123	349	0.972222222222222
GH3.hmm	216	Zoorad1|Zoorad1_454773	556	3.2e-20	101	215	4	135	0.527777777777778
GH3.hmm	216	Zoorad1|Zoorad1_474852	760	7.3e-63	4	215	111	338	0.976851851851852
GH3.hmm	216	Zoorad1|Zoorad1_49368	769	3.8e-61	4	208	123	342	0.944444444444444
GH3.hmm	216	Zoorad1|Zoorad1_860883	769	1.1e-58	4	215	123	350	0.976851851851852
GH47.hmm	446	Zoorad1|Zoorad1_391502	495	3.8e-152	1	446	22	475	0.997757847533632
GH47.hmm	446	Zoorad1|Zoorad1_394935	549	6.1e-148	1	446	45	533	0.997757847533632
GH47.hmm	446	Zoorad1|Zoorad1_413496	500	1.5e-112	2	445	70	498	0.993273542600897
GH47.hmm	446	Zoorad1|Zoorad1_461335	567	1.1e-153	1	446	95	564	0.997757847533632
GH47.hmm	446	Zoorad1|Zoorad1_463828	528	4.4e-113	2	445	81	509	0.993273542600897
GH47.hmm	446	Zoorad1|Zoorad1_465079	477	2.8e-120	2	445	46	474	0.993273542600897
GH47.hmm	446	Zoorad1|Zoorad1_470456	562	4.6e-146	1	446	90	545	0.997757847533632
GH47.hmm	446	Zoorad1|Zoorad1_470745	474	2.2e-143	1	446	41	472	0.997757847533632
GH47.hmm	446	Zoorad1|Zoorad1_472087	480	1.5e-119	2	446	49	478	0.995515695067265
GH47.hmm	446	Zoorad1|Zoorad1_473597	678	6.1e-138	1	445	34	469	0.995515695067265
GH47.hmm	446	Zoorad1|Zoorad1_475514	477	8.5e-120	2	446	48	477	0.995515695067265
GH47.hmm	446	Zoorad1|Zoorad1_481358	478	1.5e-123	2	446	48	476	0.995515695067265
GH47.hmm	446	Zoorad1|Zoorad1_493921	477	2.8e-120	2	445	46	474	0.993273542600897
GH47.hmm	446	Zoorad1|Zoorad1_685437	480	6.8e-119	2	446	49	478	0.995515695067265
GH47.hmm	446	Zoorad1|Zoorad1_853369	548	1.6e-145	1	446	78	542	0.997757847533632
GH5_12.hmm	539	Zoorad1|Zoorad1_176222	747	1.6e-188	2	539	24	558	0.996289424860853
GH5_12.hmm	539	Zoorad1|Zoorad1_392651	768	9.1e-180	1	539	26	536	0.998144712430427
GH5_12.hmm	539	Zoorad1|Zoorad1_403679	559	9.4e-178	2	539	23	545	0.996289424860853
GH5_12.hmm	539	Zoorad1|Zoorad1_858756	738	1.4e-188	3	539	25	558	0.99443413729128
GH5_9.hmm	303	Zoorad1|Zoorad1_232493	504	1.1e-75	1	303	162	473	0.996699669966997
GH5_9.hmm	303	Zoorad1|Zoorad1_387223	479	5.3e-77	1	302	124	447	0.993399339933993
GH5_9.hmm	303	Zoorad1|Zoorad1_387905	456	4.5e-76	1	303	113	425	0.996699669966997
GH5_9.hmm	303	Zoorad1|Zoorad1_396202	401	6e-86	1	303	53	369	0.996699669966997
GH5_9.hmm	303	Zoorad1|Zoorad1_443976	505	6e-76	1	303	162	474	0.996699669966997
GH5_9.hmm	303	Zoorad1|Zoorad1_443991	504	4.4e-74	1	303	162	473	0.996699669966997
GH5_9.hmm	303	Zoorad1|Zoorad1_444005	520	1.6e-106	1	303	173	487	0.996699669966997
GH5_9.hmm	303	Zoorad1|Zoorad1_455097	405	8.4e-84	1	303	65	345	0.996699669966997
GH5_9.hmm	303	Zoorad1|Zoorad1_466087	401	2.5e-104	2	303	74	375	0.993399339933993
GH5_9.hmm	303	Zoorad1|Zoorad1_466106	416	1.5e-106	1	303	79	389	0.996699669966997
GH5_9.hmm	303	Zoorad1|Zoorad1_475648	529	3.3e-101	1	303	183	499	0.996699669966997
GH5_9.hmm	303	Zoorad1|Zoorad1_478370	475	2.1e-86	1	303	107	424	0.996699669966997
GH5_9.hmm	303	Zoorad1|Zoorad1_480129	490	7.8e-87	1	303	117	434	0.996699669966997
GH5_9.hmm	303	Zoorad1|Zoorad1_481861	416	1e-99	1	303	79	390	0.996699669966997
GH5_9.hmm	303	Zoorad1|Zoorad1_512302	421	2.2e-87	1	303	71	388	0.996699669966997
GH5_9.hmm	303	Zoorad1|Zoorad1_65823	416	1.9e-79	1	303	81	361	0.996699669966997
GH5_9.hmm	303	Zoorad1|Zoorad1_680435	422	9.5e-101	1	303	85	396	0.996699669966997
GH5_9.hmm	303	Zoorad1|Zoorad1_680436	416	5.3e-103	1	303	79	390	0.996699669966997
GH5_9.hmm	303	Zoorad1|Zoorad1_680438	407	3.9e-96	10	303	78	381	0.966996699669967
GH5_9.hmm	303	Zoorad1|Zoorad1_681553	419	5.9e-69	1	303	93	359	0.996699669966997
GH5_9.hmm	303	Zoorad1|Zoorad1_861207	365	4.1e-64	1	303	60	321	0.996699669966997
GH5_9.hmm	303	Zoorad1|Zoorad1_861208	385	1.4e-81	1	303	65	344	0.996699669966997
GH5_9.hmm	303	Zoorad1|Zoorad1_863278	411	1.6e-105	1	303	73	385	0.996699669966997
GH5_9.hmm	303	Zoorad1|Zoorad1_863791	491	1.7e-87	1	303	117	434	0.996699669966997
GH5_9.hmm	303	Zoorad1|Zoorad1_9848	418	9.8e-108	1	303	80	391	0.996699669966997
GH63.hmm	570	Zoorad1|Zoorad1_449057	858	4.3e-28	319	567	642	856	0.435087719298246
GH72.hmm	312	Zoorad1|Zoorad1_379184	461	5.2e-121	3	311	17	314	0.987179487179487
GH72.hmm	312	Zoorad1|Zoorad1_381020	418	3.4e-63	3	291	9	289	0.923076923076923
GH72.hmm	312	Zoorad1|Zoorad1_397378	517	7e-50	3	296	23	307	0.939102564102564
GH72.hmm	312	Zoorad1|Zoorad1_399133	448	8.8e-49	3	277	23	281	0.878205128205128
GH72.hmm	312	Zoorad1|Zoorad1_412314	511	1e-97	4	309	20	319	0.977564102564103
GH72.hmm	312	Zoorad1|Zoorad1_427768	496	9.5e-58	4	289	22	298	0.913461538461538
GH72.hmm	312	Zoorad1|Zoorad1_438584	443	6e-108	3	306	15	302	0.971153846153846
GH72.hmm	312	Zoorad1|Zoorad1_438588	443	7.6e-107	3	309	15	305	0.980769230769231
GH72.hmm	312	Zoorad1|Zoorad1_438596	566	3.8e-111	4	311	16	313	0.983974358974359
GH72.hmm	312	Zoorad1|Zoorad1_440159	494	2.6e-98	5	301	17	304	0.948717948717949
GH72.hmm	312	Zoorad1|Zoorad1_448040	529	4.1e-112	3	310	15	312	0.983974358974359
GH72.hmm	312	Zoorad1|Zoorad1_461270	546	7.2e-112	3	311	17	315	0.987179487179487
GH72.hmm	312	Zoorad1|Zoorad1_461326	392	2.1e-57	3	279	18	287	0.884615384615385
GH72.hmm	312	Zoorad1|Zoorad1_463889	498	1.5e-51	3	293	18	299	0.92948717948718
GH72.hmm	312	Zoorad1|Zoorad1_472814	458	1.3e-37	3	184	18	192	0.580128205128205
GH72.hmm	312	Zoorad1|Zoorad1_479510	493	5.7e-94	3	310	16	317	0.983974358974359
GH72.hmm	312	Zoorad1|Zoorad1_481432	504	2e-118	4	312	15	324	0.987179487179487
GH72.hmm	312	Zoorad1|Zoorad1_481858	533	3.2e-109	3	311	18	315	0.987179487179487
GH72.hmm	312	Zoorad1|Zoorad1_481867	586	9.7e-122	3	311	17	316	0.987179487179487
GH72.hmm	312	Zoorad1|Zoorad1_683948	496	6.3e-52	3	279	18	287	0.884615384615385
GH72.hmm	312	Zoorad1|Zoorad1_687780	502	1.7e-49	3	278	23	295	0.881410256410256
GH72.hmm	312	Zoorad1|Zoorad1_844407	517	9.7e-50	3	296	23	307	0.939102564102564
GH72.hmm	312	Zoorad1|Zoorad1_854795	227	1.4e-45	3	212	21	225	0.669871794871795
GH74.hmm	233	Zoorad1|Zoorad1_861276	2163	2.5e-09	24	117	42	130	0.399141630901288
GH74.hmm	233	Zoorad1|Zoorad1_861276	2163	9.8e-06	13	132	753	875	0.510729613733906
GH81.hmm	622	Zoorad1|Zoorad1_457835	694	3.7e-173	9	622	66	689	0.985530546623794
GH81.hmm	622	Zoorad1|Zoorad1_479335	674	8.2e-155	8	622	38	663	0.987138263665595
GT15.hmm	273	Zoorad1|Zoorad1_116848	371	1.7e-111	1	272	60	331	0.992673992673993
GT15.hmm	273	Zoorad1|Zoorad1_386696	369	5.2e-111	1	272	59	330	0.992673992673993
GT15.hmm	273	Zoorad1|Zoorad1_403075	368	7.1e-112	2	272	59	329	0.989010989010989
GT15.hmm	273	Zoorad1|Zoorad1_411834	369	6.8e-115	2	272	59	329	0.989010989010989
GT15.hmm	273	Zoorad1|Zoorad1_412880	382	2.5e-117	1	272	65	337	0.992673992673993
GT15.hmm	273	Zoorad1|Zoorad1_434752	388	2.3e-115	1	272	71	343	0.992673992673993
GT15.hmm	273	Zoorad1|Zoorad1_439707	371	8.2e-111	2	272	62	332	0.989010989010989
GT15.hmm	273	Zoorad1|Zoorad1_439709	208	6.2e-72	105	272	1	169	0.611721611721612
GT15.hmm	273	Zoorad1|Zoorad1_439716	368	9.1e-108	2	272	59	329	0.989010989010989
GT15.hmm	273	Zoorad1|Zoorad1_439717	368	8e-109	2	272	59	329	0.989010989010989
GT15.hmm	273	Zoorad1|Zoorad1_439789	372	3.3e-122	1	272	61	331	0.992673992673993
GT15.hmm	273	Zoorad1|Zoorad1_443625	375	3.6e-113	1	272	64	335	0.992673992673993
GT15.hmm	273	Zoorad1|Zoorad1_449029	362	9.6e-121	1	272	51	321	0.992673992673993
GT15.hmm	273	Zoorad1|Zoorad1_459229	421	1e-110	1	272	63	358	0.992673992673993
GT15.hmm	273	Zoorad1|Zoorad1_493967	406	1.2e-80	1	272	82	364	0.992673992673993
GT15.hmm	273	Zoorad1|Zoorad1_508140	370	1.9e-103	1	272	75	329	0.992673992673993
GT15.hmm	273	Zoorad1|Zoorad1_676704	369	3.7e-114	1	272	37	308	0.992673992673993
GT15.hmm	273	Zoorad1|Zoorad1_845602	397	8.4e-118	1	273	86	357	0.996336996336996
GT15.hmm	273	Zoorad1|Zoorad1_849784	362	5.6e-107	1	272	51	321	0.992673992673993
GT15.hmm	273	Zoorad1|Zoorad1_860054	348	1.4e-102	1	272	52	307	0.992673992673993
GT15.hmm	273	Zoorad1|Zoorad1_866760	406	2.8e-82	1	272	82	364	0.992673992673993
GT1.hmm	382	Zoorad1|Zoorad1_136667	564	1e-26	173	362	217	453	0.494764397905759
GT1.hmm	382	Zoorad1|Zoorad1_137569	518	2.1e-26	221	358	276	452	0.358638743455497
GT1.hmm	382	Zoorad1|Zoorad1_197275	527	2.5e-23	179	351	235	420	0.450261780104712
GT1.hmm	382	Zoorad1|Zoorad1_26261	527	3.7e-23	179	353	235	422	0.455497382198953
GT1.hmm	382	Zoorad1|Zoorad1_26952	537	4.4e-26	221	380	257	453	0.416230366492147
GT1.hmm	382	Zoorad1|Zoorad1_405848	550	4.7e-28	191	380	246	468	0.494764397905759
GT1.hmm	382	Zoorad1|Zoorad1_408785	576	2.5e-23	207	327	282	434	0.31413612565445
GT1.hmm	382	Zoorad1|Zoorad1_415452	533	8e-25	180	362	239	440	0.476439790575916
GT1.hmm	382	Zoorad1|Zoorad1_423749	578	2.4e-29	89	352	133	446	0.68848167539267
GT1.hmm	382	Zoorad1|Zoorad1_437005	551	2.7e-34	191	361	246	447	0.445026178010471
GT1.hmm	382	Zoorad1|Zoorad1_440361	569	2.2e-24	216	351	287	455	0.353403141361257
GT1.hmm	382	Zoorad1|Zoorad1_440369	565	1.4e-23	221	352	284	452	0.342931937172775
GT1.hmm	382	Zoorad1|Zoorad1_440381	523	3.3e-25	221	352	238	406	0.342931937172775
GT1.hmm	382	Zoorad1|Zoorad1_440405	565	3.3e-23	221	352	284	452	0.342931937172775
GT1.hmm	382	Zoorad1|Zoorad1_440410	569	6.1e-23	221	352	287	455	0.342931937172775
GT1.hmm	382	Zoorad1|Zoorad1_440420	565	4.2e-25	198	352	265	452	0.403141361256544
GT1.hmm	382	Zoorad1|Zoorad1_440454	574	4.9e-26	183	350	240	457	0.43717277486911
GT1.hmm	382	Zoorad1|Zoorad1_442373	526	1.4e-30	127	354	155	417	0.594240837696335
GT1.hmm	382	Zoorad1|Zoorad1_445338	557	2e-20	222	344	276	433	0.319371727748691
GT1.hmm	382	Zoorad1|Zoorad1_451083	547	1.6e-29	220	381	253	466	0.421465968586387
GT1.hmm	382	Zoorad1|Zoorad1_451085	549	9.1e-32	220	381	260	468	0.421465968586387
GT1.hmm	382	Zoorad1|Zoorad1_451086	549	7e-30	191	381	248	468	0.49738219895288
GT1.hmm	382	Zoorad1|Zoorad1_462471	532	8.3e-22	181	353	225	413	0.450261780104712
GT1.hmm	382	Zoorad1|Zoorad1_463197	558	7.1e-24	221	363	278	457	0.371727748691099
GT1.hmm	382	Zoorad1|Zoorad1_463201	549	5.9e-22	220	351	275	444	0.342931937172775
GT1.hmm	382	Zoorad1|Zoorad1_463207	553	5.6e-22	225	361	282	457	0.356020942408377
GT1.hmm	382	Zoorad1|Zoorad1_463215	578	2.4e-29	89	352	133	446	0.68848167539267
GT1.hmm	382	Zoorad1|Zoorad1_463222	581	3.7e-29	91	327	138	424	0.617801047120419
GT1.hmm	382	Zoorad1|Zoorad1_481605	540	6.7e-23	220	351	259	428	0.342931937172775
GT1.hmm	382	Zoorad1|Zoorad1_484959	561	3.1e-25	181	353	271	456	0.450261780104712
GT1.hmm	382	Zoorad1|Zoorad1_484961	526	1.1e-25	181	353	236	421	0.450261780104712
GT1.hmm	382	Zoorad1|Zoorad1_486087	584	9.8e-27	177	346	251	452	0.442408376963351
GT1.hmm	382	Zoorad1|Zoorad1_492024	535	3.7e-25	165	359	221	431	0.507853403141361
GT1.hmm	382	Zoorad1|Zoorad1_492384	527	2.5e-23	179	351	235	420	0.450261780104712
GT1.hmm	382	Zoorad1|Zoorad1_492385	528	1e-24	184	352	238	420	0.43979057591623
GT1.hmm	382	Zoorad1|Zoorad1_492743	535	4.9e-23	183	352	243	426	0.442408376963351
GT1.hmm	382	Zoorad1|Zoorad1_492744	536	1.4e-25	187	351	247	425	0.429319371727749
GT1.hmm	382	Zoorad1|Zoorad1_492790	532	6.8e-20	177	352	232	421	0.458115183246073
GT1.hmm	382	Zoorad1|Zoorad1_496551	530	6.2e-19	220	340	238	399	0.31413612565445
GT1.hmm	382	Zoorad1|Zoorad1_501370	364	5e-26	172	363	14	257	0.5
GT1.hmm	382	Zoorad1|Zoorad1_503152	1173	1.1e-59	5	377	689	1094	0.973821989528796
GT1.hmm	382	Zoorad1|Zoorad1_513600	530	7.9e-21	221	352	249	417	0.342931937172775
GT1.hmm	382	Zoorad1|Zoorad1_678150	481	8.1e-21	220	361	245	433	0.369109947643979
GT1.hmm	382	Zoorad1|Zoorad1_678579	555	5.4e-23	220	352	265	446	0.345549738219895
GT1.hmm	382	Zoorad1|Zoorad1_678582	578	3.8e-30	93	352	137	446	0.678010471204188
GT1.hmm	382	Zoorad1|Zoorad1_683033	538	3.2e-24	177	347	237	422	0.445026178010471
GT1.hmm	382	Zoorad1|Zoorad1_689043	538	2.3e-23	94	352	132	428	0.675392670157068
GT1.hmm	382	Zoorad1|Zoorad1_83517	535	1.8e-24	178	348	238	422	0.445026178010471
GT1.hmm	382	Zoorad1|Zoorad1_857159	585	4.6e-24	224	352	279	439	0.335078534031414
GT1.hmm	382	Zoorad1|Zoorad1_867409	512	8.9e-19	180	350	235	415	0.445026178010471
GT1.hmm	382	Zoorad1|Zoorad1_868375	513	8.8e-19	180	350	235	415	0.445026178010471
GT20.hmm	475	Zoorad1|Zoorad1_458140	474	1.7e-196	9	474	8	473	0.978947368421053
GT20.hmm	475	Zoorad1|Zoorad1_470397	772	7.7e-157	11	474	12	489	0.974736842105263
GT20.hmm	475	Zoorad1|Zoorad1_492811	764	7.3e-161	6	474	7	488	0.985263157894737
GT21.hmm	233	Zoorad1|Zoorad1_389836	479	1.1e-87	1	233	31	262	0.995708154506438
GT22.hmm	389	Zoorad1|Zoorad1_249505	583	8.7e-90	3	389	73	456	0.992287917737789
GT22.hmm	389	Zoorad1|Zoorad1_460835	649	1.8e-80	2	389	60	519	0.994858611825193
GT22.hmm	389	Zoorad1|Zoorad1_471916	665	8.9e-70	12	363	66	508	0.902313624678663
GT22.hmm	389	Zoorad1|Zoorad1_475236	797	5.5e-60	2	361	69	494	0.922879177377892
GT24.hmm	248	Zoorad1|Zoorad1_445199	1560	3e-130	1	248	1260	1507	0.995967741935484
GT28.hmm	157	Zoorad1|Zoorad1_454412	133	1.9e-12	22	113	33	125	0.579617834394904
GT2_Chitin_synth_1.hmm	163	Zoorad1|Zoorad1_392902	763	3.6e-78	1	163	94	256	0.993865030674847
GT2_Chitin_synth_1.hmm	163	Zoorad1|Zoorad1_396723	764	9.4e-76	1	163	94	256	0.993865030674847
GT2_Chitin_synth_1.hmm	163	Zoorad1|Zoorad1_482286	817	1.5e-75	1	163	147	309	0.993865030674847
GT2_Chitin_synth_1.hmm	163	Zoorad1|Zoorad1_867987	817	1.5e-75	1	163	147	309	0.993865030674847
GT2_Chitin_synth_2.hmm	527	Zoorad1|Zoorad1_197368	1805	6.9e-234	4	527	1118	1627	0.992409867172676
GT2_Chitin_synth_2.hmm	527	Zoorad1|Zoorad1_22380	1798	1.2e-229	5	526	1176	1678	0.988614800759013
GT2_Chitin_synth_2.hmm	527	Zoorad1|Zoorad1_247297	1840	2.6e-230	4	526	1143	1649	0.990512333965844
GT2_Chitin_synth_2.hmm	527	Zoorad1|Zoorad1_392902	763	2.4e-22	204	390	234	426	0.352941176470588
GT2_Chitin_synth_2.hmm	527	Zoorad1|Zoorad1_396723	764	7.2e-22	204	375	234	410	0.324478178368121
GT2_Chitin_synth_2.hmm	527	Zoorad1|Zoorad1_402943	1791	9.6e-218	4	526	1053	1559	0.990512333965844
GT2_Chitin_synth_2.hmm	527	Zoorad1|Zoorad1_403028	968	2.3e-250	21	526	381	877	0.958254269449715
GT2_Chitin_synth_2.hmm	527	Zoorad1|Zoorad1_417330	944	2.8e-225	4	526	428	937	0.990512333965844
GT2_Chitin_synth_2.hmm	527	Zoorad1|Zoorad1_423863	1132	4.4e-262	17	527	471	975	0.967741935483871
GT2_Chitin_synth_2.hmm	527	Zoorad1|Zoorad1_437294	1547	3.1e-232	18	526	737	1233	0.963946869070209
GT2_Chitin_synth_2.hmm	527	Zoorad1|Zoorad1_441598	845	1.6e-25	204	522	310	613	0.603415559772296
GT2_Chitin_synth_2.hmm	527	Zoorad1|Zoorad1_480550	939	3.3e-24	204	500	332	614	0.561669829222011
GT2_Chitin_synth_2.hmm	527	Zoorad1|Zoorad1_482286	817	1.3e-22	204	374	287	462	0.32258064516129
GT2_Chitin_synth_2.hmm	527	Zoorad1|Zoorad1_496725	1034	1.6e-69	27	491	287	723	0.88045540796964
GT2_Chitin_synth_2.hmm	527	Zoorad1|Zoorad1_519841	1825	5.1e-127	14	453	1371	1805	0.833017077798861
GT2_Chitin_synth_2.hmm	527	Zoorad1|Zoorad1_62901	1171	2.6e-284	11	527	578	1093	0.979127134724858
GT2_Chitin_synth_2.hmm	527	Zoorad1|Zoorad1_849345	1216	3.2e-77	27	492	350	788	0.882352941176471
GT2_Chitin_synth_2.hmm	527	Zoorad1|Zoorad1_853860	1923	1.1e-208	4	527	1224	1739	0.992409867172676
GT2_Chitin_synth_2.hmm	527	Zoorad1|Zoorad1_864142	1819	5.3e-230	4	527	1178	1685	0.992409867172676
GT2_Chitin_synth_2.hmm	527	Zoorad1|Zoorad1_864452	982	4.5e-247	18	526	375	874	0.963946869070209
GT2_Chitin_synth_2.hmm	527	Zoorad1|Zoorad1_866609	982	4.5e-247	18	526	375	874	0.963946869070209
GT2_Chitin_synth_2.hmm	527	Zoorad1|Zoorad1_867342	1796	7.3e-230	6	526	1122	1627	0.986717267552182
GT2_Chitin_synth_2.hmm	527	Zoorad1|Zoorad1_867987	817	1.3e-22	204	374	287	462	0.32258064516129
GT2_Glycos_transf_2.hmm	170	Zoorad1|Zoorad1_470353	238	1.9e-33	1	169	6	176	0.988235294117647
GT2_Glycos_transf_2.hmm	170	Zoorad1|Zoorad1_481552	329	8.5e-23	1	164	64	240	0.958823529411765
GT2_Glyco_trans_2_3.hmm	197	Zoorad1|Zoorad1_392029	570	5.8e-24	3	191	297	516	0.954314720812183
GT2_Glyco_trans_2_3.hmm	197	Zoorad1|Zoorad1_397631	520	2.6e-24	3	193	237	458	0.964467005076142
GT33.hmm	425	Zoorad1|Zoorad1_440004	449	6.5e-143	3	424	3	445	0.990588235294118
GT35.hmm	674	Zoorad1|Zoorad1_404970	902	1.5e-273	3	673	163	878	0.99406528189911
GT39.hmm	223	Zoorad1|Zoorad1_475313	764	4.1e-55	2	223	79	319	0.991031390134529
GT39.hmm	223	Zoorad1|Zoorad1_475378	780	1.2e-68	2	223	87	324	0.991031390134529
GT39.hmm	223	Zoorad1|Zoorad1_487443	846	1.8e-71	2	223	80	321	0.991031390134529
GT39.hmm	223	Zoorad1|Zoorad1_508111	645	1.6e-56	29	223	6	217	0.869955156950673
GT39.hmm	223	Zoorad1|Zoorad1_863807	738	5e-62	4	223	66	303	0.982062780269058
GT3.hmm	637	Zoorad1|Zoorad1_484667	698	1.8e-290	1	624	18	636	0.978021978021978
GT3.hmm	637	Zoorad1|Zoorad1_867732	698	1.8e-290	1	624	18	636	0.978021978021978
GT41.hmm	705	Zoorad1|Zoorad1_504504	1584	3.6e-49	297	527	1153	1477	0.326241134751773
GT48.hmm	739	Zoorad1|Zoorad1_393694	1809	1.7e-294	3	720	760	1534	0.970230040595399
GT48.hmm	739	Zoorad1|Zoorad1_403356	1810	2.2e-280	1	723	782	1558	0.976995940460081
GT48.hmm	739	Zoorad1|Zoorad1_409393	1793	1.7e-285	1	722	789	1557	0.975642760487145
GT48.hmm	739	Zoorad1|Zoorad1_485812	1932	1.4e-287	3	721	873	1643	0.971583220568336
GT48.hmm	739	Zoorad1|Zoorad1_686067	1957	2.7e-283	3	727	860	1631	0.979702300405954
GT4.hmm	160	Zoorad1|Zoorad1_435148	446	1.1e-31	6	140	193	325	0.8375
GT4.hmm	160	Zoorad1|Zoorad1_460757	461	4.1e-34	9	158	211	384	0.93125
GT4.hmm	160	Zoorad1|Zoorad1_466611	498	2.1e-22	8	134	292	435	0.7875
GT50.hmm	262	Zoorad1|Zoorad1_468007	479	3.7e-88	1	261	141	442	0.99236641221374
GT57.hmm	481	Zoorad1|Zoorad1_452636	510	1.2e-166	3	480	10	502	0.991683991683992
GT57.hmm	481	Zoorad1|Zoorad1_456546	557	8.3e-140	2	480	77	535	0.993762993762994
GT58.hmm	364	Zoorad1|Zoorad1_447699	456	1.4e-132	4	364	67	425	0.989010989010989
GT59.hmm	404	Zoorad1|Zoorad1_490709	548	1.4e-93	2	404	62	489	0.995049504950495
GT66.hmm	693	Zoorad1|Zoorad1_398440	731	7.6e-183	11	600	15	656	0.84992784992785
GT69.hmm	239	Zoorad1|Zoorad1_387274	441	4.3e-60	2	238	115	377	0.98744769874477
GT69.hmm	239	Zoorad1|Zoorad1_425365	447	2.9e-63	2	238	123	373	0.98744769874477
GT69.hmm	239	Zoorad1|Zoorad1_441401	461	1.1e-57	2	237	115	395	0.98326359832636
GT69.hmm	239	Zoorad1|Zoorad1_441412	524	1.3e-54	2	237	121	423	0.98326359832636
GT69.hmm	239	Zoorad1|Zoorad1_499196	379	2.4e-55	1	238	56	315	0.99163179916318
GT69.hmm	239	Zoorad1|Zoorad1_513770	460	2.4e-57	2	238	115	395	0.98744769874477
GT69.hmm	239	Zoorad1|Zoorad1_858684	357	3.5e-54	2	238	12	282	0.98744769874477
GT69.hmm	239	Zoorad1|Zoorad1_858685	502	1.3e-59	2	238	115	397	0.98744769874477
GT76.hmm	407	Zoorad1|Zoorad1_448433	445	2.2e-107	1	407	18	445	0.997542997542998
GT76.hmm	407	Zoorad1|Zoorad1_448435	450	1.7e-103	1	407	22	450	0.997542997542998
GT76.hmm	407	Zoorad1|Zoorad1_838434	445	1e-102	2	406	19	444	0.992628992628993
GT87.hmm	231	Zoorad1|Zoorad1_434891	344	3.6e-06	90	203	219	338	0.489177489177489
GT8.hmm	257	Zoorad1|Zoorad1_103172	345	2.3e-43	17	255	8	240	0.926070038910506
GT8.hmm	257	Zoorad1|Zoorad1_103442	345	2.3e-43	17	255	8	240	0.926070038910506
GT8.hmm	257	Zoorad1|Zoorad1_475002	342	1.2e-35	32	254	14	294	0.863813229571984
PL9_4.hmm	141	Zoorad1|Zoorad1_474966	202	0.00071	50	97	48	95	0.333333333333333
